bet_id,game_id,market,price,stake,result,closing_price,pnl,our_dec,close_dec,clv,run_date
2023_04_KC_NYJ_spread,2023_04_KC_NYJ,spread,-110.0,76.0,win,-115.0,69.0909090909091,1.9090909090909087,1.869565217391304,0.0395256916996049,2025-10-13
2024_15_BAL_NYG_spread,2024_15_BAL_NYG,spread,-110.0,76.0,lose,-110.0,-76.0,1.9090909090909087,1.9090909090909087,0.0,2025-10-13
2021_10_BAL_MIA_spread,2021_10_BAL_MIA,spread,-110.0,76.0,pending,,0.0,1.9090909090909087,,,2025-10-13
2021_10_BUF_NYJ_spread,2021_10_BUF_NYJ,spread,-110.0,68.0,pending,,0.0,1.9090909090909087,,,2025-10-13
2020_06_BAL_PHI_spread,2020_06_BAL_PHI,spread,-110.0,68.0,pending,,0.0,1.9090909090909087,,,2025-10-13
2021_15_DAL_NYG_spread,2021_15_DAL_NYG,spread,-110.0,68.0,pending,,0.0,1.9090909090909087,,,2025-10-13
2022_12_BUF_DET_spread,2022_12_BUF_DET,spread,-110.0,68.0,pending,,0.0,1.9090909090909087,,,2025-10-13
2019_16_BAL_CLE_spread,2019_16_BAL_CLE,spread,-110.0,0.0,pending,,0.0,1.9090909090909087,,,2025-10-13
2020_17_BAL_CIN_spread,2020_17_BAL_CIN,spread,-110.0,0.0,pending,,0.0,1.9090909090909087,,,2025-10-13
2021_15_ARI_DET_spread,2021_15_ARI_DET,spread,-110.0,0.0,pending,,0.0,1.9090909090909087,,,2025-10-13
2022_09_BUF_NYJ_spread,2022_09_BUF_NYJ,spread,-110.0,0.0,pending,,0.0,1.9090909090909087,,,2025-10-13
2021_08_CIN_NYJ_spread,2021_08_CIN_NYJ,spread,-110.0,0.0,pending,,0.0,1.9090909090909087,,,2025-10-13
2023_15_KC_NE_spread,2023_15_KC_NE,spread,-110.0,0.0,pending,,0.0,1.9090909090909087,,,2025-10-13
2020_18_TB_WAS_spread,2020_18_TB_WAS,spread,-110.0,0.0,pending,,0.0,1.9090909090909087,,,2025-10-13
2021_13_ARI_CHI_spread,2021_13_ARI_CHI,spread,-110.0,0.0,pending,,0.0,1.9090909090909087,,,2025-10-13
2021_04_KC_PHI_spread,2021_04_KC_PHI,spread,-110.0,0.0,pending,,0.0,1.9090909090909087,,,2025-10-13
2023_01_ARI_WAS_spread,2023_01_ARI_WAS,spread,-110.0,0.0,pending,,0.0,1.9090909090909087,,,2025-10-13
2023_01_ARI_WAS_spread,2023_01_ARI_WAS,spread,-110.0,0.0,pending,,0.0,1.9090909090909087,,,2025-10-13
2023_01_ARI_WAS_spread,2023_01_ARI_WAS,spread,-110.0,0.0,pending,,0.0,1.9090909090909087,,,2025-10-13
2019_01_ATL_MIN_spread,2019_01_ATL_MIN,spread,-110.0,0.0,pending,,0.0,1.9090909090909087,,,2025-10-13
2022_21_SF_PHI_spread,2022_21_SF_PHI,spread,-110.0,0.0,pending,,0.0,1.9090909090909087,,,2025-10-13
2022_21_SF_PHI_spread,2022_21_SF_PHI,spread,-110.0,0.0,pending,,0.0,1.9090909090909087,,,2025-10-13
2022_21_SF_PHI_spread,2022_21_SF_PHI,spread,-110.0,0.0,pending,,0.0,1.9090909090909087,,,2025-10-13
2023_01_BUF_NYJ_spread,2023_01_BUF_NYJ,spread,-110.0,0.0,pending,,0.0,1.9090909090909087,,,2025-10-13
2023_01_CIN_CLE_spread,2023_01_CIN_CLE,spread,-110.0,0.0,pending,,0.0,1.9090909090909087,,,2025-10-13
2023_01_CAR_ATL_spread,2023_01_CAR_ATL,spread,-110.0,0.0,pending,,0.0,1.9090909090909087,,,2025-10-13
2023_01_CAR_ATL_spread,2023_01_CAR_ATL,spread,-110.0,0.0,pending,,0.0,1.9090909090909087,,,2025-10-13
2023_02_LAC_TEN_spread,2023_02_LAC_TEN,spread,-110.0,0.0,pending,,0.0,1.9090909090909087,,,2025-10-13
2023_02_LAC_TEN_spread,2023_02_LAC_TEN,spread,-110.0,0.0,pending,,0.0,1.9090909090909087,,,2025-10-13
2023_02_LAC_TEN_spread,2023_02_LAC_TEN,spread,-110.0,0.0,pending,,0.0,1.9090909090909087,,,2025-10-13
2023_02_MIA_NE_spread,2023_02_MIA_NE,spread,-110.0,0.0,pending,,0.0,1.9090909090909087,,,2025-10-13
2023_03_ATL_DET_spread,2023_03_ATL_DET,spread,-110.0,0.0,pending,,0.0,1.9090909090909087,,,2025-10-13
2023_03_ATL_DET_spread,2023_03_ATL_DET,spread,-110.0,0.0,pending,,0.0,1.9090909090909087,,,2025-10-13
2023_03_ATL_DET_spread,2023_03_ATL_DET,spread,-110.0,0.0,pending,,0.0,1.9090909090909087,,,2025-10-13
2023_03_HOU_JAX_spread,2023_03_HOU_JAX,spread,-110.0,0.0,pending,,0.0,1.9090909090909087,,,2025-10-13
2023_03_HOU_JAX_spread,2023_03_HOU_JAX,spread,-110.0,0.0,pending,,0.0,1.9090909090909087,,,2025-10-13
2023_03_HOU_JAX_spread,2023_03_HOU_JAX,spread,-110.0,0.0,pending,,0.0,1.9090909090909087,,,2025-10-13
2023_03_IND_BAL_spread,2023_03_IND_BAL,spread,-110.0,0.0,pending,,0.0,1.9090909090909087,,,2025-10-13
2023_03_IND_BAL_spread,2023_03_IND_BAL,spread,-110.0,0.0,pending,,0.0,1.9090909090909087,,,2025-10-13
2023_02_GB_ATL_spread,2023_02_GB_ATL,spread,-110.0,0.0,pending,,0.0,1.9090909090909087,,,2025-10-13
2023_02_GB_ATL_spread,2023_02_GB_ATL,spread,-110.0,0.0,pending,,0.0,1.9090909090909087,,,2025-10-13
2023_02_GB_ATL_spread,2023_02_GB_ATL,spread,-110.0,0.0,pending,,0.0,1.9090909090909087,,,2025-10-13
2023_02_BAL_CIN_spread,2023_02_BAL_CIN,spread,-110.0,0.0,pending,,0.0,1.9090909090909087,,,2025-10-13
2023_01_CAR_ATL_spread,2023_01_CAR_ATL,spread,-110.0,0.0,pending,,0.0,1.9090909090909087,,,2025-10-13
2023_01_CIN_CLE_spread,2023_01_CIN_CLE,spread,-110.0,0.0,pending,,0.0,1.9090909090909087,,,2025-10-13
2023_01_CIN_CLE_spread,2023_01_CIN_CLE,spread,-110.0,0.0,pending,,0.0,1.9090909090909087,,,2025-10-13
2023_02_BAL_CIN_spread,2023_02_BAL_CIN,spread,-110.0,0.0,pending,,0.0,1.9090909090909087,,,2025-10-13
2023_02_BAL_CIN_spread,2023_02_BAL_CIN,spread,-110.0,0.0,pending,,0.0,1.9090909090909087,,,2025-10-13
2023_02_CLE_PIT_spread,2023_02_CLE_PIT,spread,-110.0,0.0,pending,,0.0,1.9090909090909087,,,2025-10-13
2023_02_CLE_PIT_spread,2023_02_CLE_PIT,spread,-110.0,0.0,pending,,0.0,1.9090909090909087,,,2025-10-13
2023_02_CLE_PIT_spread,2023_02_CLE_PIT,spread,-110.0,0.0,pending,,0.0,1.9090909090909087,,,2025-10-13
2022_21_CIN_KC_spread,2022_21_CIN_KC,spread,-110.0,0.0,pending,,0.0,1.9090909090909087,,,2025-10-13
2022_20_CIN_BUF_spread,2022_20_CIN_BUF,spread,-110.0,0.0,pending,,0.0,1.9090909090909087,,,2025-10-13
2022_19_MIA_BUF_spread,2022_19_MIA_BUF,spread,-110.0,0.0,pending,,0.0,1.9090909090909087,,,2025-10-13
2022_19_SEA_SF_spread,2022_19_SEA_SF,spread,-110.0,0.0,pending,,0.0,1.9090909090909087,,,2025-10-13
2022_19_SEA_SF_spread,2022_19_SEA_SF,spread,-110.0,0.0,pending,,0.0,1.9090909090909087,,,2025-10-13
2022_19_SEA_SF_spread,2022_19_SEA_SF,spread,-110.0,0.0,pending,,0.0,1.9090909090909087,,,2025-10-13
2022_20_CIN_BUF_spread,2022_20_CIN_BUF,spread,-110.0,0.0,pending,,0.0,1.9090909090909087,,,2025-10-13
2022_20_CIN_BUF_spread,2022_20_CIN_BUF,spread,-110.0,0.0,pending,,0.0,1.9090909090909087,,,2025-10-13
2022_19_MIA_BUF_spread,2022_19_MIA_BUF,spread,-110.0,0.0,pending,,0.0,1.9090909090909087,,,2025-10-13
2022_19_MIA_BUF_spread,2022_19_MIA_BUF,spread,-110.0,0.0,pending,,0.0,1.9090909090909087,,,2025-10-13
2022_19_BAL_CIN_spread,2022_19_BAL_CIN,spread,-110.0,0.0,pending,,0.0,1.9090909090909087,,,2025-10-13
2022_19_BAL_CIN_spread,2022_19_BAL_CIN,spread,-110.0,0.0,pending,,0.0,1.9090909090909087,,,2025-10-13
2022_19_BAL_CIN_spread,2022_19_BAL_CIN,spread,-110.0,0.0,pending,,0.0,1.9090909090909087,,,2025-10-13
2022_20_DAL_SF_spread,2022_20_DAL_SF,spread,-110.0,0.0,pending,,0.0,1.9090909090909087,,,2025-10-13
2022_20_DAL_SF_spread,2022_20_DAL_SF,spread,-110.0,0.0,pending,,0.0,1.9090909090909087,,,2025-10-13
2022_20_DAL_SF_spread,2022_20_DAL_SF,spread,-110.0,0.0,pending,,0.0,1.9090909090909087,,,2025-10-13
2022_21_CIN_KC_spread,2022_21_CIN_KC,spread,-110.0,0.0,pending,,0.0,1.9090909090909087,,,2025-10-13
2022_21_CIN_KC_spread,2022_21_CIN_KC,spread,-110.0,0.0,pending,,0.0,1.9090909090909087,,,2025-10-13
2023_03_IND_BAL_spread,2023_03_IND_BAL,spread,-110.0,0.0,pending,,0.0,1.9090909090909087,,,2025-10-13
2023_03_NE_NYJ_spread,2023_03_NE_NYJ,spread,-110.0,0.0,pending,,0.0,1.9090909090909087,,,2025-10-13
2023_03_NE_NYJ_spread,2023_03_NE_NYJ,spread,-110.0,0.0,pending,,0.0,1.9090909090909087,,,2025-10-13
2023_09_SEA_BAL_spread,2023_09_SEA_BAL,spread,-110.0,0.0,pending,,0.0,1.9090909090909087,,,2025-10-13
2023_09_MIN_ATL_spread,2023_09_MIN_ATL,spread,-110.0,0.0,pending,,0.0,1.9090909090909087,,,2025-10-13
2023_09_MIN_ATL_spread,2023_09_MIN_ATL,spread,-110.0,0.0,pending,,0.0,1.9090909090909087,,,2025-10-13
2023_09_MIN_ATL_spread,2023_09_MIN_ATL,spread,-110.0,0.0,pending,,0.0,1.9090909090909087,,,2025-10-13
2023_09_NYG_LV_spread,2023_09_NYG_LV,spread,-110.0,0.0,pending,,0.0,1.9090909090909087,,,2025-10-13
2023_09_NYG_LV_spread,2023_09_NYG_LV,spread,-110.0,0.0,pending,,0.0,1.9090909090909087,,,2025-10-13
2023_09_NYG_LV_spread,2023_09_NYG_LV,spread,-110.0,0.0,pending,,0.0,1.9090909090909087,,,2025-10-13
2023_09_SEA_BAL_spread,2023_09_SEA_BAL,spread,-110.0,0.0,pending,,0.0,1.9090909090909087,,,2025-10-13
2023_08_CIN_SF_spread,2023_08_CIN_SF,spread,-110.0,0.0,pending,,0.0,1.9090909090909087,,,2025-10-13
2023_09_SEA_BAL_spread,2023_09_SEA_BAL,spread,-110.0,0.0,pending,,0.0,1.9090909090909087,,,2025-10-13
2023_10_CLE_BAL_spread,2023_10_CLE_BAL,spread,-110.0,0.0,pending,,0.0,1.9090909090909087,,,2025-10-13
2023_10_CLE_BAL_spread,2023_10_CLE_BAL,spread,-110.0,0.0,pending,,0.0,1.9090909090909087,,,2025-10-13
2023_10_CLE_BAL_spread,2023_10_CLE_BAL,spread,-110.0,0.0,pending,,0.0,1.9090909090909087,,,2025-10-13
2023_10_HOU_CIN_spread,2023_10_HOU_CIN,spread,-110.0,0.0,pending,,0.0,1.9090909090909087,,,2025-10-13
2023_09_DAL_PHI_spread,2023_09_DAL_PHI,spread,-110.0,0.0,pending,,0.0,1.9090909090909087,,,2025-10-13
2023_09_DAL_PHI_spread,2023_09_DAL_PHI,spread,-110.0,0.0,pending,,0.0,1.9090909090909087,,,2025-10-13
2023_09_DAL_PHI_spread,2023_09_DAL_PHI,spread,-110.0,0.0,pending,,0.0,1.9090909090909087,,,2025-10-13
2023_08_CIN_SF_spread,2023_08_CIN_SF,spread,-110.0,0.0,pending,,0.0,1.9090909090909087,,,2025-10-13
2023_08_JAX_PIT_spread,2023_08_JAX_PIT,spread,-110.0,0.0,pending,,0.0,1.9090909090909087,,,2025-10-13
2023_08_JAX_PIT_spread,2023_08_JAX_PIT,spread,-110.0,0.0,pending,,0.0,1.9090909090909087,,,2025-10-13
2023_08_JAX_PIT_spread,2023_08_JAX_PIT,spread,-110.0,0.0,pending,,0.0,1.9090909090909087,,,2025-10-13
2023_08_LA_DAL_spread,2023_08_LA_DAL,spread,-110.0,0.0,pending,,0.0,1.9090909090909087,,,2025-10-13
2023_08_LA_DAL_spread,2023_08_LA_DAL,spread,-110.0,0.0,pending,,0.0,1.9090909090909087,,,2025-10-13
2023_08_LA_DAL_spread,2023_08_LA_DAL,spread,-110.0,0.0,pending,,0.0,1.9090909090909087,,,2025-10-13
2023_08_NE_MIA_spread,2023_08_NE_MIA,spread,-110.0,0.0,pending,,0.0,1.9090909090909087,,,2025-10-13
2023_09_BUF_CIN_spread,2023_09_BUF_CIN,spread,-110.0,0.0,pending,,0.0,1.9090909090909087,,,2025-10-13
2023_09_BUF_CIN_spread,2023_09_BUF_CIN,spread,-110.0,0.0,pending,,0.0,1.9090909090909087,,,2025-10-13
2023_09_BUF_CIN_spread,2023_09_BUF_CIN,spread,-110.0,0.0,pending,,0.0,1.9090909090909087,,,2025-10-13
2023_10_HOU_CIN_spread,2023_10_HOU_CIN,spread,-110.0,0.0,pending,,0.0,1.9090909090909087,,,2025-10-13
2023_10_HOU_CIN_spread,2023_10_HOU_CIN,spread,-110.0,0.0,pending,,0.0,1.9090909090909087,,,2025-10-13
2023_11_NYG_WAS_spread,2023_11_NYG_WAS,spread,-110.0,0.0,pending,,0.0,1.9090909090909087,,,2025-10-13
2023_11_NYG_WAS_spread,2023_11_NYG_WAS,spread,-110.0,0.0,pending,,0.0,1.9090909090909087,,,2025-10-13
2023_11_NYJ_BUF_spread,2023_11_NYJ_BUF,spread,-110.0,0.0,pending,,0.0,1.9090909090909087,,,2025-10-13
2023_11_NYJ_BUF_spread,2023_11_NYJ_BUF,spread,-110.0,0.0,pending,,0.0,1.9090909090909087,,,2025-10-13
2023_11_NYJ_BUF_spread,2023_11_NYJ_BUF,spread,-110.0,0.0,pending,,0.0,1.9090909090909087,,,2025-10-13
2023_11_PHI_KC_spread,2023_11_PHI_KC,spread,-110.0,0.0,pending,,0.0,1.9090909090909087,,,2025-10-13
2023_12_BAL_LAC_spread,2023_12_BAL_LAC,spread,-110.0,0.0,pending,,0.0,1.9090909090909087,,,2025-10-13
2023_12_BAL_LAC_spread,2023_12_BAL_LAC,spread,-110.0,0.0,pending,,0.0,1.9090909090909087,,,2025-10-13
2023_12_BAL_LAC_spread,2023_12_BAL_LAC,spread,-110.0,0.0,pending,,0.0,1.9090909090909087,,,2025-10-13
2023_12_BUF_PHI_spread,2023_12_BUF_PHI,spread,-110.0,0.0,pending,,0.0,1.9090909090909087,,,2025-10-13
2023_12_BUF_PHI_spread,2023_12_BUF_PHI,spread,-110.0,0.0,pending,,0.0,1.9090909090909087,,,2025-10-13
2023_12_BUF_PHI_spread,2023_12_BUF_PHI,spread,-110.0,0.0,pending,,0.0,1.9090909090909087,,,2025-10-13
2023_12_CHI_MIN_spread,2023_12_CHI_MIN,spread,-110.0,0.0,pending,,0.0,1.9090909090909087,,,2025-10-13
2023_11_NYG_WAS_spread,2023_11_NYG_WAS,spread,-110.0,0.0,pending,,0.0,1.9090909090909087,,,2025-10-13
2023_10_NO_MIN_spread,2023_10_NO_MIN,spread,-110.0,0.0,pending,,0.0,1.9090909090909087,,,2025-10-13
2023_11_LAC_GB_spread,2023_11_LAC_GB,spread,-110.0,0.0,pending,,0.0,1.9090909090909087,,,2025-10-13
2023_10_NO_MIN_spread,2023_10_NO_MIN,spread,-110.0,0.0,pending,,0.0,1.9090909090909087,,,2025-10-13
2023_10_NO_MIN_spread,2023_10_NO_MIN,spread,-110.0,0.0,pending,,0.0,1.9090909090909087,,,2025-10-13
2023_10_NYG_DAL_spread,2023_10_NYG_DAL,spread,-110.0,0.0,pending,,0.0,1.9090909090909087,,,2025-10-13
2023_10_NYG_DAL_spread,2023_10_NYG_DAL,spread,-110.0,0.0,pending,,0.0,1.9090909090909087,,,2025-10-13
2023_10_NYG_DAL_spread,2023_10_NYG_DAL,spread,-110.0,0.0,pending,,0.0,1.9090909090909087,,,2025-10-13
2023_10_TEN_TB_spread,2023_10_TEN_TB,spread,-110.0,0.0,pending,,0.0,1.9090909090909087,,,2025-10-13
2023_11_CIN_BAL_spread,2023_11_CIN_BAL,spread,-110.0,0.0,pending,,0.0,1.9090909090909087,,,2025-10-13
2023_11_CIN_BAL_spread,2023_11_CIN_BAL,spread,-110.0,0.0,pending,,0.0,1.9090909090909087,,,2025-10-13
2023_11_CIN_BAL_spread,2023_11_CIN_BAL,spread,-110.0,0.0,pending,,0.0,1.9090909090909087,,,2025-10-13
2023_11_LAC_GB_spread,2023_11_LAC_GB,spread,-110.0,0.0,pending,,0.0,1.9090909090909087,,,2025-10-13
2023_11_LAC_GB_spread,2023_11_LAC_GB,spread,-110.0,0.0,pending,,0.0,1.9090909090909087,,,2025-10-13
2023_08_CIN_SF_spread,2023_08_CIN_SF,spread,-110.0,0.0,pending,,0.0,1.9090909090909087,,,2025-10-13
2023_03_NE_NYJ_spread,2023_03_NE_NYJ,spread,-110.0,0.0,pending,,0.0,1.9090909090909087,,,2025-10-13
2023_05_CIN_ARI_spread,2023_05_CIN_ARI,spread,-110.0,0.0,pending,,0.0,1.9090909090909087,,,2025-10-13
2023_05_BAL_PIT_spread,2023_05_BAL_PIT,spread,-110.0,0.0,pending,,0.0,1.9090909090909087,,,2025-10-13
2023_05_BAL_PIT_spread,2023_05_BAL_PIT,spread,-110.0,0.0,pending,,0.0,1.9090909090909087,,,2025-10-13
2023_05_BAL_PIT_spread,2023_05_BAL_PIT,spread,-110.0,0.0,pending,,0.0,1.9090909090909087,,,2025-10-13
2023_05_CIN_ARI_spread,2023_05_CIN_ARI,spread,-110.0,0.0,pending,,0.0,1.9090909090909087,,,2025-10-13
2023_05_CIN_ARI_spread,2023_05_CIN_ARI,spread,-110.0,0.0,pending,,0.0,1.9090909090909087,,,2025-10-13
2023_05_DAL_SF_spread,2023_05_DAL_SF,spread,-110.0,0.0,pending,,0.0,1.9090909090909087,,,2025-10-13
2023_08_ATL_TEN_spread,2023_08_ATL_TEN,spread,-110.0,0.0,pending,,0.0,1.9090909090909087,,,2025-10-13
2023_05_DAL_SF_spread,2023_05_DAL_SF,spread,-110.0,0.0,pending,,0.0,1.9090909090909087,,,2025-10-13
2023_05_DAL_SF_spread,2023_05_DAL_SF,spread,-110.0,0.0,pending,,0.0,1.9090909090909087,,,2025-10-13
2023_05_HOU_ATL_spread,2023_05_HOU_ATL,spread,-110.0,0.0,pending,,0.0,1.9090909090909087,,,2025-10-13
2023_05_HOU_ATL_spread,2023_05_HOU_ATL,spread,-110.0,0.0,pending,,0.0,1.9090909090909087,,,2025-10-13
2023_05_HOU_ATL_spread,2023_05_HOU_ATL,spread,-110.0,0.0,pending,,0.0,1.9090909090909087,,,2025-10-13
2023_04_DET_GB_spread,2023_04_DET_GB,spread,-110.0,0.0,pending,,0.0,1.9090909090909087,,,2025-10-13
2023_04_DET_GB_spread,2023_04_DET_GB,spread,-110.0,0.0,pending,,0.0,1.9090909090909087,,,2025-10-13
2023_04_DET_GB_spread,2023_04_DET_GB,spread,-110.0,0.0,pending,,0.0,1.9090909090909087,,,2025-10-13
2023_03_NO_GB_spread,2023_03_NO_GB,spread,-110.0,0.0,pending,,0.0,1.9090909090909087,,,2025-10-13
2023_04_ARI_SF_spread,2023_04_ARI_SF,spread,-110.0,0.0,pending,,0.0,1.9090909090909087,,,2025-10-13
2023_04_ARI_SF_spread,2023_04_ARI_SF,spread,-110.0,0.0,pending,,0.0,1.9090909090909087,,,2025-10-13
2023_04_ARI_SF_spread,2023_04_ARI_SF,spread,-110.0,0.0,pending,,0.0,1.9090909090909087,,,2025-10-13
2023_04_ATL_JAX_spread,2023_04_ATL_JAX,spread,-110.0,0.0,pending,,0.0,1.9090909090909087,,,2025-10-13
2023_04_ATL_JAX_spread,2023_04_ATL_JAX,spread,-110.0,0.0,pending,,0.0,1.9090909090909087,,,2025-10-13
2023_04_ATL_JAX_spread,2023_04_ATL_JAX,spread,-110.0,0.0,pending,,0.0,1.9090909090909087,,,2025-10-13
2023_04_BAL_CLE_spread,2023_04_BAL_CLE,spread,-110.0,0.0,pending,,0.0,1.9090909090909087,,,2025-10-13
2023_04_BAL_CLE_spread,2023_04_BAL_CLE,spread,-110.0,0.0,pending,,0.0,1.9090909090909087,,,2025-10-13
2023_04_BAL_CLE_spread,2023_04_BAL_CLE,spread,-110.0,0.0,pending,,0.0,1.9090909090909087,,,2025-10-13
2023_05_JAX_BUF_spread,2023_05_JAX_BUF,spread,-110.0,0.0,pending,,0.0,1.9090909090909087,,,2025-10-13
2023_06_BAL_TEN_spread,2023_06_BAL_TEN,spread,-110.0,0.0,pending,,0.0,1.9090909090909087,,,2025-10-13
2023_06_BAL_TEN_spread,2023_06_BAL_TEN,spread,-110.0,0.0,pending,,0.0,1.9090909090909087,,,2025-10-13
2023_07_ATL_TB_spread,2023_07_ATL_TB,spread,-110.0,0.0,pending,,0.0,1.9090909090909087,,,2025-10-13
2023_07_DET_BAL_spread,2023_07_DET_BAL,spread,-110.0,0.0,pending,,0.0,1.9090909090909087,,,2025-10-13
2023_07_DET_BAL_spread,2023_07_DET_BAL,spread,-110.0,0.0,pending,,0.0,1.9090909090909087,,,2025-10-13
2023_07_DET_BAL_spread,2023_07_DET_BAL,spread,-110.0,0.0,pending,,0.0,1.9090909090909087,,,2025-10-13
2023_07_JAX_NO_spread,2023_07_JAX_NO,spread,-110.0,0.0,pending,,0.0,1.9090909090909087,,,2025-10-13
2023_07_JAX_NO_spread,2023_07_JAX_NO,spread,-110.0,0.0,pending,,0.0,1.9090909090909087,,,2025-10-13
2023_07_JAX_NO_spread,2023_07_JAX_NO,spread,-110.0,0.0,pending,,0.0,1.9090909090909087,,,2025-10-13
2023_07_PIT_LA_spread,2023_07_PIT_LA,spread,-110.0,0.0,pending,,0.0,1.9090909090909087,,,2025-10-13
2023_07_PIT_LA_spread,2023_07_PIT_LA,spread,-110.0,0.0,pending,,0.0,1.9090909090909087,,,2025-10-13
2023_07_PIT_LA_spread,2023_07_PIT_LA,spread,-110.0,0.0,pending,,0.0,1.9090909090909087,,,2025-10-13
2023_07_SF_MIN_spread,2023_07_SF_MIN,spread,-110.0,0.0,pending,,0.0,1.9090909090909087,,,2025-10-13
2023_08_ATL_TEN_spread,2023_08_ATL_TEN,spread,-110.0,0.0,pending,,0.0,1.9090909090909087,,,2025-10-13
2023_08_ATL_TEN_spread,2023_08_ATL_TEN,spread,-110.0,0.0,pending,,0.0,1.9090909090909087,,,2025-10-13
2023_07_ATL_TB_spread,2023_07_ATL_TB,spread,-110.0,0.0,pending,,0.0,1.9090909090909087,,,2025-10-13
2023_06_BAL_TEN_spread,2023_06_BAL_TEN,spread,-110.0,0.0,pending,,0.0,1.9090909090909087,,,2025-10-13
2023_07_ATL_TB_spread,2023_07_ATL_TB,spread,-110.0,0.0,pending,,0.0,1.9090909090909087,,,2025-10-13
2023_06_DEN_KC_spread,2023_06_DEN_KC,spread,-110.0,0.0,pending,,0.0,1.9090909090909087,,,2025-10-13
2023_06_DEN_KC_spread,2023_06_DEN_KC,spread,-110.0,0.0,pending,,0.0,1.9090909090909087,,,2025-10-13
2023_06_DEN_KC_spread,2023_06_DEN_KC,spread,-110.0,0.0,pending,,0.0,1.9090909090909087,,,2025-10-13
2023_06_IND_JAX_spread,2023_06_IND_JAX,spread,-110.0,0.0,pending,,0.0,1.9090909090909087,,,2025-10-13
2023_06_IND_JAX_spread,2023_06_IND_JAX,spread,-110.0,0.0,pending,,0.0,1.9090909090909087,,,2025-10-13
2023_06_IND_JAX_spread,2023_06_IND_JAX,spread,-110.0,0.0,pending,,0.0,1.9090909090909087,,,2025-10-13
2023_06_NO_HOU_spread,2023_06_NO_HOU,spread,-110.0,0.0,pending,,0.0,1.9090909090909087,,,2025-10-13
2023_06_NO_HOU_spread,2023_06_NO_HOU,spread,-110.0,0.0,pending,,0.0,1.9090909090909087,,,2025-10-13
2023_06_NO_HOU_spread,2023_06_NO_HOU,spread,-110.0,0.0,pending,,0.0,1.9090909090909087,,,2025-10-13
2023_06_PHI_NYJ_spread,2023_06_PHI_NYJ,spread,-110.0,0.0,pending,,0.0,1.9090909090909087,,,2025-10-13
2022_07_KC_SF_spread,2022_07_KC_SF,spread,-110.0,0.0,pending,,0.0,1.9090909090909087,,,2025-10-13
2022_07_KC_SF_spread,2022_07_KC_SF,spread,-110.0,0.0,pending,,0.0,1.9090909090909087,,,2025-10-13
2022_07_NYG_JAX_spread,2022_07_NYG_JAX,spread,-110.0,0.0,pending,,0.0,1.9090909090909087,,,2025-10-13
2022_07_NYG_JAX_spread,2022_07_NYG_JAX,spread,-110.0,0.0,pending,,0.0,1.9090909090909087,,,2025-10-13
2022_07_NYG_JAX_spread,2022_07_NYG_JAX,spread,-110.0,0.0,pending,,0.0,1.9090909090909087,,,2025-10-13
2022_07_NYJ_DEN_spread,2022_07_NYJ_DEN,spread,-110.0,0.0,pending,,0.0,1.9090909090909087,,,2025-10-13
2022_07_NYJ_DEN_spread,2022_07_NYJ_DEN,spread,-110.0,0.0,pending,,0.0,1.9090909090909087,,,2025-10-13
2022_07_NYJ_DEN_spread,2022_07_NYJ_DEN,spread,-110.0,0.0,pending,,0.0,1.9090909090909087,,,2025-10-13
2022_08_ARI_MIN_spread,2022_08_ARI_MIN,spread,-110.0,0.0,pending,,0.0,1.9090909090909087,,,2025-10-13
2022_08_ARI_MIN_spread,2022_08_ARI_MIN,spread,-110.0,0.0,pending,,0.0,1.9090909090909087,,,2025-10-13
2022_08_ARI_MIN_spread,2022_08_ARI_MIN,spread,-110.0,0.0,pending,,0.0,1.9090909090909087,,,2025-10-13
2022_08_BAL_TB_spread,2022_08_BAL_TB,spread,-110.0,0.0,pending,,0.0,1.9090909090909087,,,2025-10-13
2022_08_BAL_TB_spread,2022_08_BAL_TB,spread,-110.0,0.0,pending,,0.0,1.9090909090909087,,,2025-10-13
2022_07_KC_SF_spread,2022_07_KC_SF,spread,-110.0,0.0,pending,,0.0,1.9090909090909087,,,2025-10-13
2022_08_BAL_TB_spread,2022_08_BAL_TB,spread,-110.0,0.0,pending,,0.0,1.9090909090909087,,,2025-10-13
2022_07_IND_TEN_spread,2022_07_IND_TEN,spread,-110.0,0.0,pending,,0.0,1.9090909090909087,,,2025-10-13
2022_06_JAX_IND_spread,2022_06_JAX_IND,spread,-110.0,0.0,pending,,0.0,1.9090909090909087,,,2025-10-13
2022_06_JAX_IND_spread,2022_06_JAX_IND,spread,-110.0,0.0,pending,,0.0,1.9090909090909087,,,2025-10-13
2022_06_JAX_IND_spread,2022_06_JAX_IND,spread,-110.0,0.0,pending,,0.0,1.9090909090909087,,,2025-10-13
2022_06_NYJ_GB_spread,2022_06_NYJ_GB,spread,-110.0,0.0,pending,,0.0,1.9090909090909087,,,2025-10-13
2022_06_NYJ_GB_spread,2022_06_NYJ_GB,spread,-110.0,0.0,pending,,0.0,1.9090909090909087,,,2025-10-13
2022_06_NYJ_GB_spread,2022_06_NYJ_GB,spread,-110.0,0.0,pending,,0.0,1.9090909090909087,,,2025-10-13
2022_07_CHI_NE_spread,2022_07_CHI_NE,spread,-110.0,0.0,pending,,0.0,1.9090909090909087,,,2025-10-13
2022_07_CHI_NE_spread,2022_07_CHI_NE,spread,-110.0,0.0,pending,,0.0,1.9090909090909087,,,2025-10-13
2022_07_CHI_NE_spread,2022_07_CHI_NE,spread,-110.0,0.0,pending,,0.0,1.9090909090909087,,,2025-10-13
2022_07_IND_TEN_spread,2022_07_IND_TEN,spread,-110.0,0.0,pending,,0.0,1.9090909090909087,,,2025-10-13
2022_07_IND_TEN_spread,2022_07_IND_TEN,spread,-110.0,0.0,pending,,0.0,1.9090909090909087,,,2025-10-13
2022_08_CHI_DAL_spread,2022_08_CHI_DAL,spread,-110.0,0.0,pending,,0.0,1.9090909090909087,,,2025-10-13
2022_06_DAL_PHI_spread,2022_06_DAL_PHI,spread,-110.0,0.0,pending,,0.0,1.9090909090909087,,,2025-10-13
2022_09_IND_NE_spread,2022_09_IND_NE,spread,-110.0,0.0,pending,,0.0,1.9090909090909087,,,2025-10-13
2022_09_LA_TB_spread,2022_09_LA_TB,spread,-110.0,0.0,pending,,0.0,1.9090909090909087,,,2025-10-13
2022_09_LA_TB_spread,2022_09_LA_TB,spread,-110.0,0.0,pending,,0.0,1.9090909090909087,,,2025-10-13
2022_09_LA_TB_spread,2022_09_LA_TB,spread,-110.0,0.0,pending,,0.0,1.9090909090909087,,,2025-10-13
2022_09_MIN_WAS_spread,2022_09_MIN_WAS,spread,-110.0,0.0,pending,,0.0,1.9090909090909087,,,2025-10-13
2022_10_ARI_LA_spread,2022_10_ARI_LA,spread,-110.0,0.0,pending,,0.0,1.9090909090909087,,,2025-10-13
2022_10_ARI_LA_spread,2022_10_ARI_LA,spread,-110.0,0.0,pending,,0.0,1.9090909090909087,,,2025-10-13
2022_10_ARI_LA_spread,2022_10_ARI_LA,spread,-110.0,0.0,pending,,0.0,1.9090909090909087,,,2025-10-13
2022_10_ATL_CAR_spread,2022_10_ATL_CAR,spread,-110.0,0.0,pending,,0.0,1.9090909090909087,,,2025-10-13
2022_10_ATL_CAR_spread,2022_10_ATL_CAR,spread,-110.0,0.0,pending,,0.0,1.9090909090909087,,,2025-10-13
2022_10_ATL_CAR_spread,2022_10_ATL_CAR,spread,-110.0,0.0,pending,,0.0,1.9090909090909087,,,2025-10-13
2022_10_DAL_GB_spread,2022_10_DAL_GB,spread,-110.0,0.0,pending,,0.0,1.9090909090909087,,,2025-10-13
2022_10_DAL_GB_spread,2022_10_DAL_GB,spread,-110.0,0.0,pending,,0.0,1.9090909090909087,,,2025-10-13
2022_10_DAL_GB_spread,2022_10_DAL_GB,spread,-110.0,0.0,pending,,0.0,1.9090909090909087,,,2025-10-13
2022_09_IND_NE_spread,2022_09_IND_NE,spread,-110.0,0.0,pending,,0.0,1.9090909090909087,,,2025-10-13
2022_08_CHI_DAL_spread,2022_08_CHI_DAL,spread,-110.0,0.0,pending,,0.0,1.9090909090909087,,,2025-10-13
2022_09_IND_NE_spread,2022_09_IND_NE,spread,-110.0,0.0,pending,,0.0,1.9090909090909087,,,2025-10-13
2022_08_CHI_DAL_spread,2022_08_CHI_DAL,spread,-110.0,0.0,pending,,0.0,1.9090909090909087,,,2025-10-13
2022_08_CIN_CLE_spread,2022_08_CIN_CLE,spread,-110.0,0.0,pending,,0.0,1.9090909090909087,,,2025-10-13
2022_08_CIN_CLE_spread,2022_08_CIN_CLE,spread,-110.0,0.0,pending,,0.0,1.9090909090909087,,,2025-10-13
2022_08_CIN_CLE_spread,2022_08_CIN_CLE,spread,-110.0,0.0,pending,,0.0,1.9090909090909087,,,2025-10-13
2022_08_GB_BUF_spread,2022_08_GB_BUF,spread,-110.0,0.0,pending,,0.0,1.9090909090909087,,,2025-10-13
2022_09_BUF_NYJ_spread,2022_09_BUF_NYJ,spread,-110.0,0.0,pending,,0.0,1.9090909090909087,,,2025-10-13
2022_09_BUF_NYJ_spread,2022_09_BUF_NYJ,spread,-110.0,0.0,pending,,0.0,1.9090909090909087,,,2025-10-13
2022_09_CAR_CIN_spread,2022_09_CAR_CIN,spread,-110.0,0.0,pending,,0.0,1.9090909090909087,,,2025-10-13
2022_09_CAR_CIN_spread,2022_09_CAR_CIN,spread,-110.0,0.0,pending,,0.0,1.9090909090909087,,,2025-10-13
2022_09_CAR_CIN_spread,2022_09_CAR_CIN,spread,-110.0,0.0,pending,,0.0,1.9090909090909087,,,2025-10-13
2022_06_DAL_PHI_spread,2022_06_DAL_PHI,spread,-110.0,0.0,pending,,0.0,1.9090909090909087,,,2025-10-13
2022_06_DAL_PHI_spread,2022_06_DAL_PHI,spread,-110.0,0.0,pending,,0.0,1.9090909090909087,,,2025-10-13
2022_10_DEN_TEN_spread,2022_10_DEN_TEN,spread,-110.0,0.0,pending,,0.0,1.9090909090909087,,,2025-10-13
2022_03_DET_MIN_spread,2022_03_DET_MIN,spread,-110.0,0.0,pending,,0.0,1.9090909090909087,,,2025-10-13
2022_03_LV_TEN_spread,2022_03_LV_TEN,spread,-110.0,0.0,pending,,0.0,1.9090909090909087,,,2025-10-13
2022_03_LV_TEN_spread,2022_03_LV_TEN,spread,-110.0,0.0,pending,,0.0,1.9090909090909087,,,2025-10-13
2022_03_LV_TEN_spread,2022_03_LV_TEN,spread,-110.0,0.0,pending,,0.0,1.9090909090909087,,,2025-10-13
2022_03_NO_CAR_spread,2022_03_NO_CAR,spread,-110.0,0.0,pending,,0.0,1.9090909090909087,,,2025-10-13
2022_03_NO_CAR_spread,2022_03_NO_CAR,spread,-110.0,0.0,pending,,0.0,1.9090909090909087,,,2025-10-13
2022_03_NO_CAR_spread,2022_03_NO_CAR,spread,-110.0,0.0,pending,,0.0,1.9090909090909087,,,2025-10-13
2022_03_PHI_WAS_spread,2022_03_PHI_WAS,spread,-110.0,0.0,pending,,0.0,1.9090909090909087,,,2025-10-13
2022_04_CHI_NYG_spread,2022_04_CHI_NYG,spread,-110.0,0.0,pending,,0.0,1.9090909090909087,,,2025-10-13
2022_04_CHI_NYG_spread,2022_04_CHI_NYG,spread,-110.0,0.0,pending,,0.0,1.9090909090909087,,,2025-10-13
2022_04_CHI_NYG_spread,2022_04_CHI_NYG,spread,-110.0,0.0,pending,,0.0,1.9090909090909087,,,2025-10-13
2022_04_CLE_ATL_spread,2022_04_CLE_ATL,spread,-110.0,0.0,pending,,0.0,1.9090909090909087,,,2025-10-13
2022_04_CLE_ATL_spread,2022_04_CLE_ATL,spread,-110.0,0.0,pending,,0.0,1.9090909090909087,,,2025-10-13
2022_04_CLE_ATL_spread,2022_04_CLE_ATL,spread,-110.0,0.0,pending,,0.0,1.9090909090909087,,,2025-10-13
2022_03_DET_MIN_spread,2022_03_DET_MIN,spread,-110.0,0.0,pending,,0.0,1.9090909090909087,,,2025-10-13
2022_04_DEN_LV_spread,2022_04_DEN_LV,spread,-110.0,0.0,pending,,0.0,1.9090909090909087,,,2025-10-13
2022_03_DET_MIN_spread,2022_03_DET_MIN,spread,-110.0,0.0,pending,,0.0,1.9090909090909087,,,2025-10-13
2022_02_IND_JAX_spread,2022_02_IND_JAX,spread,-110.0,0.0,pending,,0.0,1.9090909090909087,,,2025-10-13
2022_02_MIA_BAL_spread,2022_02_MIA_BAL,spread,-110.0,0.0,pending,,0.0,1.9090909090909087,,,2025-10-13
2022_02_MIA_BAL_spread,2022_02_MIA_BAL,spread,-110.0,0.0,pending,,0.0,1.9090909090909087,,,2025-10-13
2022_02_MIA_BAL_spread,2022_02_MIA_BAL,spread,-110.0,0.0,pending,,0.0,1.9090909090909087,,,2025-10-13
2022_02_SEA_SF_spread,2022_02_SEA_SF,spread,-110.0,0.0,pending,,0.0,1.9090909090909087,,,2025-10-13
2022_02_SEA_SF_spread,2022_02_SEA_SF,spread,-110.0,0.0,pending,,0.0,1.9090909090909087,,,2025-10-13
2022_02_SEA_SF_spread,2022_02_SEA_SF,spread,-110.0,0.0,pending,,0.0,1.9090909090909087,,,2025-10-13
2022_02_TB_NO_spread,2022_02_TB_NO,spread,-110.0,0.0,pending,,0.0,1.9090909090909087,,,2025-10-13
2022_03_BUF_MIA_spread,2022_03_BUF_MIA,spread,-110.0,0.0,pending,,0.0,1.9090909090909087,,,2025-10-13
2022_03_BUF_MIA_spread,2022_03_BUF_MIA,spread,-110.0,0.0,pending,,0.0,1.9090909090909087,,,2025-10-13
2022_03_BUF_MIA_spread,2022_03_BUF_MIA,spread,-110.0,0.0,pending,,0.0,1.9090909090909087,,,2025-10-13
2022_04_DEN_LV_spread,2022_04_DEN_LV,spread,-110.0,0.0,pending,,0.0,1.9090909090909087,,,2025-10-13
2022_05_CIN_BAL_spread,2022_05_CIN_BAL,spread,-110.0,0.0,pending,,0.0,1.9090909090909087,,,2025-10-13
2022_05_CIN_BAL_spread,2022_05_CIN_BAL,spread,-110.0,0.0,pending,,0.0,1.9090909090909087,,,2025-10-13
2022_05_CIN_BAL_spread,2022_05_CIN_BAL,spread,-110.0,0.0,pending,,0.0,1.9090909090909087,,,2025-10-13
2022_05_HOU_JAX_spread,2022_05_HOU_JAX,spread,-110.0,0.0,pending,,0.0,1.9090909090909087,,,2025-10-13
2022_05_HOU_JAX_spread,2022_05_HOU_JAX,spread,-110.0,0.0,pending,,0.0,1.9090909090909087,,,2025-10-13
2022_05_HOU_JAX_spread,2022_05_HOU_JAX,spread,-110.0,0.0,pending,,0.0,1.9090909090909087,,,2025-10-13
2022_05_IND_DEN_spread,2022_05_IND_DEN,spread,-110.0,0.0,pending,,0.0,1.9090909090909087,,,2025-10-13
2022_06_BAL_NYG_spread,2022_06_BAL_NYG,spread,-110.0,0.0,pending,,0.0,1.9090909090909087,,,2025-10-13
2022_06_BAL_NYG_spread,2022_06_BAL_NYG,spread,-110.0,0.0,pending,,0.0,1.9090909090909087,,,2025-10-13
2022_06_BAL_NYG_spread,2022_06_BAL_NYG,spread,-110.0,0.0,pending,,0.0,1.9090909090909087,,,2025-10-13
2022_06_CIN_NO_spread,2022_06_CIN_NO,spread,-110.0,0.0,pending,,0.0,1.9090909090909087,,,2025-10-13
2022_06_CIN_NO_spread,2022_06_CIN_NO,spread,-110.0,0.0,pending,,0.0,1.9090909090909087,,,2025-10-13
2022_06_CIN_NO_spread,2022_06_CIN_NO,spread,-110.0,0.0,pending,,0.0,1.9090909090909087,,,2025-10-13
2022_05_CHI_MIN_spread,2022_05_CHI_MIN,spread,-110.0,0.0,pending,,0.0,1.9090909090909087,,,2025-10-13
2022_04_DEN_LV_spread,2022_04_DEN_LV,spread,-110.0,0.0,pending,,0.0,1.9090909090909087,,,2025-10-13
2022_05_CHI_MIN_spread,2022_05_CHI_MIN,spread,-110.0,0.0,pending,,0.0,1.9090909090909087,,,2025-10-13
2022_04_JAX_PHI_spread,2022_04_JAX_PHI,spread,-110.0,0.0,pending,,0.0,1.9090909090909087,,,2025-10-13
2022_04_JAX_PHI_spread,2022_04_JAX_PHI,spread,-110.0,0.0,pending,,0.0,1.9090909090909087,,,2025-10-13
2022_04_JAX_PHI_spread,2022_04_JAX_PHI,spread,-110.0,0.0,pending,,0.0,1.9090909090909087,,,2025-10-13
2022_04_LA_SF_spread,2022_04_LA_SF,spread,-110.0,0.0,pending,,0.0,1.9090909090909087,,,2025-10-13
2022_04_LA_SF_spread,2022_04_LA_SF,spread,-110.0,0.0,pending,,0.0,1.9090909090909087,,,2025-10-13
2022_04_LA_SF_spread,2022_04_LA_SF,spread,-110.0,0.0,pending,,0.0,1.9090909090909087,,,2025-10-13
2022_05_ATL_TB_spread,2022_05_ATL_TB,spread,-110.0,0.0,pending,,0.0,1.9090909090909087,,,2025-10-13
2022_05_ATL_TB_spread,2022_05_ATL_TB,spread,-110.0,0.0,pending,,0.0,1.9090909090909087,,,2025-10-13
2022_05_ATL_TB_spread,2022_05_ATL_TB,spread,-110.0,0.0,pending,,0.0,1.9090909090909087,,,2025-10-13
2022_05_CHI_MIN_spread,2022_05_CHI_MIN,spread,-110.0,0.0,pending,,0.0,1.9090909090909087,,,2025-10-13
2022_10_DEN_TEN_spread,2022_10_DEN_TEN,spread,-110.0,0.0,pending,,0.0,1.9090909090909087,,,2025-10-13
2022_16_CIN_NE_spread,2022_16_CIN_NE,spread,-110.0,0.0,pending,,0.0,1.9090909090909087,,,2025-10-13
2022_16_CIN_NE_spread,2022_16_CIN_NE,spread,-110.0,0.0,pending,,0.0,1.9090909090909087,,,2025-10-13
2022_16_DEN_LA_spread,2022_16_DEN_LA,spread,-110.0,0.0,pending,,0.0,1.9090909090909087,,,2025-10-13
2022_16_DEN_LA_spread,2022_16_DEN_LA,spread,-110.0,0.0,pending,,0.0,1.9090909090909087,,,2025-10-13
2022_16_DEN_LA_spread,2022_16_DEN_LA,spread,-110.0,0.0,pending,,0.0,1.9090909090909087,,,2025-10-13
2022_16_DET_CAR_spread,2022_16_DET_CAR,spread,-110.0,0.0,pending,,0.0,1.9090909090909087,,,2025-10-13
2022_16_DET_CAR_spread,2022_16_DET_CAR,spread,-110.0,0.0,pending,,0.0,1.9090909090909087,,,2025-10-13
2022_16_DET_CAR_spread,2022_16_DET_CAR,spread,-110.0,0.0,pending,,0.0,1.9090909090909087,,,2025-10-13
2022_16_HOU_TEN_spread,2022_16_HOU_TEN,spread,-110.0,0.0,pending,,0.0,1.9090909090909087,,,2025-10-13
2022_16_HOU_TEN_spread,2022_16_HOU_TEN,spread,-110.0,0.0,pending,,0.0,1.9090909090909087,,,2025-10-13
2022_16_HOU_TEN_spread,2022_16_HOU_TEN,spread,-110.0,0.0,pending,,0.0,1.9090909090909087,,,2025-10-13
2022_16_JAX_NYJ_spread,2022_16_JAX_NYJ,spread,-110.0,0.0,pending,,0.0,1.9090909090909087,,,2025-10-13
2022_17_CAR_TB_spread,2022_17_CAR_TB,spread,-110.0,0.0,pending,,0.0,1.9090909090909087,,,2025-10-13
2022_16_CIN_NE_spread,2022_16_CIN_NE,spread,-110.0,0.0,pending,,0.0,1.9090909090909087,,,2025-10-13
2022_17_CAR_TB_spread,2022_17_CAR_TB,spread,-110.0,0.0,pending,,0.0,1.9090909090909087,,,2025-10-13
2022_15_NYG_WAS_spread,2022_15_NYG_WAS,spread,-110.0,0.0,pending,,0.0,1.9090909090909087,,,2025-10-13
2022_15_DET_NYJ_spread,2022_15_DET_NYJ,spread,-110.0,0.0,pending,,0.0,1.9090909090909087,,,2025-10-13
2022_15_DET_NYJ_spread,2022_15_DET_NYJ,spread,-110.0,0.0,pending,,0.0,1.9090909090909087,,,2025-10-13
2022_15_DET_NYJ_spread,2022_15_DET_NYJ,spread,-110.0,0.0,pending,,0.0,1.9090909090909087,,,2025-10-13
2022_15_MIA_BUF_spread,2022_15_MIA_BUF,spread,-110.0,0.0,pending,,0.0,1.9090909090909087,,,2025-10-13
2022_15_MIA_BUF_spread,2022_15_MIA_BUF,spread,-110.0,0.0,pending,,0.0,1.9090909090909087,,,2025-10-13
2022_15_MIA_BUF_spread,2022_15_MIA_BUF,spread,-110.0,0.0,pending,,0.0,1.9090909090909087,,,2025-10-13
2022_15_NE_LV_spread,2022_15_NE_LV,spread,-110.0,0.0,pending,,0.0,1.9090909090909087,,,2025-10-13
2022_15_NE_LV_spread,2022_15_NE_LV,spread,-110.0,0.0,pending,,0.0,1.9090909090909087,,,2025-10-13
2022_15_NE_LV_spread,2022_15_NE_LV,spread,-110.0,0.0,pending,,0.0,1.9090909090909087,,,2025-10-13
2022_15_NYG_WAS_spread,2022_15_NYG_WAS,spread,-110.0,0.0,pending,,0.0,1.9090909090909087,,,2025-10-13
2022_15_NYG_WAS_spread,2022_15_NYG_WAS,spread,-110.0,0.0,pending,,0.0,1.9090909090909087,,,2025-10-13
2022_17_CAR_TB_spread,2022_17_CAR_TB,spread,-110.0,0.0,pending,,0.0,1.9090909090909087,,,2025-10-13
2022_15_BAL_CLE_spread,2022_15_BAL_CLE,spread,-110.0,0.0,pending,,0.0,1.9090909090909087,,,2025-10-13
2022_18_BAL_CIN_spread,2022_18_BAL_CIN,spread,-110.0,0.0,pending,,0.0,1.9090909090909087,,,2025-10-13
2022_18_BAL_CIN_spread,2022_18_BAL_CIN,spread,-110.0,0.0,pending,,0.0,1.9090909090909087,,,2025-10-13
2022_18_CAR_NO_spread,2022_18_CAR_NO,spread,-110.0,0.0,pending,,0.0,1.9090909090909087,,,2025-10-13
2022_18_CAR_NO_spread,2022_18_CAR_NO,spread,-110.0,0.0,pending,,0.0,1.9090909090909087,,,2025-10-13
2022_18_CAR_NO_spread,2022_18_CAR_NO,spread,-110.0,0.0,pending,,0.0,1.9090909090909087,,,2025-10-13
2022_18_CLE_PIT_spread,2022_18_CLE_PIT,spread,-110.0,0.0,pending,,0.0,1.9090909090909087,,,2025-10-13
2022_18_CLE_PIT_spread,2022_18_CLE_PIT,spread,-110.0,0.0,pending,,0.0,1.9090909090909087,,,2025-10-13
2022_18_CLE_PIT_spread,2022_18_CLE_PIT,spread,-110.0,0.0,pending,,0.0,1.9090909090909087,,,2025-10-13
2022_18_DET_GB_spread,2022_18_DET_GB,spread,-110.0,0.0,pending,,0.0,1.9090909090909087,,,2025-10-13
2023_12_CHI_MIN_spread,2023_12_CHI_MIN,spread,-110.0,0.0,pending,,0.0,1.9090909090909087,,,2025-10-13
2022_18_BAL_CIN_spread,2022_18_BAL_CIN,spread,-110.0,0.0,pending,,0.0,1.9090909090909087,,,2025-10-13
2022_17_DEN_KC_spread,2022_17_DEN_KC,spread,-110.0,0.0,pending,,0.0,1.9090909090909087,,,2025-10-13
2022_18_ARI_SF_spread,2022_18_ARI_SF,spread,-110.0,0.0,pending,,0.0,1.9090909090909087,,,2025-10-13
2022_17_DEN_KC_spread,2022_17_DEN_KC,spread,-110.0,0.0,pending,,0.0,1.9090909090909087,,,2025-10-13
2022_17_DEN_KC_spread,2022_17_DEN_KC,spread,-110.0,0.0,pending,,0.0,1.9090909090909087,,,2025-10-13
2022_17_JAX_HOU_spread,2022_17_JAX_HOU,spread,-110.0,0.0,pending,,0.0,1.9090909090909087,,,2025-10-13
2022_17_JAX_HOU_spread,2022_17_JAX_HOU,spread,-110.0,0.0,pending,,0.0,1.9090909090909087,,,2025-10-13
2022_17_JAX_HOU_spread,2022_17_JAX_HOU,spread,-110.0,0.0,pending,,0.0,1.9090909090909087,,,2025-10-13
2022_17_LA_LAC_spread,2022_17_LA_LAC,spread,-110.0,0.0,pending,,0.0,1.9090909090909087,,,2025-10-13
2022_17_LA_LAC_spread,2022_17_LA_LAC,spread,-110.0,0.0,pending,,0.0,1.9090909090909087,,,2025-10-13
2022_17_LA_LAC_spread,2022_17_LA_LAC,spread,-110.0,0.0,pending,,0.0,1.9090909090909087,,,2025-10-13
2022_17_MIN_GB_spread,2022_17_MIN_GB,spread,-110.0,0.0,pending,,0.0,1.9090909090909087,,,2025-10-13
2022_18_ARI_SF_spread,2022_18_ARI_SF,spread,-110.0,0.0,pending,,0.0,1.9090909090909087,,,2025-10-13
2022_18_ARI_SF_spread,2022_18_ARI_SF,spread,-110.0,0.0,pending,,0.0,1.9090909090909087,,,2025-10-13
2022_15_BAL_CLE_spread,2022_15_BAL_CLE,spread,-110.0,0.0,pending,,0.0,1.9090909090909087,,,2025-10-13
2022_15_BAL_CLE_spread,2022_15_BAL_CLE,spread,-110.0,0.0,pending,,0.0,1.9090909090909087,,,2025-10-13
2022_10_DEN_TEN_spread,2022_10_DEN_TEN,spread,-110.0,0.0,pending,,0.0,1.9090909090909087,,,2025-10-13
2022_11_LV_DEN_spread,2022_11_LV_DEN,spread,-110.0,0.0,pending,,0.0,1.9090909090909087,,,2025-10-13
2022_12_ATL_WAS_spread,2022_12_ATL_WAS,spread,-110.0,0.0,pending,,0.0,1.9090909090909087,,,2025-10-13
2022_12_ATL_WAS_spread,2022_12_ATL_WAS,spread,-110.0,0.0,pending,,0.0,1.9090909090909087,,,2025-10-13
2022_12_ATL_WAS_spread,2022_12_ATL_WAS,spread,-110.0,0.0,pending,,0.0,1.9090909090909087,,,2025-10-13
2022_12_BUF_DET_spread,2022_12_BUF_DET,spread,-110.0,0.0,pending,,0.0,1.9090909090909087,,,2025-10-13
2022_12_BUF_DET_spread,2022_12_BUF_DET,spread,-110.0,0.0,pending,,0.0,1.9090909090909087,,,2025-10-13
2022_12_CIN_TEN_spread,2022_12_CIN_TEN,spread,-110.0,0.0,pending,,0.0,1.9090909090909087,,,2025-10-13
2022_12_CIN_TEN_spread,2022_12_CIN_TEN,spread,-110.0,0.0,pending,,0.0,1.9090909090909087,,,2025-10-13
2022_12_CIN_TEN_spread,2022_12_CIN_TEN,spread,-110.0,0.0,pending,,0.0,1.9090909090909087,,,2025-10-13
2022_12_HOU_MIA_spread,2022_12_HOU_MIA,spread,-110.0,0.0,pending,,0.0,1.9090909090909087,,,2025-10-13
2022_12_HOU_MIA_spread,2022_12_HOU_MIA,spread,-110.0,0.0,pending,,0.0,1.9090909090909087,,,2025-10-13
2022_12_HOU_MIA_spread,2022_12_HOU_MIA,spread,-110.0,0.0,pending,,0.0,1.9090909090909087,,,2025-10-13
2022_11_PHI_IND_spread,2022_11_PHI_IND,spread,-110.0,0.0,pending,,0.0,1.9090909090909087,,,2025-10-13
2022_11_LV_DEN_spread,2022_11_LV_DEN,spread,-110.0,0.0,pending,,0.0,1.9090909090909087,,,2025-10-13
2022_13_BUF_NE_spread,2022_13_BUF_NE,spread,-110.0,0.0,pending,,0.0,1.9090909090909087,,,2025-10-13
2022_11_LV_DEN_spread,2022_11_LV_DEN,spread,-110.0,0.0,pending,,0.0,1.9090909090909087,,,2025-10-13
2022_10_HOU_NYG_spread,2022_10_HOU_NYG,spread,-110.0,0.0,pending,,0.0,1.9090909090909087,,,2025-10-13
2022_11_CIN_PIT_spread,2022_11_CIN_PIT,spread,-110.0,0.0,pending,,0.0,1.9090909090909087,,,2025-10-13
2022_11_CIN_PIT_spread,2022_11_CIN_PIT,spread,-110.0,0.0,pending,,0.0,1.9090909090909087,,,2025-10-13
2022_11_CIN_PIT_spread,2022_11_CIN_PIT,spread,-110.0,0.0,pending,,0.0,1.9090909090909087,,,2025-10-13
2022_11_DAL_MIN_spread,2022_11_DAL_MIN,spread,-110.0,0.0,pending,,0.0,1.9090909090909087,,,2025-10-13
2022_11_DAL_MIN_spread,2022_11_DAL_MIN,spread,-110.0,0.0,pending,,0.0,1.9090909090909087,,,2025-10-13
2022_11_DAL_MIN_spread,2022_11_DAL_MIN,spread,-110.0,0.0,pending,,0.0,1.9090909090909087,,,2025-10-13
2022_11_KC_LAC_spread,2022_11_KC_LAC,spread,-110.0,0.0,pending,,0.0,1.9090909090909087,,,2025-10-13
2022_11_KC_LAC_spread,2022_11_KC_LAC,spread,-110.0,0.0,pending,,0.0,1.9090909090909087,,,2025-10-13
2022_11_KC_LAC_spread,2022_11_KC_LAC,spread,-110.0,0.0,pending,,0.0,1.9090909090909087,,,2025-10-13
2022_12_NYG_DAL_spread,2022_12_NYG_DAL,spread,-110.0,0.0,pending,,0.0,1.9090909090909087,,,2025-10-13
2022_13_BUF_NE_spread,2022_13_BUF_NE,spread,-110.0,0.0,pending,,0.0,1.9090909090909087,,,2025-10-13
2022_14_BAL_PIT_spread,2022_14_BAL_PIT,spread,-110.0,0.0,pending,,0.0,1.9090909090909087,,,2025-10-13
2022_14_BAL_PIT_spread,2022_14_BAL_PIT,spread,-110.0,0.0,pending,,0.0,1.9090909090909087,,,2025-10-13
2022_14_BAL_PIT_spread,2022_14_BAL_PIT,spread,-110.0,0.0,pending,,0.0,1.9090909090909087,,,2025-10-13
2022_14_HOU_DAL_spread,2022_14_HOU_DAL,spread,-110.0,0.0,pending,,0.0,1.9090909090909087,,,2025-10-13
2022_14_HOU_DAL_spread,2022_14_HOU_DAL,spread,-110.0,0.0,pending,,0.0,1.9090909090909087,,,2025-10-13
2022_14_HOU_DAL_spread,2022_14_HOU_DAL,spread,-110.0,0.0,pending,,0.0,1.9090909090909087,,,2025-10-13
2022_14_JAX_TEN_spread,2022_14_JAX_TEN,spread,-110.0,0.0,pending,,0.0,1.9090909090909087,,,2025-10-13
2022_14_JAX_TEN_spread,2022_14_JAX_TEN,spread,-110.0,0.0,pending,,0.0,1.9090909090909087,,,2025-10-13
2022_14_JAX_TEN_spread,2022_14_JAX_TEN,spread,-110.0,0.0,pending,,0.0,1.9090909090909087,,,2025-10-13
2022_14_KC_DEN_spread,2022_14_KC_DEN,spread,-110.0,0.0,pending,,0.0,1.9090909090909087,,,2025-10-13
2022_14_KC_DEN_spread,2022_14_KC_DEN,spread,-110.0,0.0,pending,,0.0,1.9090909090909087,,,2025-10-13
2022_14_KC_DEN_spread,2022_14_KC_DEN,spread,-110.0,0.0,pending,,0.0,1.9090909090909087,,,2025-10-13
2022_14_LV_LA_spread,2022_14_LV_LA,spread,-110.0,0.0,pending,,0.0,1.9090909090909087,,,2025-10-13
2022_13_MIA_SF_spread,2022_13_MIA_SF,spread,-110.0,0.0,pending,,0.0,1.9090909090909087,,,2025-10-13
2022_13_BUF_NE_spread,2022_13_BUF_NE,spread,-110.0,0.0,pending,,0.0,1.9090909090909087,,,2025-10-13
2022_13_MIA_SF_spread,2022_13_MIA_SF,spread,-110.0,0.0,pending,,0.0,1.9090909090909087,,,2025-10-13
2022_13_DEN_BAL_spread,2022_13_DEN_BAL,spread,-110.0,0.0,pending,,0.0,1.9090909090909087,,,2025-10-13
2022_13_DEN_BAL_spread,2022_13_DEN_BAL,spread,-110.0,0.0,pending,,0.0,1.9090909090909087,,,2025-10-13
2022_13_DEN_BAL_spread,2022_13_DEN_BAL,spread,-110.0,0.0,pending,,0.0,1.9090909090909087,,,2025-10-13
2022_13_IND_DAL_spread,2022_13_IND_DAL,spread,-110.0,0.0,pending,,0.0,1.9090909090909087,,,2025-10-13
2022_13_IND_DAL_spread,2022_13_IND_DAL,spread,-110.0,0.0,pending,,0.0,1.9090909090909087,,,2025-10-13
2022_13_IND_DAL_spread,2022_13_IND_DAL,spread,-110.0,0.0,pending,,0.0,1.9090909090909087,,,2025-10-13
2022_13_JAX_DET_spread,2022_13_JAX_DET,spread,-110.0,0.0,pending,,0.0,1.9090909090909087,,,2025-10-13
2022_13_JAX_DET_spread,2022_13_JAX_DET,spread,-110.0,0.0,pending,,0.0,1.9090909090909087,,,2025-10-13
2022_13_JAX_DET_spread,2022_13_JAX_DET,spread,-110.0,0.0,pending,,0.0,1.9090909090909087,,,2025-10-13
2022_13_MIA_SF_spread,2022_13_MIA_SF,spread,-110.0,0.0,pending,,0.0,1.9090909090909087,,,2025-10-13
2023_12_CHI_MIN_spread,2023_12_CHI_MIN,spread,-110.0,0.0,pending,,0.0,1.9090909090909087,,,2025-10-13
2023_12_GB_DET_spread,2023_12_GB_DET,spread,-110.0,0.0,pending,,0.0,1.9090909090909087,,,2025-10-13
2024_11_LV_MIA_spread,2024_11_LV_MIA,spread,-110.0,0.0,pending,,0.0,1.9090909090909087,,,2025-10-13
2024_11_KC_BUF_spread,2024_11_KC_BUF,spread,-110.0,0.0,pending,,0.0,1.9090909090909087,,,2025-10-13
2024_11_LA_NE_spread,2024_11_LA_NE,spread,-110.0,0.0,pending,,0.0,1.9090909090909087,,,2025-10-13
2024_11_LA_NE_spread,2024_11_LA_NE,spread,-110.0,0.0,pending,,0.0,1.9090909090909087,,,2025-10-13
2024_11_LA_NE_spread,2024_11_LA_NE,spread,-110.0,0.0,pending,,0.0,1.9090909090909087,,,2025-10-13
2024_11_LV_MIA_spread,2024_11_LV_MIA,spread,-110.0,0.0,pending,,0.0,1.9090909090909087,,,2025-10-13
2024_11_LV_MIA_spread,2024_11_LV_MIA,spread,-110.0,0.0,pending,,0.0,1.9090909090909087,,,2025-10-13
2024_10_DEN_KC_spread,2024_10_DEN_KC,spread,-110.0,0.0,pending,,0.0,1.9090909090909087,,,2025-10-13
2024_12_ARI_SEA_spread,2024_12_ARI_SEA,spread,-110.0,0.0,pending,,0.0,1.9090909090909087,,,2025-10-13
2024_12_ARI_SEA_spread,2024_12_ARI_SEA,spread,-110.0,0.0,pending,,0.0,1.9090909090909087,,,2025-10-13
2024_12_ARI_SEA_spread,2024_12_ARI_SEA,spread,-110.0,0.0,pending,,0.0,1.9090909090909087,,,2025-10-13
2024_12_BAL_LAC_spread,2024_12_BAL_LAC,spread,-110.0,0.0,pending,,0.0,1.9090909090909087,,,2025-10-13
2024_12_BAL_LAC_spread,2024_12_BAL_LAC,spread,-110.0,0.0,pending,,0.0,1.9090909090909087,,,2025-10-13
2024_12_BAL_LAC_spread,2024_12_BAL_LAC,spread,-110.0,0.0,pending,,0.0,1.9090909090909087,,,2025-10-13
2024_11_KC_BUF_spread,2024_11_KC_BUF,spread,-110.0,0.0,pending,,0.0,1.9090909090909087,,,2025-10-13
2024_11_KC_BUF_spread,2024_11_KC_BUF,spread,-110.0,0.0,pending,,0.0,1.9090909090909087,,,2025-10-13
2024_11_CIN_LAC_spread,2024_11_CIN_LAC,spread,-110.0,0.0,pending,,0.0,1.9090909090909087,,,2025-10-13
2024_10_DET_HOU_spread,2024_10_DET_HOU,spread,-110.0,0.0,pending,,0.0,1.9090909090909087,,,2025-10-13
2024_10_DET_HOU_spread,2024_10_DET_HOU,spread,-110.0,0.0,pending,,0.0,1.9090909090909087,,,2025-10-13
2024_10_DET_HOU_spread,2024_10_DET_HOU,spread,-110.0,0.0,pending,,0.0,1.9090909090909087,,,2025-10-13
2024_10_MIA_LA_spread,2024_10_MIA_LA,spread,-110.0,0.0,pending,,0.0,1.9090909090909087,,,2025-10-13
2024_10_MIA_LA_spread,2024_10_MIA_LA,spread,-110.0,0.0,pending,,0.0,1.9090909090909087,,,2025-10-13
2024_10_MIA_LA_spread,2024_10_MIA_LA,spread,-110.0,0.0,pending,,0.0,1.9090909090909087,,,2025-10-13
2024_10_NYJ_ARI_spread,2024_10_NYJ_ARI,spread,-110.0,0.0,pending,,0.0,1.9090909090909087,,,2025-10-13
2024_11_BAL_PIT_spread,2024_11_BAL_PIT,spread,-110.0,0.0,pending,,0.0,1.9090909090909087,,,2025-10-13
2024_11_BAL_PIT_spread,2024_11_BAL_PIT,spread,-110.0,0.0,pending,,0.0,1.9090909090909087,,,2025-10-13
2024_11_BAL_PIT_spread,2024_11_BAL_PIT,spread,-110.0,0.0,pending,,0.0,1.9090909090909087,,,2025-10-13
2024_11_CIN_LAC_spread,2024_11_CIN_LAC,spread,-110.0,0.0,pending,,0.0,1.9090909090909087,,,2025-10-13
2024_11_CIN_LAC_spread,2024_11_CIN_LAC,spread,-110.0,0.0,pending,,0.0,1.9090909090909087,,,2025-10-13
2024_12_DEN_LV_spread,2024_12_DEN_LV,spread,-110.0,0.0,pending,,0.0,1.9090909090909087,,,2025-10-13
2024_12_DEN_LV_spread,2024_12_DEN_LV,spread,-110.0,0.0,pending,,0.0,1.9090909090909087,,,2025-10-13
2024_13_LV_KC_spread,2024_13_LV_KC,spread,-110.0,0.0,pending,,0.0,1.9090909090909087,,,2025-10-13
2024_13_MIA_GB_spread,2024_13_MIA_GB,spread,-110.0,0.0,pending,,0.0,1.9090909090909087,,,2025-10-13
2024_13_MIA_GB_spread,2024_13_MIA_GB,spread,-110.0,0.0,pending,,0.0,1.9090909090909087,,,2025-10-13
2024_13_MIA_GB_spread,2024_13_MIA_GB,spread,-110.0,0.0,pending,,0.0,1.9090909090909087,,,2025-10-13
2024_13_NYG_DAL_spread,2024_13_NYG_DAL,spread,-110.0,0.0,pending,,0.0,1.9090909090909087,,,2025-10-13
2024_13_NYG_DAL_spread,2024_13_NYG_DAL,spread,-110.0,0.0,pending,,0.0,1.9090909090909087,,,2025-10-13
2024_13_NYG_DAL_spread,2024_13_NYG_DAL,spread,-110.0,0.0,pending,,0.0,1.9090909090909087,,,2025-10-13
2024_14_BUF_LA_spread,2024_14_BUF_LA,spread,-110.0,0.0,pending,,0.0,1.9090909090909087,,,2025-10-13
2024_14_BUF_LA_spread,2024_14_BUF_LA,spread,-110.0,0.0,pending,,0.0,1.9090909090909087,,,2025-10-13
2024_14_BUF_LA_spread,2024_14_BUF_LA,spread,-110.0,0.0,pending,,0.0,1.9090909090909087,,,2025-10-13
2024_14_CLE_PIT_spread,2024_14_CLE_PIT,spread,-110.0,0.0,pending,,0.0,1.9090909090909087,,,2025-10-13
2024_14_CLE_PIT_spread,2024_14_CLE_PIT,spread,-110.0,0.0,pending,,0.0,1.9090909090909087,,,2025-10-13
2024_14_CLE_PIT_spread,2024_14_CLE_PIT,spread,-110.0,0.0,pending,,0.0,1.9090909090909087,,,2025-10-13
2024_13_LV_KC_spread,2024_13_LV_KC,spread,-110.0,0.0,pending,,0.0,1.9090909090909087,,,2025-10-13
2024_13_LV_KC_spread,2024_13_LV_KC,spread,-110.0,0.0,pending,,0.0,1.9090909090909087,,,2025-10-13
2024_12_DEN_LV_spread,2024_12_DEN_LV,spread,-110.0,0.0,pending,,0.0,1.9090909090909087,,,2025-10-13
2024_12_NE_MIA_spread,2024_12_NE_MIA,spread,-110.0,0.0,pending,,0.0,1.9090909090909087,,,2025-10-13
2024_12_NE_MIA_spread,2024_12_NE_MIA,spread,-110.0,0.0,pending,,0.0,1.9090909090909087,,,2025-10-13
2024_12_NE_MIA_spread,2024_12_NE_MIA,spread,-110.0,0.0,pending,,0.0,1.9090909090909087,,,2025-10-13
2024_12_PHI_LA_spread,2024_12_PHI_LA,spread,-110.0,0.0,pending,,0.0,1.9090909090909087,,,2025-10-13
2024_13_CHI_DET_spread,2024_13_CHI_DET,spread,-110.0,0.0,pending,,0.0,1.9090909090909087,,,2025-10-13
2024_13_CHI_DET_spread,2024_13_CHI_DET,spread,-110.0,0.0,pending,,0.0,1.9090909090909087,,,2025-10-13
2024_13_CHI_DET_spread,2024_13_CHI_DET,spread,-110.0,0.0,pending,,0.0,1.9090909090909087,,,2025-10-13
2024_10_DEN_KC_spread,2024_10_DEN_KC,spread,-110.0,0.0,pending,,0.0,1.9090909090909087,,,2025-10-13
2024_14_GB_DET_spread,2024_14_GB_DET,spread,-110.0,0.0,pending,,0.0,1.9090909090909087,,,2025-10-13
2024_07_DET_MIN_spread,2024_07_DET_MIN,spread,-110.0,0.0,pending,,0.0,1.9090909090909087,,,2025-10-13
2024_07_BAL_TB_spread,2024_07_BAL_TB,spread,-110.0,0.0,pending,,0.0,1.9090909090909087,,,2025-10-13
2024_07_BAL_TB_spread,2024_07_BAL_TB,spread,-110.0,0.0,pending,,0.0,1.9090909090909087,,,2025-10-13
2024_07_CAR_WAS_spread,2024_07_CAR_WAS,spread,-110.0,0.0,pending,,0.0,1.9090909090909087,,,2025-10-13
2024_07_CAR_WAS_spread,2024_07_CAR_WAS,spread,-110.0,0.0,pending,,0.0,1.9090909090909087,,,2025-10-13
2024_07_CAR_WAS_spread,2024_07_CAR_WAS,spread,-110.0,0.0,pending,,0.0,1.9090909090909087,,,2025-10-13
2024_07_DET_MIN_spread,2024_07_DET_MIN,spread,-110.0,0.0,pending,,0.0,1.9090909090909087,,,2025-10-13
2024_07_DET_MIN_spread,2024_07_DET_MIN,spread,-110.0,0.0,pending,,0.0,1.9090909090909087,,,2025-10-13
2024_10_DEN_KC_spread,2024_10_DEN_KC,spread,-110.0,0.0,pending,,0.0,1.9090909090909087,,,2025-10-13
2024_07_NE_JAX_spread,2024_07_NE_JAX,spread,-110.0,0.0,pending,,0.0,1.9090909090909087,,,2025-10-13
2024_07_NE_JAX_spread,2024_07_NE_JAX,spread,-110.0,0.0,pending,,0.0,1.9090909090909087,,,2025-10-13
2024_07_NE_JAX_spread,2024_07_NE_JAX,spread,-110.0,0.0,pending,,0.0,1.9090909090909087,,,2025-10-13
2024_07_NYJ_PIT_spread,2024_07_NYJ_PIT,spread,-110.0,0.0,pending,,0.0,1.9090909090909087,,,2025-10-13
2024_08_ATL_TB_spread,2024_08_ATL_TB,spread,-110.0,0.0,pending,,0.0,1.9090909090909087,,,2025-10-13
2024_07_BAL_TB_spread,2024_07_BAL_TB,spread,-110.0,0.0,pending,,0.0,1.9090909090909087,,,2025-10-13
2024_06_JAX_CHI_spread,2024_06_JAX_CHI,spread,-110.0,0.0,pending,,0.0,1.9090909090909087,,,2025-10-13
2024_06_JAX_CHI_spread,2024_06_JAX_CHI,spread,-110.0,0.0,pending,,0.0,1.9090909090909087,,,2025-10-13
2024_06_ATL_CAR_spread,2024_06_ATL_CAR,spread,-110.0,0.0,pending,,0.0,1.9090909090909087,,,2025-10-13
2024_06_BUF_NYJ_spread,2024_06_BUF_NYJ,spread,-110.0,0.0,pending,,0.0,1.9090909090909087,,,2025-10-13
2024_06_BUF_NYJ_spread,2024_06_BUF_NYJ,spread,-110.0,0.0,pending,,0.0,1.9090909090909087,,,2025-10-13
2024_06_BUF_NYJ_spread,2024_06_BUF_NYJ,spread,-110.0,0.0,pending,,0.0,1.9090909090909087,,,2025-10-13
2024_06_CIN_NYG_spread,2024_06_CIN_NYG,spread,-110.0,0.0,pending,,0.0,1.9090909090909087,,,2025-10-13
2024_06_CIN_NYG_spread,2024_06_CIN_NYG,spread,-110.0,0.0,pending,,0.0,1.9090909090909087,,,2025-10-13
2024_06_CIN_NYG_spread,2024_06_CIN_NYG,spread,-110.0,0.0,pending,,0.0,1.9090909090909087,,,2025-10-13
2024_06_IND_TEN_spread,2024_06_IND_TEN,spread,-110.0,0.0,pending,,0.0,1.9090909090909087,,,2025-10-13
2024_06_IND_TEN_spread,2024_06_IND_TEN,spread,-110.0,0.0,pending,,0.0,1.9090909090909087,,,2025-10-13
2024_06_IND_TEN_spread,2024_06_IND_TEN,spread,-110.0,0.0,pending,,0.0,1.9090909090909087,,,2025-10-13
2024_06_JAX_CHI_spread,2024_06_JAX_CHI,spread,-110.0,0.0,pending,,0.0,1.9090909090909087,,,2025-10-13
2024_08_ATL_TB_spread,2024_08_ATL_TB,spread,-110.0,0.0,pending,,0.0,1.9090909090909087,,,2025-10-13
2024_08_ATL_TB_spread,2024_08_ATL_TB,spread,-110.0,0.0,pending,,0.0,1.9090909090909087,,,2025-10-13
2024_09_DEN_BAL_spread,2024_09_DEN_BAL,spread,-110.0,0.0,pending,,0.0,1.9090909090909087,,,2025-10-13
2024_09_DEN_BAL_spread,2024_09_DEN_BAL,spread,-110.0,0.0,pending,,0.0,1.9090909090909087,,,2025-10-13
2024_09_DET_GB_spread,2024_09_DET_GB,spread,-110.0,0.0,pending,,0.0,1.9090909090909087,,,2025-10-13
2024_09_DET_GB_spread,2024_09_DET_GB,spread,-110.0,0.0,pending,,0.0,1.9090909090909087,,,2025-10-13
2024_09_DET_GB_spread,2024_09_DET_GB,spread,-110.0,0.0,pending,,0.0,1.9090909090909087,,,2025-10-13
2024_09_HOU_NYJ_spread,2024_09_HOU_NYJ,spread,-110.0,0.0,pending,,0.0,1.9090909090909087,,,2025-10-13
2024_09_HOU_NYJ_spread,2024_09_HOU_NYJ,spread,-110.0,0.0,pending,,0.0,1.9090909090909087,,,2025-10-13
2024_09_HOU_NYJ_spread,2024_09_HOU_NYJ,spread,-110.0,0.0,pending,,0.0,1.9090909090909087,,,2025-10-13
2024_09_JAX_PHI_spread,2024_09_JAX_PHI,spread,-110.0,0.0,pending,,0.0,1.9090909090909087,,,2025-10-13
2024_10_BUF_IND_spread,2024_10_BUF_IND,spread,-110.0,0.0,pending,,0.0,1.9090909090909087,,,2025-10-13
2024_10_BUF_IND_spread,2024_10_BUF_IND,spread,-110.0,0.0,pending,,0.0,1.9090909090909087,,,2025-10-13
2024_10_BUF_IND_spread,2024_10_BUF_IND,spread,-110.0,0.0,pending,,0.0,1.9090909090909087,,,2025-10-13
2024_09_DEN_BAL_spread,2024_09_DEN_BAL,spread,-110.0,0.0,pending,,0.0,1.9090909090909087,,,2025-10-13
2024_08_BAL_CLE_spread,2024_08_BAL_CLE,spread,-110.0,0.0,pending,,0.0,1.9090909090909087,,,2025-10-13
2024_09_CHI_ARI_spread,2024_09_CHI_ARI,spread,-110.0,0.0,pending,,0.0,1.9090909090909087,,,2025-10-13
2024_08_BAL_CLE_spread,2024_08_BAL_CLE,spread,-110.0,0.0,pending,,0.0,1.9090909090909087,,,2025-10-13
2024_08_BAL_CLE_spread,2024_08_BAL_CLE,spread,-110.0,0.0,pending,,0.0,1.9090909090909087,,,2025-10-13
2024_08_CAR_DEN_spread,2024_08_CAR_DEN,spread,-110.0,0.0,pending,,0.0,1.9090909090909087,,,2025-10-13
2024_08_CAR_DEN_spread,2024_08_CAR_DEN,spread,-110.0,0.0,pending,,0.0,1.9090909090909087,,,2025-10-13
2024_08_CAR_DEN_spread,2024_08_CAR_DEN,spread,-110.0,0.0,pending,,0.0,1.9090909090909087,,,2025-10-13
2024_08_CHI_WAS_spread,2024_08_CHI_WAS,spread,-110.0,0.0,pending,,0.0,1.9090909090909087,,,2025-10-13
2024_08_CHI_WAS_spread,2024_08_CHI_WAS,spread,-110.0,0.0,pending,,0.0,1.9090909090909087,,,2025-10-13
2024_08_CHI_WAS_spread,2024_08_CHI_WAS,spread,-110.0,0.0,pending,,0.0,1.9090909090909087,,,2025-10-13
2024_08_GB_JAX_spread,2024_08_GB_JAX,spread,-110.0,0.0,pending,,0.0,1.9090909090909087,,,2025-10-13
2024_09_CHI_ARI_spread,2024_09_CHI_ARI,spread,-110.0,0.0,pending,,0.0,1.9090909090909087,,,2025-10-13
2024_09_CHI_ARI_spread,2024_09_CHI_ARI,spread,-110.0,0.0,pending,,0.0,1.9090909090909087,,,2025-10-13
2024_14_GB_DET_spread,2024_14_GB_DET,spread,-110.0,0.0,pending,,0.0,1.9090909090909087,,,2025-10-13
2023_12_GB_DET_spread,2023_12_GB_DET,spread,-110.0,0.0,pending,,0.0,1.9090909090909087,,,2025-10-13
2024_20_BAL_BUF_spread,2024_20_BAL_BUF,spread,-110.0,0.0,pending,,0.0,1.9090909090909087,,,2025-10-13
2024_19_GB_PHI_spread,2024_19_GB_PHI,spread,-110.0,0.0,pending,,0.0,1.9090909090909087,,,2025-10-13
2024_19_GB_PHI_spread,2024_19_GB_PHI,spread,-110.0,0.0,pending,,0.0,1.9090909090909087,,,2025-10-13
2024_19_PIT_BAL_spread,2024_19_PIT_BAL,spread,-110.0,0.0,pending,,0.0,1.9090909090909087,,,2025-10-13
2024_19_PIT_BAL_spread,2024_19_PIT_BAL,spread,-110.0,0.0,pending,,0.0,1.9090909090909087,,,2025-10-13
2024_19_PIT_BAL_spread,2024_19_PIT_BAL,spread,-110.0,0.0,pending,,0.0,1.9090909090909087,,,2025-10-13
2024_20_BAL_BUF_spread,2024_20_BAL_BUF,spread,-110.0,0.0,pending,,0.0,1.9090909090909087,,,2025-10-13
2024_20_BAL_BUF_spread,2024_20_BAL_BUF,spread,-110.0,0.0,pending,,0.0,1.9090909090909087,,,2025-10-13
2024_19_DEN_BUF_spread,2024_19_DEN_BUF,spread,-110.0,0.0,pending,,0.0,1.9090909090909087,,,2025-10-13
2024_20_HOU_KC_spread,2024_20_HOU_KC,spread,-110.0,0.0,pending,,0.0,1.9090909090909087,,,2025-10-13
2024_20_HOU_KC_spread,2024_20_HOU_KC,spread,-110.0,0.0,pending,,0.0,1.9090909090909087,,,2025-10-13
2024_20_HOU_KC_spread,2024_20_HOU_KC,spread,-110.0,0.0,pending,,0.0,1.9090909090909087,,,2025-10-13
2024_19_GB_PHI_spread,2024_19_GB_PHI,spread,-110.0,0.0,pending,,0.0,1.9090909090909087,,,2025-10-13
2024_19_DEN_BUF_spread,2024_19_DEN_BUF,spread,-110.0,0.0,pending,,0.0,1.9090909090909087,,,2025-10-13
2024_19_DEN_BUF_spread,2024_19_DEN_BUF,spread,-110.0,0.0,pending,,0.0,1.9090909090909087,,,2025-10-13
2024_21_BUF_KC_spread,2024_21_BUF_KC,spread,-110.0,0.0,pending,,0.0,1.9090909090909087,,,2025-10-13
2024_21_WAS_PHI_spread,2024_21_WAS_PHI,spread,-110.0,0.0,pending,,0.0,1.9090909090909087,,,2025-10-13
2024_21_WAS_PHI_spread,2024_21_WAS_PHI,spread,-110.0,0.0,pending,,0.0,1.9090909090909087,,,2025-10-13
2024_21_WAS_PHI_spread,2024_21_WAS_PHI,spread,-110.0,0.0,pending,,0.0,1.9090909090909087,,,2025-10-13
2024_21_BUF_KC_spread,2024_21_BUF_KC,spread,-110.0,0.0,pending,,0.0,1.9090909090909087,,,2025-10-13
2024_21_BUF_KC_spread,2024_21_BUF_KC,spread,-110.0,0.0,pending,,0.0,1.9090909090909087,,,2025-10-13
2024_20_LA_PHI_spread,2024_20_LA_PHI,spread,-110.0,0.0,pending,,0.0,1.9090909090909087,,,2025-10-13
2024_20_LA_PHI_spread,2024_20_LA_PHI,spread,-110.0,0.0,pending,,0.0,1.9090909090909087,,,2025-10-13
2024_20_LA_PHI_spread,2024_20_LA_PHI,spread,-110.0,0.0,pending,,0.0,1.9090909090909087,,,2025-10-13
2024_14_GB_DET_spread,2024_14_GB_DET,spread,-110.0,0.0,pending,,0.0,1.9090909090909087,,,2025-10-13
2024_16_DEN_LAC_spread,2024_16_DEN_LAC,spread,-110.0,0.0,pending,,0.0,1.9090909090909087,,,2025-10-13
2024_15_IND_DEN_spread,2024_15_IND_DEN,spread,-110.0,0.0,pending,,0.0,1.9090909090909087,,,2025-10-13
2024_15_IND_DEN_spread,2024_15_IND_DEN,spread,-110.0,0.0,pending,,0.0,1.9090909090909087,,,2025-10-13
2024_15_IND_DEN_spread,2024_15_IND_DEN,spread,-110.0,0.0,pending,,0.0,1.9090909090909087,,,2025-10-13
2024_16_ARI_CAR_spread,2024_16_ARI_CAR,spread,-110.0,0.0,pending,,0.0,1.9090909090909087,,,2025-10-13
2024_16_ARI_CAR_spread,2024_16_ARI_CAR,spread,-110.0,0.0,pending,,0.0,1.9090909090909087,,,2025-10-13
2024_16_ARI_CAR_spread,2024_16_ARI_CAR,spread,-110.0,0.0,pending,,0.0,1.9090909090909087,,,2025-10-13
2024_16_DEN_LAC_spread,2024_16_DEN_LAC,spread,-110.0,0.0,pending,,0.0,1.9090909090909087,,,2025-10-13
2024_16_DEN_LAC_spread,2024_16_DEN_LAC,spread,-110.0,0.0,pending,,0.0,1.9090909090909087,,,2025-10-13
2024_16_DET_CHI_spread,2024_16_DET_CHI,spread,-110.0,0.0,pending,,0.0,1.9090909090909087,,,2025-10-13
2024_16_DET_CHI_spread,2024_16_DET_CHI,spread,-110.0,0.0,pending,,0.0,1.9090909090909087,,,2025-10-13
2024_16_DET_CHI_spread,2024_16_DET_CHI,spread,-110.0,0.0,pending,,0.0,1.9090909090909087,,,2025-10-13
2024_16_HOU_KC_spread,2024_16_HOU_KC,spread,-110.0,0.0,pending,,0.0,1.9090909090909087,,,2025-10-13
2024_15_GB_SEA_spread,2024_15_GB_SEA,spread,-110.0,0.0,pending,,0.0,1.9090909090909087,,,2025-10-13
2024_15_GB_SEA_spread,2024_15_GB_SEA,spread,-110.0,0.0,pending,,0.0,1.9090909090909087,,,2025-10-13
2024_15_GB_SEA_spread,2024_15_GB_SEA,spread,-110.0,0.0,pending,,0.0,1.9090909090909087,,,2025-10-13
2024_14_LAC_KC_spread,2024_14_LAC_KC,spread,-110.0,0.0,pending,,0.0,1.9090909090909087,,,2025-10-13
2024_14_LAC_KC_spread,2024_14_LAC_KC,spread,-110.0,0.0,pending,,0.0,1.9090909090909087,,,2025-10-13
2024_14_LAC_KC_spread,2024_14_LAC_KC,spread,-110.0,0.0,pending,,0.0,1.9090909090909087,,,2025-10-13
2024_14_LV_TB_spread,2024_14_LV_TB,spread,-110.0,0.0,pending,,0.0,1.9090909090909087,,,2025-10-13
2024_15_ATL_LV_spread,2024_15_ATL_LV,spread,-110.0,0.0,pending,,0.0,1.9090909090909087,,,2025-10-13
2024_15_ATL_LV_spread,2024_15_ATL_LV,spread,-110.0,0.0,pending,,0.0,1.9090909090909087,,,2025-10-13
2024_15_ATL_LV_spread,2024_15_ATL_LV,spread,-110.0,0.0,pending,,0.0,1.9090909090909087,,,2025-10-13
2024_15_CHI_MIN_spread,2024_15_CHI_MIN,spread,-110.0,0.0,pending,,0.0,1.9090909090909087,,,2025-10-13
2024_15_CHI_MIN_spread,2024_15_CHI_MIN,spread,-110.0,0.0,pending,,0.0,1.9090909090909087,,,2025-10-13
2024_15_CHI_MIN_spread,2024_15_CHI_MIN,spread,-110.0,0.0,pending,,0.0,1.9090909090909087,,,2025-10-13
2024_16_HOU_KC_spread,2024_16_HOU_KC,spread,-110.0,0.0,pending,,0.0,1.9090909090909087,,,2025-10-13
2024_16_HOU_KC_spread,2024_16_HOU_KC,spread,-110.0,0.0,pending,,0.0,1.9090909090909087,,,2025-10-13
2024_18_CAR_ATL_spread,2024_18_CAR_ATL,spread,-110.0,0.0,pending,,0.0,1.9090909090909087,,,2025-10-13
2024_18_CAR_ATL_spread,2024_18_CAR_ATL,spread,-110.0,0.0,pending,,0.0,1.9090909090909087,,,2025-10-13
2024_18_CAR_ATL_spread,2024_18_CAR_ATL,spread,-110.0,0.0,pending,,0.0,1.9090909090909087,,,2025-10-13
2024_18_CHI_GB_spread,2024_18_CHI_GB,spread,-110.0,0.0,pending,,0.0,1.9090909090909087,,,2025-10-13
2024_18_CHI_GB_spread,2024_18_CHI_GB,spread,-110.0,0.0,pending,,0.0,1.9090909090909087,,,2025-10-13
2024_18_CHI_GB_spread,2024_18_CHI_GB,spread,-110.0,0.0,pending,,0.0,1.9090909090909087,,,2025-10-13
2024_18_JAX_IND_spread,2024_18_JAX_IND,spread,-110.0,0.0,pending,,0.0,1.9090909090909087,,,2025-10-13
2024_18_JAX_IND_spread,2024_18_JAX_IND,spread,-110.0,0.0,pending,,0.0,1.9090909090909087,,,2025-10-13
2024_18_JAX_IND_spread,2024_18_JAX_IND,spread,-110.0,0.0,pending,,0.0,1.9090909090909087,,,2025-10-13
2024_18_KC_DEN_spread,2024_18_KC_DEN,spread,-110.0,0.0,pending,,0.0,1.9090909090909087,,,2025-10-13
2024_18_KC_DEN_spread,2024_18_KC_DEN,spread,-110.0,0.0,pending,,0.0,1.9090909090909087,,,2025-10-13
2024_18_KC_DEN_spread,2024_18_KC_DEN,spread,-110.0,0.0,pending,,0.0,1.9090909090909087,,,2025-10-13
2024_18_LAC_LV_spread,2024_18_LAC_LV,spread,-110.0,0.0,pending,,0.0,1.9090909090909087,,,2025-10-13
2024_17_DET_SF_spread,2024_17_DET_SF,spread,-110.0,0.0,pending,,0.0,1.9090909090909087,,,2025-10-13
2024_16_MIN_SEA_spread,2024_16_MIN_SEA,spread,-110.0,0.0,pending,,0.0,1.9090909090909087,,,2025-10-13
2024_17_CAR_TB_spread,2024_17_CAR_TB,spread,-110.0,0.0,pending,,0.0,1.9090909090909087,,,2025-10-13
2024_17_ARI_LA_spread,2024_17_ARI_LA,spread,-110.0,0.0,pending,,0.0,1.9090909090909087,,,2025-10-13
2024_17_ARI_LA_spread,2024_17_ARI_LA,spread,-110.0,0.0,pending,,0.0,1.9090909090909087,,,2025-10-13
2024_17_ARI_LA_spread,2024_17_ARI_LA,spread,-110.0,0.0,pending,,0.0,1.9090909090909087,,,2025-10-13
2024_17_ATL_WAS_spread,2024_17_ATL_WAS,spread,-110.0,0.0,pending,,0.0,1.9090909090909087,,,2025-10-13
2024_17_ATL_WAS_spread,2024_17_ATL_WAS,spread,-110.0,0.0,pending,,0.0,1.9090909090909087,,,2025-10-13
2024_17_ATL_WAS_spread,2024_17_ATL_WAS,spread,-110.0,0.0,pending,,0.0,1.9090909090909087,,,2025-10-13
2024_17_BAL_HOU_spread,2024_17_BAL_HOU,spread,-110.0,0.0,pending,,0.0,1.9090909090909087,,,2025-10-13
2024_17_BAL_HOU_spread,2024_17_BAL_HOU,spread,-110.0,0.0,pending,,0.0,1.9090909090909087,,,2025-10-13
2024_17_BAL_HOU_spread,2024_17_BAL_HOU,spread,-110.0,0.0,pending,,0.0,1.9090909090909087,,,2025-10-13
2024_17_CAR_TB_spread,2024_17_CAR_TB,spread,-110.0,0.0,pending,,0.0,1.9090909090909087,,,2025-10-13
2024_17_CAR_TB_spread,2024_17_CAR_TB,spread,-110.0,0.0,pending,,0.0,1.9090909090909087,,,2025-10-13
2024_06_ATL_CAR_spread,2024_06_ATL_CAR,spread,-110.0,0.0,pending,,0.0,1.9090909090909087,,,2025-10-13
2024_06_ATL_CAR_spread,2024_06_ATL_CAR,spread,-110.0,0.0,pending,,0.0,1.9090909090909087,,,2025-10-13
2023_18_DEN_LV_spread,2023_18_DEN_LV,spread,-110.0,0.0,pending,,0.0,1.9090909090909087,,,2025-10-13
2023_18_CHI_GB_spread,2023_18_CHI_GB,spread,-110.0,0.0,pending,,0.0,1.9090909090909087,,,2025-10-13
2023_18_CHI_GB_spread,2023_18_CHI_GB,spread,-110.0,0.0,pending,,0.0,1.9090909090909087,,,2025-10-13
2023_18_CHI_GB_spread,2023_18_CHI_GB,spread,-110.0,0.0,pending,,0.0,1.9090909090909087,,,2025-10-13
2023_18_DEN_LV_spread,2023_18_DEN_LV,spread,-110.0,0.0,pending,,0.0,1.9090909090909087,,,2025-10-13
2023_18_DEN_LV_spread,2023_18_DEN_LV,spread,-110.0,0.0,pending,,0.0,1.9090909090909087,,,2025-10-13
2023_18_HOU_IND_spread,2023_18_HOU_IND,spread,-110.0,0.0,pending,,0.0,1.9090909090909087,,,2025-10-13
2023_17_CIN_KC_spread,2023_17_CIN_KC,spread,-110.0,0.0,pending,,0.0,1.9090909090909087,,,2025-10-13
2023_19_CLE_HOU_spread,2023_19_CLE_HOU,spread,-110.0,0.0,pending,,0.0,1.9090909090909087,,,2025-10-13
2023_19_CLE_HOU_spread,2023_19_CLE_HOU,spread,-110.0,0.0,pending,,0.0,1.9090909090909087,,,2025-10-13
2023_19_CLE_HOU_spread,2023_19_CLE_HOU,spread,-110.0,0.0,pending,,0.0,1.9090909090909087,,,2025-10-13
2023_18_BUF_MIA_spread,2023_18_BUF_MIA,spread,-110.0,0.0,pending,,0.0,1.9090909090909087,,,2025-10-13
2023_18_BUF_MIA_spread,2023_18_BUF_MIA,spread,-110.0,0.0,pending,,0.0,1.9090909090909087,,,2025-10-13
2023_18_BUF_MIA_spread,2023_18_BUF_MIA,spread,-110.0,0.0,pending,,0.0,1.9090909090909087,,,2025-10-13
2023_17_CIN_KC_spread,2023_17_CIN_KC,spread,-110.0,0.0,pending,,0.0,1.9090909090909087,,,2025-10-13
2023_17_CIN_KC_spread,2023_17_CIN_KC,spread,-110.0,0.0,pending,,0.0,1.9090909090909087,,,2025-10-13
2023_17_GB_MIN_spread,2023_17_GB_MIN,spread,-110.0,0.0,pending,,0.0,1.9090909090909087,,,2025-10-13
2023_17_GB_MIN_spread,2023_17_GB_MIN,spread,-110.0,0.0,pending,,0.0,1.9090909090909087,,,2025-10-13
2023_17_GB_MIN_spread,2023_17_GB_MIN,spread,-110.0,0.0,pending,,0.0,1.9090909090909087,,,2025-10-13
2023_17_LA_NYG_spread,2023_17_LA_NYG,spread,-110.0,0.0,pending,,0.0,1.9090909090909087,,,2025-10-13
2023_17_LAC_DEN_spread,2023_17_LAC_DEN,spread,-110.0,0.0,pending,,0.0,1.9090909090909087,,,2025-10-13
2023_17_LAC_DEN_spread,2023_17_LAC_DEN,spread,-110.0,0.0,pending,,0.0,1.9090909090909087,,,2025-10-13
2023_17_LAC_DEN_spread,2023_17_LAC_DEN,spread,-110.0,0.0,pending,,0.0,1.9090909090909087,,,2025-10-13
2023_18_ATL_NO_spread,2023_18_ATL_NO,spread,-110.0,0.0,pending,,0.0,1.9090909090909087,,,2025-10-13
2023_18_ATL_NO_spread,2023_18_ATL_NO,spread,-110.0,0.0,pending,,0.0,1.9090909090909087,,,2025-10-13
2023_18_ATL_NO_spread,2023_18_ATL_NO,spread,-110.0,0.0,pending,,0.0,1.9090909090909087,,,2025-10-13
2023_19_PHI_TB_spread,2023_19_PHI_TB,spread,-110.0,0.0,pending,,0.0,1.9090909090909087,,,2025-10-13
2023_19_PIT_BUF_spread,2023_19_PIT_BUF,spread,-110.0,0.0,pending,,0.0,1.9090909090909087,,,2025-10-13
2023_19_PIT_BUF_spread,2023_19_PIT_BUF,spread,-110.0,0.0,pending,,0.0,1.9090909090909087,,,2025-10-13
2023_19_PIT_BUF_spread,2023_19_PIT_BUF,spread,-110.0,0.0,pending,,0.0,1.9090909090909087,,,2025-10-13
2023_20_GB_SF_spread,2023_20_GB_SF,spread,-110.0,0.0,pending,,0.0,1.9090909090909087,,,2025-10-13
2023_20_GB_SF_spread,2023_20_GB_SF,spread,-110.0,0.0,pending,,0.0,1.9090909090909087,,,2025-10-13
2023_20_GB_SF_spread,2023_20_GB_SF,spread,-110.0,0.0,pending,,0.0,1.9090909090909087,,,2025-10-13
2023_20_HOU_BAL_spread,2023_20_HOU_BAL,spread,-110.0,0.0,pending,,0.0,1.9090909090909087,,,2025-10-13
2023_20_HOU_BAL_spread,2023_20_HOU_BAL,spread,-110.0,0.0,pending,,0.0,1.9090909090909087,,,2025-10-13
2023_20_HOU_BAL_spread,2023_20_HOU_BAL,spread,-110.0,0.0,pending,,0.0,1.9090909090909087,,,2025-10-13
2023_19_PHI_TB_spread,2023_19_PHI_TB,spread,-110.0,0.0,pending,,0.0,1.9090909090909087,,,2025-10-13
2023_19_PHI_TB_spread,2023_19_PHI_TB,spread,-110.0,0.0,pending,,0.0,1.9090909090909087,,,2025-10-13
2023_17_ATL_CHI_spread,2023_17_ATL_CHI,spread,-110.0,0.0,pending,,0.0,1.9090909090909087,,,2025-10-13
2024_05_NYJ_MIN_spread,2024_05_NYJ_MIN,spread,-110.0,0.0,pending,,0.0,1.9090909090909087,,,2025-10-13
2023_14_DEN_LAC_spread,2023_14_DEN_LAC,spread,-110.0,0.0,pending,,0.0,1.9090909090909087,,,2025-10-13
2023_13_SEA_DAL_spread,2023_13_SEA_DAL,spread,-110.0,0.0,pending,,0.0,1.9090909090909087,,,2025-10-13
2023_13_SF_PHI_spread,2023_13_SF_PHI,spread,-110.0,0.0,pending,,0.0,1.9090909090909087,,,2025-10-13
2023_14_BUF_KC_spread,2023_14_BUF_KC,spread,-110.0,0.0,pending,,0.0,1.9090909090909087,,,2025-10-13
2023_14_BUF_KC_spread,2023_14_BUF_KC,spread,-110.0,0.0,pending,,0.0,1.9090909090909087,,,2025-10-13
2023_14_BUF_KC_spread,2023_14_BUF_KC,spread,-110.0,0.0,pending,,0.0,1.9090909090909087,,,2025-10-13
2023_14_DEN_LAC_spread,2023_14_DEN_LAC,spread,-110.0,0.0,pending,,0.0,1.9090909090909087,,,2025-10-13
2023_14_DEN_LAC_spread,2023_14_DEN_LAC,spread,-110.0,0.0,pending,,0.0,1.9090909090909087,,,2025-10-13
2023_17_ATL_CHI_spread,2023_17_ATL_CHI,spread,-110.0,0.0,pending,,0.0,1.9090909090909087,,,2025-10-13
2023_14_GB_NYG_spread,2023_14_GB_NYG,spread,-110.0,0.0,pending,,0.0,1.9090909090909087,,,2025-10-13
2023_14_GB_NYG_spread,2023_14_GB_NYG,spread,-110.0,0.0,pending,,0.0,1.9090909090909087,,,2025-10-13
2023_14_GB_NYG_spread,2023_14_GB_NYG,spread,-110.0,0.0,pending,,0.0,1.9090909090909087,,,2025-10-13
2023_14_LA_BAL_spread,2023_14_LA_BAL,spread,-110.0,0.0,pending,,0.0,1.9090909090909087,,,2025-10-13
2023_14_LA_BAL_spread,2023_14_LA_BAL,spread,-110.0,0.0,pending,,0.0,1.9090909090909087,,,2025-10-13
2023_13_SEA_DAL_spread,2023_13_SEA_DAL,spread,-110.0,0.0,pending,,0.0,1.9090909090909087,,,2025-10-13
2023_13_SEA_DAL_spread,2023_13_SEA_DAL,spread,-110.0,0.0,pending,,0.0,1.9090909090909087,,,2025-10-13
2023_13_KC_GB_spread,2023_13_KC_GB,spread,-110.0,0.0,pending,,0.0,1.9090909090909087,,,2025-10-13
2022_02_IND_JAX_spread,2022_02_IND_JAX,spread,-110.0,0.0,pending,,0.0,1.9090909090909087,,,2025-10-13
2023_12_GB_DET_spread,2023_12_GB_DET,spread,-110.0,0.0,pending,,0.0,1.9090909090909087,,,2025-10-13
2023_12_JAX_HOU_spread,2023_12_JAX_HOU,spread,-110.0,0.0,pending,,0.0,1.9090909090909087,,,2025-10-13
2023_13_ARI_PIT_spread,2023_13_ARI_PIT,spread,-110.0,0.0,pending,,0.0,1.9090909090909087,,,2025-10-13
2023_13_ARI_PIT_spread,2023_13_ARI_PIT,spread,-110.0,0.0,pending,,0.0,1.9090909090909087,,,2025-10-13
2023_13_ARI_PIT_spread,2023_13_ARI_PIT,spread,-110.0,0.0,pending,,0.0,1.9090909090909087,,,2025-10-13
2023_13_DEN_HOU_spread,2023_13_DEN_HOU,spread,-110.0,0.0,pending,,0.0,1.9090909090909087,,,2025-10-13
2023_13_DEN_HOU_spread,2023_13_DEN_HOU,spread,-110.0,0.0,pending,,0.0,1.9090909090909087,,,2025-10-13
2023_13_DEN_HOU_spread,2023_13_DEN_HOU,spread,-110.0,0.0,pending,,0.0,1.9090909090909087,,,2025-10-13
2023_13_KC_GB_spread,2023_13_KC_GB,spread,-110.0,0.0,pending,,0.0,1.9090909090909087,,,2025-10-13
2023_13_KC_GB_spread,2023_13_KC_GB,spread,-110.0,0.0,pending,,0.0,1.9090909090909087,,,2025-10-13
2023_14_LA_BAL_spread,2023_14_LA_BAL,spread,-110.0,0.0,pending,,0.0,1.9090909090909087,,,2025-10-13
2023_14_MIN_LV_spread,2023_14_MIN_LV,spread,-110.0,0.0,pending,,0.0,1.9090909090909087,,,2025-10-13
2023_16_ARI_CHI_spread,2023_16_ARI_CHI,spread,-110.0,0.0,pending,,0.0,1.9090909090909087,,,2025-10-13
2023_16_BAL_SF_spread,2023_16_BAL_SF,spread,-110.0,0.0,pending,,0.0,1.9090909090909087,,,2025-10-13
2023_16_BAL_SF_spread,2023_16_BAL_SF,spread,-110.0,0.0,pending,,0.0,1.9090909090909087,,,2025-10-13
2023_16_BAL_SF_spread,2023_16_BAL_SF,spread,-110.0,0.0,pending,,0.0,1.9090909090909087,,,2025-10-13
2023_16_CIN_PIT_spread,2023_16_CIN_PIT,spread,-110.0,0.0,pending,,0.0,1.9090909090909087,,,2025-10-13
2023_16_CIN_PIT_spread,2023_16_CIN_PIT,spread,-110.0,0.0,pending,,0.0,1.9090909090909087,,,2025-10-13
2023_16_CIN_PIT_spread,2023_16_CIN_PIT,spread,-110.0,0.0,pending,,0.0,1.9090909090909087,,,2025-10-13
2023_16_DET_MIN_spread,2023_16_DET_MIN,spread,-110.0,0.0,pending,,0.0,1.9090909090909087,,,2025-10-13
2023_16_DET_MIN_spread,2023_16_DET_MIN,spread,-110.0,0.0,pending,,0.0,1.9090909090909087,,,2025-10-13
2023_16_DET_MIN_spread,2023_16_DET_MIN,spread,-110.0,0.0,pending,,0.0,1.9090909090909087,,,2025-10-13
2023_16_GB_CAR_spread,2023_16_GB_CAR,spread,-110.0,0.0,pending,,0.0,1.9090909090909087,,,2025-10-13
2023_17_ATL_CHI_spread,2023_17_ATL_CHI,spread,-110.0,0.0,pending,,0.0,1.9090909090909087,,,2025-10-13
2023_16_ARI_CHI_spread,2023_16_ARI_CHI,spread,-110.0,0.0,pending,,0.0,1.9090909090909087,,,2025-10-13
2023_16_ARI_CHI_spread,2023_16_ARI_CHI,spread,-110.0,0.0,pending,,0.0,1.9090909090909087,,,2025-10-13
2023_15_DAL_BUF_spread,2023_15_DAL_BUF,spread,-110.0,0.0,pending,,0.0,1.9090909090909087,,,2025-10-13
2023_15_DAL_BUF_spread,2023_15_DAL_BUF,spread,-110.0,0.0,pending,,0.0,1.9090909090909087,,,2025-10-13
2023_15_DAL_BUF_spread,2023_15_DAL_BUF,spread,-110.0,0.0,pending,,0.0,1.9090909090909087,,,2025-10-13
2023_15_DEN_DET_spread,2023_15_DEN_DET,spread,-110.0,0.0,pending,,0.0,1.9090909090909087,,,2025-10-13
2023_15_DEN_DET_spread,2023_15_DEN_DET,spread,-110.0,0.0,pending,,0.0,1.9090909090909087,,,2025-10-13
2023_15_DEN_DET_spread,2023_15_DEN_DET,spread,-110.0,0.0,pending,,0.0,1.9090909090909087,,,2025-10-13
2023_15_HOU_TEN_spread,2023_15_HOU_TEN,spread,-110.0,0.0,pending,,0.0,1.9090909090909087,,,2025-10-13
2023_15_HOU_TEN_spread,2023_15_HOU_TEN,spread,-110.0,0.0,pending,,0.0,1.9090909090909087,,,2025-10-13
2023_15_HOU_TEN_spread,2023_15_HOU_TEN,spread,-110.0,0.0,pending,,0.0,1.9090909090909087,,,2025-10-13
2023_15_KC_NE_spread,2023_15_KC_NE,spread,-110.0,0.0,pending,,0.0,1.9090909090909087,,,2025-10-13
2023_15_KC_NE_spread,2023_15_KC_NE,spread,-110.0,0.0,pending,,0.0,1.9090909090909087,,,2025-10-13
2023_15_LAC_LV_spread,2023_15_LAC_LV,spread,-110.0,0.0,pending,,0.0,1.9090909090909087,,,2025-10-13
2024_03_CAR_LV_spread,2024_03_CAR_LV,spread,-110.0,0.0,pending,,0.0,1.9090909090909087,,,2025-10-13
2024_02_NO_DAL_spread,2024_02_NO_DAL,spread,-110.0,0.0,pending,,0.0,1.9090909090909087,,,2025-10-13
2024_02_NO_DAL_spread,2024_02_NO_DAL,spread,-110.0,0.0,pending,,0.0,1.9090909090909087,,,2025-10-13
2024_02_NO_DAL_spread,2024_02_NO_DAL,spread,-110.0,0.0,pending,,0.0,1.9090909090909087,,,2025-10-13
2024_02_SEA_NE_spread,2024_02_SEA_NE,spread,-110.0,0.0,pending,,0.0,1.9090909090909087,,,2025-10-13
2024_03_CAR_LV_spread,2024_03_CAR_LV,spread,-110.0,0.0,pending,,0.0,1.9090909090909087,,,2025-10-13
2024_03_CAR_LV_spread,2024_03_CAR_LV,spread,-110.0,0.0,pending,,0.0,1.9090909090909087,,,2025-10-13
2024_03_DEN_TB_spread,2024_03_DEN_TB,spread,-110.0,0.0,pending,,0.0,1.9090909090909087,,,2025-10-13
2024_03_DEN_TB_spread,2024_03_DEN_TB,spread,-110.0,0.0,pending,,0.0,1.9090909090909087,,,2025-10-13
2024_03_DEN_TB_spread,2024_03_DEN_TB,spread,-110.0,0.0,pending,,0.0,1.9090909090909087,,,2025-10-13
2024_03_HOU_MIN_spread,2024_03_HOU_MIN,spread,-110.0,0.0,pending,,0.0,1.9090909090909087,,,2025-10-13
2024_03_HOU_MIN_spread,2024_03_HOU_MIN,spread,-110.0,0.0,pending,,0.0,1.9090909090909087,,,2025-10-13
2024_03_HOU_MIN_spread,2024_03_HOU_MIN,spread,-110.0,0.0,pending,,0.0,1.9090909090909087,,,2025-10-13
2024_02_CIN_KC_spread,2024_02_CIN_KC,spread,-110.0,0.0,pending,,0.0,1.9090909090909087,,,2025-10-13
2024_02_CIN_KC_spread,2024_02_CIN_KC,spread,-110.0,0.0,pending,,0.0,1.9090909090909087,,,2025-10-13
2024_02_CIN_KC_spread,2024_02_CIN_KC,spread,-110.0,0.0,pending,,0.0,1.9090909090909087,,,2025-10-13
2024_01_CAR_NO_spread,2024_01_CAR_NO,spread,-110.0,0.0,pending,,0.0,1.9090909090909087,,,2025-10-13
2024_01_DAL_CLE_spread,2024_01_DAL_CLE,spread,-110.0,0.0,pending,,0.0,1.9090909090909087,,,2025-10-13
2024_01_WAS_TB_spread,2024_01_WAS_TB,spread,-110.0,0.0,pending,,0.0,1.9090909090909087,,,2025-10-13
2024_01_WAS_TB_spread,2024_01_WAS_TB,spread,-110.0,0.0,pending,,0.0,1.9090909090909087,,,2025-10-13
2024_01_WAS_TB_spread,2024_01_WAS_TB,spread,-110.0,0.0,pending,,0.0,1.9090909090909087,,,2025-10-13
2024_02_BUF_MIA_spread,2024_02_BUF_MIA,spread,-110.0,0.0,pending,,0.0,1.9090909090909087,,,2025-10-13
2024_02_BUF_MIA_spread,2024_02_BUF_MIA,spread,-110.0,0.0,pending,,0.0,1.9090909090909087,,,2025-10-13
2024_02_BUF_MIA_spread,2024_02_BUF_MIA,spread,-110.0,0.0,pending,,0.0,1.9090909090909087,,,2025-10-13
2024_02_CHI_HOU_spread,2024_02_CHI_HOU,spread,-110.0,0.0,pending,,0.0,1.9090909090909087,,,2025-10-13
2024_02_CHI_HOU_spread,2024_02_CHI_HOU,spread,-110.0,0.0,pending,,0.0,1.9090909090909087,,,2025-10-13
2024_02_CHI_HOU_spread,2024_02_CHI_HOU,spread,-110.0,0.0,pending,,0.0,1.9090909090909087,,,2025-10-13
2024_03_KC_ATL_spread,2024_03_KC_ATL,spread,-110.0,0.0,pending,,0.0,1.9090909090909087,,,2025-10-13
2024_03_KC_ATL_spread,2024_03_KC_ATL,spread,-110.0,0.0,pending,,0.0,1.9090909090909087,,,2025-10-13
2024_03_KC_ATL_spread,2024_03_KC_ATL,spread,-110.0,0.0,pending,,0.0,1.9090909090909087,,,2025-10-13
2024_04_KC_LAC_spread,2024_04_KC_LAC,spread,-110.0,0.0,pending,,0.0,1.9090909090909087,,,2025-10-13
2024_05_BAL_CIN_spread,2024_05_BAL_CIN,spread,-110.0,0.0,pending,,0.0,1.9090909090909087,,,2025-10-13
2024_05_BAL_CIN_spread,2024_05_BAL_CIN,spread,-110.0,0.0,pending,,0.0,1.9090909090909087,,,2025-10-13
2024_05_BAL_CIN_spread,2024_05_BAL_CIN,spread,-110.0,0.0,pending,,0.0,1.9090909090909087,,,2025-10-13
2024_05_CAR_CHI_spread,2024_05_CAR_CHI,spread,-110.0,0.0,pending,,0.0,1.9090909090909087,,,2025-10-13
2024_05_CAR_CHI_spread,2024_05_CAR_CHI,spread,-110.0,0.0,pending,,0.0,1.9090909090909087,,,2025-10-13
2024_05_CAR_CHI_spread,2024_05_CAR_CHI,spread,-110.0,0.0,pending,,0.0,1.9090909090909087,,,2025-10-13
2024_05_IND_JAX_spread,2024_05_IND_JAX,spread,-110.0,0.0,pending,,0.0,1.9090909090909087,,,2025-10-13
2024_05_IND_JAX_spread,2024_05_IND_JAX,spread,-110.0,0.0,pending,,0.0,1.9090909090909087,,,2025-10-13
2024_05_IND_JAX_spread,2024_05_IND_JAX,spread,-110.0,0.0,pending,,0.0,1.9090909090909087,,,2025-10-13
2024_05_NYG_SEA_spread,2024_05_NYG_SEA,spread,-110.0,0.0,pending,,0.0,1.9090909090909087,,,2025-10-13
2024_05_NYG_SEA_spread,2024_05_NYG_SEA,spread,-110.0,0.0,pending,,0.0,1.9090909090909087,,,2025-10-13
2024_05_NYG_SEA_spread,2024_05_NYG_SEA,spread,-110.0,0.0,pending,,0.0,1.9090909090909087,,,2025-10-13
2024_04_DEN_NYJ_spread,2024_04_DEN_NYJ,spread,-110.0,0.0,pending,,0.0,1.9090909090909087,,,2025-10-13
2024_04_DEN_NYJ_spread,2024_04_DEN_NYJ,spread,-110.0,0.0,pending,,0.0,1.9090909090909087,,,2025-10-13
2024_03_LAC_PIT_spread,2024_03_LAC_PIT,spread,-110.0,0.0,pending,,0.0,1.9090909090909087,,,2025-10-13
2024_04_BUF_BAL_spread,2024_04_BUF_BAL,spread,-110.0,0.0,pending,,0.0,1.9090909090909087,,,2025-10-13
2024_04_BUF_BAL_spread,2024_04_BUF_BAL,spread,-110.0,0.0,pending,,0.0,1.9090909090909087,,,2025-10-13
2024_04_BUF_BAL_spread,2024_04_BUF_BAL,spread,-110.0,0.0,pending,,0.0,1.9090909090909087,,,2025-10-13
2024_04_CIN_CAR_spread,2024_04_CIN_CAR,spread,-110.0,0.0,pending,,0.0,1.9090909090909087,,,2025-10-13
2024_04_CIN_CAR_spread,2024_04_CIN_CAR,spread,-110.0,0.0,pending,,0.0,1.9090909090909087,,,2025-10-13
2024_04_CIN_CAR_spread,2024_04_CIN_CAR,spread,-110.0,0.0,pending,,0.0,1.9090909090909087,,,2025-10-13
2024_04_DAL_NYG_spread,2024_04_DAL_NYG,spread,-110.0,0.0,pending,,0.0,1.9090909090909087,,,2025-10-13
2024_04_DAL_NYG_spread,2024_04_DAL_NYG,spread,-110.0,0.0,pending,,0.0,1.9090909090909087,,,2025-10-13
2024_04_DAL_NYG_spread,2024_04_DAL_NYG,spread,-110.0,0.0,pending,,0.0,1.9090909090909087,,,2025-10-13
2024_04_DEN_NYJ_spread,2024_04_DEN_NYJ,spread,-110.0,0.0,pending,,0.0,1.9090909090909087,,,2025-10-13
2024_01_CAR_NO_spread,2024_01_CAR_NO,spread,-110.0,0.0,pending,,0.0,1.9090909090909087,,,2025-10-13
2024_01_CAR_NO_spread,2024_01_CAR_NO,spread,-110.0,0.0,pending,,0.0,1.9090909090909087,,,2025-10-13
2023_21_DET_SF_spread,2023_21_DET_SF,spread,-110.0,0.0,pending,,0.0,1.9090909090909087,,,2025-10-13
2023_21_DET_SF_spread,2023_21_DET_SF,spread,-110.0,0.0,pending,,0.0,1.9090909090909087,,,2025-10-13
2023_21_DET_SF_spread,2023_21_DET_SF,spread,-110.0,0.0,pending,,0.0,1.9090909090909087,,,2025-10-13
2023_21_KC_BAL_spread,2023_21_KC_BAL,spread,-110.0,0.0,pending,,0.0,1.9090909090909087,,,2025-10-13
2023_21_KC_BAL_spread,2023_21_KC_BAL,spread,-110.0,0.0,pending,,0.0,1.9090909090909087,,,2025-10-13
2023_21_KC_BAL_spread,2023_21_KC_BAL,spread,-110.0,0.0,pending,,0.0,1.9090909090909087,,,2025-10-13
2023_20_KC_BUF_spread,2023_20_KC_BUF,spread,-110.0,0.0,pending,,0.0,1.9090909090909087,,,2025-10-13
2023_20_KC_BUF_spread,2023_20_KC_BUF,spread,-110.0,0.0,pending,,0.0,1.9090909090909087,,,2025-10-13
2023_20_KC_BUF_spread,2023_20_KC_BUF,spread,-110.0,0.0,pending,,0.0,1.9090909090909087,,,2025-10-13
2024_01_BAL_KC_spread,2024_01_BAL_KC,spread,-110.0,0.0,pending,,0.0,1.9090909090909087,,,2025-10-13
2024_01_BAL_KC_spread,2024_01_BAL_KC,spread,-110.0,0.0,pending,,0.0,1.9090909090909087,,,2025-10-13
2024_01_BAL_KC_spread,2024_01_BAL_KC,spread,-110.0,0.0,pending,,0.0,1.9090909090909087,,,2025-10-13
2022_02_IND_JAX_spread,2022_02_IND_JAX,spread,-110.0,0.0,pending,,0.0,1.9090909090909087,,,2025-10-13
2022_01_NYG_TEN_spread,2022_01_NYG_TEN,spread,-110.0,0.0,pending,,0.0,1.9090909090909087,,,2025-10-13
2020_01_CLE_BAL_spread,2020_01_CLE_BAL,spread,-110.0,0.0,pending,,0.0,1.9090909090909087,,,2025-10-13
2020_01_ARI_SF_spread,2020_01_ARI_SF,spread,-110.0,0.0,pending,,0.0,1.9090909090909087,,,2025-10-13
2020_01_ARI_SF_spread,2020_01_ARI_SF,spread,-110.0,0.0,pending,,0.0,1.9090909090909087,,,2025-10-13
2020_01_ARI_SF_spread,2020_01_ARI_SF,spread,-110.0,0.0,pending,,0.0,1.9090909090909087,,,2025-10-13
2020_01_CHI_DET_spread,2020_01_CHI_DET,spread,-110.0,0.0,pending,,0.0,1.9090909090909087,,,2025-10-13
2020_01_CHI_DET_spread,2020_01_CHI_DET,spread,-110.0,0.0,pending,,0.0,1.9090909090909087,,,2025-10-13
2020_01_CHI_DET_spread,2020_01_CHI_DET,spread,-110.0,0.0,pending,,0.0,1.9090909090909087,,,2025-10-13
2020_01_CLE_BAL_spread,2020_01_CLE_BAL,spread,-110.0,0.0,pending,,0.0,1.9090909090909087,,,2025-10-13
2020_04_ARI_CAR_spread,2020_04_ARI_CAR,spread,-110.0,0.0,pending,,0.0,1.9090909090909087,,,2025-10-13
2020_01_CLE_BAL_spread,2020_01_CLE_BAL,spread,-110.0,0.0,pending,,0.0,1.9090909090909087,,,2025-10-13
2019_21_SF_KC_spread,2019_21_SF_KC,spread,-110.0,0.0,pending,,0.0,1.9090909090909087,,,2025-10-13
2019_21_SF_KC_spread,2019_21_SF_KC,spread,-110.0,0.0,pending,,0.0,1.9090909090909087,,,2025-10-13
2019_21_SF_KC_spread,2019_21_SF_KC,spread,-110.0,0.0,pending,,0.0,1.9090909090909087,,,2025-10-13
2019_20_TEN_KC_spread,2019_20_TEN_KC,spread,-110.0,0.0,pending,,0.0,1.9090909090909087,,,2025-10-13
2019_20_TEN_KC_spread,2019_20_TEN_KC,spread,-110.0,0.0,pending,,0.0,1.9090909090909087,,,2025-10-13
2020_01_LV_CAR_spread,2020_01_LV_CAR,spread,-110.0,0.0,pending,,0.0,1.9090909090909087,,,2025-10-13
2020_01_LV_CAR_spread,2020_01_LV_CAR,spread,-110.0,0.0,pending,,0.0,1.9090909090909087,,,2025-10-13
2020_01_LV_CAR_spread,2020_01_LV_CAR,spread,-110.0,0.0,pending,,0.0,1.9090909090909087,,,2025-10-13
2020_03_CAR_LAC_spread,2020_03_CAR_LAC,spread,-110.0,0.0,pending,,0.0,1.9090909090909087,,,2025-10-13
2020_03_DAL_SEA_spread,2020_03_DAL_SEA,spread,-110.0,0.0,pending,,0.0,1.9090909090909087,,,2025-10-13
2020_03_DAL_SEA_spread,2020_03_DAL_SEA,spread,-110.0,0.0,pending,,0.0,1.9090909090909087,,,2025-10-13
2020_03_DAL_SEA_spread,2020_03_DAL_SEA,spread,-110.0,0.0,pending,,0.0,1.9090909090909087,,,2025-10-13
2020_03_DET_ARI_spread,2020_03_DET_ARI,spread,-110.0,0.0,pending,,0.0,1.9090909090909087,,,2025-10-13
2020_03_DET_ARI_spread,2020_03_DET_ARI,spread,-110.0,0.0,pending,,0.0,1.9090909090909087,,,2025-10-13
2020_03_DET_ARI_spread,2020_03_DET_ARI,spread,-110.0,0.0,pending,,0.0,1.9090909090909087,,,2025-10-13
2020_03_KC_BAL_spread,2020_03_KC_BAL,spread,-110.0,0.0,pending,,0.0,1.9090909090909087,,,2025-10-13
2020_03_KC_BAL_spread,2020_03_KC_BAL,spread,-110.0,0.0,pending,,0.0,1.9090909090909087,,,2025-10-13
2020_03_KC_BAL_spread,2020_03_KC_BAL,spread,-110.0,0.0,pending,,0.0,1.9090909090909087,,,2025-10-13
2020_03_LA_BUF_spread,2020_03_LA_BUF,spread,-110.0,0.0,pending,,0.0,1.9090909090909087,,,2025-10-13
2020_03_LA_BUF_spread,2020_03_LA_BUF,spread,-110.0,0.0,pending,,0.0,1.9090909090909087,,,2025-10-13
2020_03_LA_BUF_spread,2020_03_LA_BUF,spread,-110.0,0.0,pending,,0.0,1.9090909090909087,,,2025-10-13
2020_02_DET_GB_spread,2020_02_DET_GB,spread,-110.0,0.0,pending,,0.0,1.9090909090909087,,,2025-10-13
2020_02_DEN_PIT_spread,2020_02_DEN_PIT,spread,-110.0,0.0,pending,,0.0,1.9090909090909087,,,2025-10-13
2020_02_BUF_MIA_spread,2020_02_BUF_MIA,spread,-110.0,0.0,pending,,0.0,1.9090909090909087,,,2025-10-13
2020_02_BUF_MIA_spread,2020_02_BUF_MIA,spread,-110.0,0.0,pending,,0.0,1.9090909090909087,,,2025-10-13
2020_02_BUF_MIA_spread,2020_02_BUF_MIA,spread,-110.0,0.0,pending,,0.0,1.9090909090909087,,,2025-10-13
2020_02_CAR_TB_spread,2020_02_CAR_TB,spread,-110.0,0.0,pending,,0.0,1.9090909090909087,,,2025-10-13
2020_02_CAR_TB_spread,2020_02_CAR_TB,spread,-110.0,0.0,pending,,0.0,1.9090909090909087,,,2025-10-13
2020_02_CAR_TB_spread,2020_02_CAR_TB,spread,-110.0,0.0,pending,,0.0,1.9090909090909087,,,2025-10-13
2020_02_CIN_CLE_spread,2020_02_CIN_CLE,spread,-110.0,0.0,pending,,0.0,1.9090909090909087,,,2025-10-13
2020_02_CIN_CLE_spread,2020_02_CIN_CLE,spread,-110.0,0.0,pending,,0.0,1.9090909090909087,,,2025-10-13
2020_02_CIN_CLE_spread,2020_02_CIN_CLE,spread,-110.0,0.0,pending,,0.0,1.9090909090909087,,,2025-10-13
2020_02_DEN_PIT_spread,2020_02_DEN_PIT,spread,-110.0,0.0,pending,,0.0,1.9090909090909087,,,2025-10-13
2020_02_DEN_PIT_spread,2020_02_DEN_PIT,spread,-110.0,0.0,pending,,0.0,1.9090909090909087,,,2025-10-13
2019_20_TEN_KC_spread,2019_20_TEN_KC,spread,-110.0,0.0,pending,,0.0,1.9090909090909087,,,2025-10-13
2019_19_MIN_SF_spread,2019_19_MIN_SF,spread,-110.0,0.0,pending,,0.0,1.9090909090909087,,,2025-10-13
2019_19_MIN_SF_spread,2019_19_MIN_SF,spread,-110.0,0.0,pending,,0.0,1.9090909090909087,,,2025-10-13
2019_19_MIN_SF_spread,2019_19_MIN_SF,spread,-110.0,0.0,pending,,0.0,1.9090909090909087,,,2025-10-13
2019_19_SEA_GB_spread,2019_19_SEA_GB,spread,-110.0,0.0,pending,,0.0,1.9090909090909087,,,2025-10-13
2019_19_SEA_GB_spread,2019_19_SEA_GB,spread,-110.0,0.0,pending,,0.0,1.9090909090909087,,,2025-10-13
2019_19_SEA_GB_spread,2019_19_SEA_GB,spread,-110.0,0.0,pending,,0.0,1.9090909090909087,,,2025-10-13
2019_18_MIN_NO_spread,2019_18_MIN_NO,spread,-110.0,0.0,pending,,0.0,1.9090909090909087,,,2025-10-13
2019_18_MIN_NO_spread,2019_18_MIN_NO,spread,-110.0,0.0,pending,,0.0,1.9090909090909087,,,2025-10-13
2019_18_MIN_NO_spread,2019_18_MIN_NO,spread,-110.0,0.0,pending,,0.0,1.9090909090909087,,,2025-10-13
2019_18_SEA_PHI_spread,2019_18_SEA_PHI,spread,-110.0,0.0,pending,,0.0,1.9090909090909087,,,2025-10-13
2019_18_SEA_PHI_spread,2019_18_SEA_PHI,spread,-110.0,0.0,pending,,0.0,1.9090909090909087,,,2025-10-13
2019_18_SEA_PHI_spread,2019_18_SEA_PHI,spread,-110.0,0.0,pending,,0.0,1.9090909090909087,,,2025-10-13
2019_20_GB_SF_spread,2019_20_GB_SF,spread,-110.0,0.0,pending,,0.0,1.9090909090909087,,,2025-10-13
2019_20_GB_SF_spread,2019_20_GB_SF,spread,-110.0,0.0,pending,,0.0,1.9090909090909087,,,2025-10-13
2019_20_GB_SF_spread,2019_20_GB_SF,spread,-110.0,0.0,pending,,0.0,1.9090909090909087,,,2025-10-13
2019_19_TEN_BAL_spread,2019_19_TEN_BAL,spread,-110.0,0.0,pending,,0.0,1.9090909090909087,,,2025-10-13
2020_04_ARI_CAR_spread,2020_04_ARI_CAR,spread,-110.0,0.0,pending,,0.0,1.9090909090909087,,,2025-10-13
2020_04_ARI_CAR_spread,2020_04_ARI_CAR,spread,-110.0,0.0,pending,,0.0,1.9090909090909087,,,2025-10-13
2020_11_CIN_WAS_spread,2020_11_CIN_WAS,spread,-110.0,0.0,pending,,0.0,1.9090909090909087,,,2025-10-13
2020_09_BAL_IND_spread,2020_09_BAL_IND,spread,-110.0,0.0,pending,,0.0,1.9090909090909087,,,2025-10-13
2020_08_TB_NYG_spread,2020_08_TB_NYG,spread,-110.0,0.0,pending,,0.0,1.9090909090909087,,,2025-10-13
2020_08_TB_NYG_spread,2020_08_TB_NYG,spread,-110.0,0.0,pending,,0.0,1.9090909090909087,,,2025-10-13
2020_09_BAL_IND_spread,2020_09_BAL_IND,spread,-110.0,0.0,pending,,0.0,1.9090909090909087,,,2025-10-13
2020_09_BAL_IND_spread,2020_09_BAL_IND,spread,-110.0,0.0,pending,,0.0,1.9090909090909087,,,2025-10-13
2020_08_TB_NYG_spread,2020_08_TB_NYG,spread,-110.0,0.0,pending,,0.0,1.9090909090909087,,,2025-10-13
2020_08_SF_SEA_spread,2020_08_SF_SEA,spread,-110.0,0.0,pending,,0.0,1.9090909090909087,,,2025-10-13
2020_08_SF_SEA_spread,2020_08_SF_SEA,spread,-110.0,0.0,pending,,0.0,1.9090909090909087,,,2025-10-13
2020_07_SEA_ARI_spread,2020_07_SEA_ARI,spread,-110.0,0.0,pending,,0.0,1.9090909090909087,,,2025-10-13
2020_08_ATL_CAR_spread,2020_08_ATL_CAR,spread,-110.0,0.0,pending,,0.0,1.9090909090909087,,,2025-10-13
2020_08_ATL_CAR_spread,2020_08_ATL_CAR,spread,-110.0,0.0,pending,,0.0,1.9090909090909087,,,2025-10-13
2020_08_ATL_CAR_spread,2020_08_ATL_CAR,spread,-110.0,0.0,pending,,0.0,1.9090909090909087,,,2025-10-13
2020_08_LAC_DEN_spread,2020_08_LAC_DEN,spread,-110.0,0.0,pending,,0.0,1.9090909090909087,,,2025-10-13
2020_08_LAC_DEN_spread,2020_08_LAC_DEN,spread,-110.0,0.0,pending,,0.0,1.9090909090909087,,,2025-10-13
2020_08_LAC_DEN_spread,2020_08_LAC_DEN,spread,-110.0,0.0,pending,,0.0,1.9090909090909087,,,2025-10-13
2020_08_PIT_BAL_spread,2020_08_PIT_BAL,spread,-110.0,0.0,pending,,0.0,1.9090909090909087,,,2025-10-13
2020_08_PIT_BAL_spread,2020_08_PIT_BAL,spread,-110.0,0.0,pending,,0.0,1.9090909090909087,,,2025-10-13
2020_08_PIT_BAL_spread,2020_08_PIT_BAL,spread,-110.0,0.0,pending,,0.0,1.9090909090909087,,,2025-10-13
2020_08_SF_SEA_spread,2020_08_SF_SEA,spread,-110.0,0.0,pending,,0.0,1.9090909090909087,,,2025-10-13
2020_09_MIA_ARI_spread,2020_09_MIA_ARI,spread,-110.0,0.0,pending,,0.0,1.9090909090909087,,,2025-10-13
2020_10_IND_TEN_spread,2020_10_IND_TEN,spread,-110.0,0.0,pending,,0.0,1.9090909090909087,,,2025-10-13
2020_10_PHI_NYG_spread,2020_10_PHI_NYG,spread,-110.0,0.0,pending,,0.0,1.9090909090909087,,,2025-10-13
2020_10_PHI_NYG_spread,2020_10_PHI_NYG,spread,-110.0,0.0,pending,,0.0,1.9090909090909087,,,2025-10-13
2020_10_PHI_NYG_spread,2020_10_PHI_NYG,spread,-110.0,0.0,pending,,0.0,1.9090909090909087,,,2025-10-13
2020_10_TB_CAR_spread,2020_10_TB_CAR,spread,-110.0,0.0,pending,,0.0,1.9090909090909087,,,2025-10-13
2020_10_TB_CAR_spread,2020_10_TB_CAR,spread,-110.0,0.0,pending,,0.0,1.9090909090909087,,,2025-10-13
2020_10_TB_CAR_spread,2020_10_TB_CAR,spread,-110.0,0.0,pending,,0.0,1.9090909090909087,,,2025-10-13
2020_11_ARI_SEA_spread,2020_11_ARI_SEA,spread,-110.0,0.0,pending,,0.0,1.9090909090909087,,,2025-10-13
2020_11_ARI_SEA_spread,2020_11_ARI_SEA,spread,-110.0,0.0,pending,,0.0,1.9090909090909087,,,2025-10-13
2020_11_ARI_SEA_spread,2020_11_ARI_SEA,spread,-110.0,0.0,pending,,0.0,1.9090909090909087,,,2025-10-13
2020_11_ATL_NO_spread,2020_11_ATL_NO,spread,-110.0,0.0,pending,,0.0,1.9090909090909087,,,2025-10-13
2020_11_ATL_NO_spread,2020_11_ATL_NO,spread,-110.0,0.0,pending,,0.0,1.9090909090909087,,,2025-10-13
2020_11_ATL_NO_spread,2020_11_ATL_NO,spread,-110.0,0.0,pending,,0.0,1.9090909090909087,,,2025-10-13
2020_10_IND_TEN_spread,2020_10_IND_TEN,spread,-110.0,0.0,pending,,0.0,1.9090909090909087,,,2025-10-13
2020_10_IND_TEN_spread,2020_10_IND_TEN,spread,-110.0,0.0,pending,,0.0,1.9090909090909087,,,2025-10-13
2020_09_MIA_ARI_spread,2020_09_MIA_ARI,spread,-110.0,0.0,pending,,0.0,1.9090909090909087,,,2025-10-13
2020_09_MIA_ARI_spread,2020_09_MIA_ARI,spread,-110.0,0.0,pending,,0.0,1.9090909090909087,,,2025-10-13
2020_09_NO_TB_spread,2020_09_NO_TB,spread,-110.0,0.0,pending,,0.0,1.9090909090909087,,,2025-10-13
2020_09_NO_TB_spread,2020_09_NO_TB,spread,-110.0,0.0,pending,,0.0,1.9090909090909087,,,2025-10-13
2020_09_NO_TB_spread,2020_09_NO_TB,spread,-110.0,0.0,pending,,0.0,1.9090909090909087,,,2025-10-13
2020_09_NYG_WAS_spread,2020_09_NYG_WAS,spread,-110.0,0.0,pending,,0.0,1.9090909090909087,,,2025-10-13
2020_09_NYG_WAS_spread,2020_09_NYG_WAS,spread,-110.0,0.0,pending,,0.0,1.9090909090909087,,,2025-10-13
2020_09_NYG_WAS_spread,2020_09_NYG_WAS,spread,-110.0,0.0,pending,,0.0,1.9090909090909087,,,2025-10-13
2020_10_BAL_NE_spread,2020_10_BAL_NE,spread,-110.0,0.0,pending,,0.0,1.9090909090909087,,,2025-10-13
2020_10_CIN_PIT_spread,2020_10_CIN_PIT,spread,-110.0,0.0,pending,,0.0,1.9090909090909087,,,2025-10-13
2020_10_CIN_PIT_spread,2020_10_CIN_PIT,spread,-110.0,0.0,pending,,0.0,1.9090909090909087,,,2025-10-13
2020_10_CIN_PIT_spread,2020_10_CIN_PIT,spread,-110.0,0.0,pending,,0.0,1.9090909090909087,,,2025-10-13
2020_07_SEA_ARI_spread,2020_07_SEA_ARI,spread,-110.0,0.0,pending,,0.0,1.9090909090909087,,,2025-10-13
2020_07_SEA_ARI_spread,2020_07_SEA_ARI,spread,-110.0,0.0,pending,,0.0,1.9090909090909087,,,2025-10-13
2020_04_DEN_NYJ_spread,2020_04_DEN_NYJ,spread,-110.0,0.0,pending,,0.0,1.9090909090909087,,,2025-10-13
2020_04_DEN_NYJ_spread,2020_04_DEN_NYJ,spread,-110.0,0.0,pending,,0.0,1.9090909090909087,,,2025-10-13
2020_04_NE_KC_spread,2020_04_NE_KC,spread,-110.0,0.0,pending,,0.0,1.9090909090909087,,,2025-10-13
2020_04_NE_KC_spread,2020_04_NE_KC,spread,-110.0,0.0,pending,,0.0,1.9090909090909087,,,2025-10-13
2020_04_NE_KC_spread,2020_04_NE_KC,spread,-110.0,0.0,pending,,0.0,1.9090909090909087,,,2025-10-13
2020_05_ARI_NYJ_spread,2020_05_ARI_NYJ,spread,-110.0,0.0,pending,,0.0,1.9090909090909087,,,2025-10-13
2020_05_BUF_TEN_spread,2020_05_BUF_TEN,spread,-110.0,0.0,pending,,0.0,1.9090909090909087,,,2025-10-13
2020_05_BUF_TEN_spread,2020_05_BUF_TEN,spread,-110.0,0.0,pending,,0.0,1.9090909090909087,,,2025-10-13
2020_05_BUF_TEN_spread,2020_05_BUF_TEN,spread,-110.0,0.0,pending,,0.0,1.9090909090909087,,,2025-10-13
2020_05_CIN_BAL_spread,2020_05_CIN_BAL,spread,-110.0,0.0,pending,,0.0,1.9090909090909087,,,2025-10-13
2020_05_CIN_BAL_spread,2020_05_CIN_BAL,spread,-110.0,0.0,pending,,0.0,1.9090909090909087,,,2025-10-13
2020_05_CIN_BAL_spread,2020_05_CIN_BAL,spread,-110.0,0.0,pending,,0.0,1.9090909090909087,,,2025-10-13
2020_05_MIN_SEA_spread,2020_05_MIN_SEA,spread,-110.0,0.0,pending,,0.0,1.9090909090909087,,,2025-10-13
2020_04_DEN_NYJ_spread,2020_04_DEN_NYJ,spread,-110.0,0.0,pending,,0.0,1.9090909090909087,,,2025-10-13
2020_05_MIN_SEA_spread,2020_05_MIN_SEA,spread,-110.0,0.0,pending,,0.0,1.9090909090909087,,,2025-10-13
2020_04_ATL_GB_spread,2020_04_ATL_GB,spread,-110.0,0.0,pending,,0.0,1.9090909090909087,,,2025-10-13
2020_04_ATL_GB_spread,2020_04_ATL_GB,spread,-110.0,0.0,pending,,0.0,1.9090909090909087,,,2025-10-13
2020_04_ATL_GB_spread,2020_04_ATL_GB,spread,-110.0,0.0,pending,,0.0,1.9090909090909087,,,2025-10-13
2020_05_MIN_SEA_spread,2020_05_MIN_SEA,spread,-110.0,0.0,pending,,0.0,1.9090909090909087,,,2025-10-13
2020_07_PIT_TEN_spread,2020_07_PIT_TEN,spread,-110.0,0.0,pending,,0.0,1.9090909090909087,,,2025-10-13
2020_06_DEN_NE_spread,2020_06_DEN_NE,spread,-110.0,0.0,pending,,0.0,1.9090909090909087,,,2025-10-13
2020_07_BUF_NYJ_spread,2020_07_BUF_NYJ,spread,-110.0,0.0,pending,,0.0,1.9090909090909087,,,2025-10-13
2020_07_BUF_NYJ_spread,2020_07_BUF_NYJ,spread,-110.0,0.0,pending,,0.0,1.9090909090909087,,,2025-10-13
2020_07_BUF_NYJ_spread,2020_07_BUF_NYJ,spread,-110.0,0.0,pending,,0.0,1.9090909090909087,,,2025-10-13
2020_07_KC_DEN_spread,2020_07_KC_DEN,spread,-110.0,0.0,pending,,0.0,1.9090909090909087,,,2025-10-13
2020_07_KC_DEN_spread,2020_07_KC_DEN,spread,-110.0,0.0,pending,,0.0,1.9090909090909087,,,2025-10-13
2020_07_KC_DEN_spread,2020_07_KC_DEN,spread,-110.0,0.0,pending,,0.0,1.9090909090909087,,,2025-10-13
2020_07_NYG_PHI_spread,2020_07_NYG_PHI,spread,-110.0,0.0,pending,,0.0,1.9090909090909087,,,2025-10-13
2020_07_NYG_PHI_spread,2020_07_NYG_PHI,spread,-110.0,0.0,pending,,0.0,1.9090909090909087,,,2025-10-13
2020_07_NYG_PHI_spread,2020_07_NYG_PHI,spread,-110.0,0.0,pending,,0.0,1.9090909090909087,,,2025-10-13
2020_07_PIT_TEN_spread,2020_07_PIT_TEN,spread,-110.0,0.0,pending,,0.0,1.9090909090909087,,,2025-10-13
2020_07_PIT_TEN_spread,2020_07_PIT_TEN,spread,-110.0,0.0,pending,,0.0,1.9090909090909087,,,2025-10-13
2020_06_HOU_TEN_spread,2020_06_HOU_TEN,spread,-110.0,0.0,pending,,0.0,1.9090909090909087,,,2025-10-13
2020_06_DEN_NE_spread,2020_06_DEN_NE,spread,-110.0,0.0,pending,,0.0,1.9090909090909087,,,2025-10-13
2020_05_PHI_PIT_spread,2020_05_PHI_PIT,spread,-110.0,0.0,pending,,0.0,1.9090909090909087,,,2025-10-13
2020_06_DEN_NE_spread,2020_06_DEN_NE,spread,-110.0,0.0,pending,,0.0,1.9090909090909087,,,2025-10-13
2020_05_PHI_PIT_spread,2020_05_PHI_PIT,spread,-110.0,0.0,pending,,0.0,1.9090909090909087,,,2025-10-13
2020_05_PHI_PIT_spread,2020_05_PHI_PIT,spread,-110.0,0.0,pending,,0.0,1.9090909090909087,,,2025-10-13
2020_06_BAL_PHI_spread,2020_06_BAL_PHI,spread,-110.0,0.0,pending,,0.0,1.9090909090909087,,,2025-10-13
2020_06_BAL_PHI_spread,2020_06_BAL_PHI,spread,-110.0,0.0,pending,,0.0,1.9090909090909087,,,2025-10-13
2020_06_CHI_CAR_spread,2020_06_CHI_CAR,spread,-110.0,0.0,pending,,0.0,1.9090909090909087,,,2025-10-13
2020_06_CHI_CAR_spread,2020_06_CHI_CAR,spread,-110.0,0.0,pending,,0.0,1.9090909090909087,,,2025-10-13
2020_06_CHI_CAR_spread,2020_06_CHI_CAR,spread,-110.0,0.0,pending,,0.0,1.9090909090909087,,,2025-10-13
2020_06_CLE_PIT_spread,2020_06_CLE_PIT,spread,-110.0,0.0,pending,,0.0,1.9090909090909087,,,2025-10-13
2020_06_CLE_PIT_spread,2020_06_CLE_PIT,spread,-110.0,0.0,pending,,0.0,1.9090909090909087,,,2025-10-13
2020_06_CLE_PIT_spread,2020_06_CLE_PIT,spread,-110.0,0.0,pending,,0.0,1.9090909090909087,,,2025-10-13
2019_18_BUF_HOU_spread,2019_18_BUF_HOU,spread,-110.0,0.0,pending,,0.0,1.9090909090909087,,,2025-10-13
2019_18_BUF_HOU_spread,2019_18_BUF_HOU,spread,-110.0,0.0,pending,,0.0,1.9090909090909087,,,2025-10-13
2019_18_BUF_HOU_spread,2019_18_BUF_HOU,spread,-110.0,0.0,pending,,0.0,1.9090909090909087,,,2025-10-13
2019_07_HOU_IND_spread,2019_07_HOU_IND,spread,-110.0,0.0,pending,,0.0,1.9090909090909087,,,2025-10-13
2019_06_PHI_MIN_spread,2019_06_PHI_MIN,spread,-110.0,0.0,pending,,0.0,1.9090909090909087,,,2025-10-13
2019_06_PHI_MIN_spread,2019_06_PHI_MIN,spread,-110.0,0.0,pending,,0.0,1.9090909090909087,,,2025-10-13
2019_06_PHI_MIN_spread,2019_06_PHI_MIN,spread,-110.0,0.0,pending,,0.0,1.9090909090909087,,,2025-10-13
2019_06_PIT_LAC_spread,2019_06_PIT_LAC,spread,-110.0,0.0,pending,,0.0,1.9090909090909087,,,2025-10-13
2019_07_HOU_IND_spread,2019_07_HOU_IND,spread,-110.0,0.0,pending,,0.0,1.9090909090909087,,,2025-10-13
2019_07_HOU_IND_spread,2019_07_HOU_IND,spread,-110.0,0.0,pending,,0.0,1.9090909090909087,,,2025-10-13
2019_07_KC_DEN_spread,2019_07_KC_DEN,spread,-110.0,0.0,pending,,0.0,1.9090909090909087,,,2025-10-13
2019_07_KC_DEN_spread,2019_07_KC_DEN,spread,-110.0,0.0,pending,,0.0,1.9090909090909087,,,2025-10-13
2019_07_KC_DEN_spread,2019_07_KC_DEN,spread,-110.0,0.0,pending,,0.0,1.9090909090909087,,,2025-10-13
2019_07_LAC_TEN_spread,2019_07_LAC_TEN,spread,-110.0,0.0,pending,,0.0,1.9090909090909087,,,2025-10-13
2019_07_LAC_TEN_spread,2019_07_LAC_TEN,spread,-110.0,0.0,pending,,0.0,1.9090909090909087,,,2025-10-13
2019_07_LAC_TEN_spread,2019_07_LAC_TEN,spread,-110.0,0.0,pending,,0.0,1.9090909090909087,,,2025-10-13
2019_06_NYG_NE_spread,2019_06_NYG_NE,spread,-110.0,0.0,pending,,0.0,1.9090909090909087,,,2025-10-13
2019_06_NYG_NE_spread,2019_06_NYG_NE,spread,-110.0,0.0,pending,,0.0,1.9090909090909087,,,2025-10-13
2019_06_NYG_NE_spread,2019_06_NYG_NE,spread,-110.0,0.0,pending,,0.0,1.9090909090909087,,,2025-10-13
2019_05_CHI_OAK_spread,2019_05_CHI_OAK,spread,-110.0,0.0,pending,,0.0,1.9090909090909087,,,2025-10-13
2019_05_CHI_OAK_spread,2019_05_CHI_OAK,spread,-110.0,0.0,pending,,0.0,1.9090909090909087,,,2025-10-13
2019_05_DEN_LAC_spread,2019_05_DEN_LAC,spread,-110.0,0.0,pending,,0.0,1.9090909090909087,,,2025-10-13
2019_05_DEN_LAC_spread,2019_05_DEN_LAC,spread,-110.0,0.0,pending,,0.0,1.9090909090909087,,,2025-10-13
2019_05_DEN_LAC_spread,2019_05_DEN_LAC,spread,-110.0,0.0,pending,,0.0,1.9090909090909087,,,2025-10-13
2019_05_GB_DAL_spread,2019_05_GB_DAL,spread,-110.0,0.0,pending,,0.0,1.9090909090909087,,,2025-10-13
2019_06_CAR_TB_spread,2019_06_CAR_TB,spread,-110.0,0.0,pending,,0.0,1.9090909090909087,,,2025-10-13
2019_06_CAR_TB_spread,2019_06_CAR_TB,spread,-110.0,0.0,pending,,0.0,1.9090909090909087,,,2025-10-13
2019_06_CAR_TB_spread,2019_06_CAR_TB,spread,-110.0,0.0,pending,,0.0,1.9090909090909087,,,2025-10-13
2019_06_DET_GB_spread,2019_06_DET_GB,spread,-110.0,0.0,pending,,0.0,1.9090909090909087,,,2025-10-13
2019_06_DET_GB_spread,2019_06_DET_GB,spread,-110.0,0.0,pending,,0.0,1.9090909090909087,,,2025-10-13
2019_06_DET_GB_spread,2019_06_DET_GB,spread,-110.0,0.0,pending,,0.0,1.9090909090909087,,,2025-10-13
2019_07_MIA_BUF_spread,2019_07_MIA_BUF,spread,-110.0,0.0,pending,,0.0,1.9090909090909087,,,2025-10-13
2019_07_MIA_BUF_spread,2019_07_MIA_BUF,spread,-110.0,0.0,pending,,0.0,1.9090909090909087,,,2025-10-13
2019_08_OAK_HOU_spread,2019_08_OAK_HOU,spread,-110.0,0.0,pending,,0.0,1.9090909090909087,,,2025-10-13
2019_09_DAL_NYG_spread,2019_09_DAL_NYG,spread,-110.0,0.0,pending,,0.0,1.9090909090909087,,,2025-10-13
2019_09_DAL_NYG_spread,2019_09_DAL_NYG,spread,-110.0,0.0,pending,,0.0,1.9090909090909087,,,2025-10-13
2019_09_DAL_NYG_spread,2019_09_DAL_NYG,spread,-110.0,0.0,pending,,0.0,1.9090909090909087,,,2025-10-13
2019_09_GB_LAC_spread,2019_09_GB_LAC,spread,-110.0,0.0,pending,,0.0,1.9090909090909087,,,2025-10-13
2019_09_GB_LAC_spread,2019_09_GB_LAC,spread,-110.0,0.0,pending,,0.0,1.9090909090909087,,,2025-10-13
2019_09_GB_LAC_spread,2019_09_GB_LAC,spread,-110.0,0.0,pending,,0.0,1.9090909090909087,,,2025-10-13
2019_09_HOU_JAX_spread,2019_09_HOU_JAX,spread,-110.0,0.0,pending,,0.0,1.9090909090909087,,,2025-10-13
2019_09_HOU_JAX_spread,2019_09_HOU_JAX,spread,-110.0,0.0,pending,,0.0,1.9090909090909087,,,2025-10-13
2019_09_HOU_JAX_spread,2019_09_HOU_JAX,spread,-110.0,0.0,pending,,0.0,1.9090909090909087,,,2025-10-13
2019_09_IND_PIT_spread,2019_09_IND_PIT,spread,-110.0,0.0,pending,,0.0,1.9090909090909087,,,2025-10-13
2019_09_IND_PIT_spread,2019_09_IND_PIT,spread,-110.0,0.0,pending,,0.0,1.9090909090909087,,,2025-10-13
2019_09_IND_PIT_spread,2019_09_IND_PIT,spread,-110.0,0.0,pending,,0.0,1.9090909090909087,,,2025-10-13
2019_08_WAS_MIN_spread,2019_08_WAS_MIN,spread,-110.0,0.0,pending,,0.0,1.9090909090909087,,,2025-10-13
2019_08_OAK_HOU_spread,2019_08_OAK_HOU,spread,-110.0,0.0,pending,,0.0,1.9090909090909087,,,2025-10-13
2019_07_MIA_BUF_spread,2019_07_MIA_BUF,spread,-110.0,0.0,pending,,0.0,1.9090909090909087,,,2025-10-13
2019_08_OAK_HOU_spread,2019_08_OAK_HOU,spread,-110.0,0.0,pending,,0.0,1.9090909090909087,,,2025-10-13
2019_07_MIN_DET_spread,2019_07_MIN_DET,spread,-110.0,0.0,pending,,0.0,1.9090909090909087,,,2025-10-13
2019_08_ARI_NO_spread,2019_08_ARI_NO,spread,-110.0,0.0,pending,,0.0,1.9090909090909087,,,2025-10-13
2019_08_ARI_NO_spread,2019_08_ARI_NO,spread,-110.0,0.0,pending,,0.0,1.9090909090909087,,,2025-10-13
2019_08_ARI_NO_spread,2019_08_ARI_NO,spread,-110.0,0.0,pending,,0.0,1.9090909090909087,,,2025-10-13
2019_08_CLE_NE_spread,2019_08_CLE_NE,spread,-110.0,0.0,pending,,0.0,1.9090909090909087,,,2025-10-13
2019_08_CLE_NE_spread,2019_08_CLE_NE,spread,-110.0,0.0,pending,,0.0,1.9090909090909087,,,2025-10-13
2019_08_CLE_NE_spread,2019_08_CLE_NE,spread,-110.0,0.0,pending,,0.0,1.9090909090909087,,,2025-10-13
2019_08_LAC_CHI_spread,2019_08_LAC_CHI,spread,-110.0,0.0,pending,,0.0,1.9090909090909087,,,2025-10-13
2019_08_LAC_CHI_spread,2019_08_LAC_CHI,spread,-110.0,0.0,pending,,0.0,1.9090909090909087,,,2025-10-13
2019_08_LAC_CHI_spread,2019_08_LAC_CHI,spread,-110.0,0.0,pending,,0.0,1.9090909090909087,,,2025-10-13
2019_05_CHI_OAK_spread,2019_05_CHI_OAK,spread,-110.0,0.0,pending,,0.0,1.9090909090909087,,,2025-10-13
2019_05_BUF_TEN_spread,2019_05_BUF_TEN,spread,-110.0,0.0,pending,,0.0,1.9090909090909087,,,2025-10-13
2019_02_ARI_BAL_spread,2019_02_ARI_BAL,spread,-110.0,0.0,pending,,0.0,1.9090909090909087,,,2025-10-13
2019_02_CHI_DEN_spread,2019_02_CHI_DEN,spread,-110.0,0.0,pending,,0.0,1.9090909090909087,,,2025-10-13
2019_02_CHI_DEN_spread,2019_02_CHI_DEN,spread,-110.0,0.0,pending,,0.0,1.9090909090909087,,,2025-10-13
2019_02_CHI_DEN_spread,2019_02_CHI_DEN,spread,-110.0,0.0,pending,,0.0,1.9090909090909087,,,2025-10-13
2019_02_CLE_NYJ_spread,2019_02_CLE_NYJ,spread,-110.0,0.0,pending,,0.0,1.9090909090909087,,,2025-10-13
2019_02_CLE_NYJ_spread,2019_02_CLE_NYJ,spread,-110.0,0.0,pending,,0.0,1.9090909090909087,,,2025-10-13
2019_02_CLE_NYJ_spread,2019_02_CLE_NYJ,spread,-110.0,0.0,pending,,0.0,1.9090909090909087,,,2025-10-13
2019_02_IND_TEN_spread,2019_02_IND_TEN,spread,-110.0,0.0,pending,,0.0,1.9090909090909087,,,2025-10-13
2019_02_IND_TEN_spread,2019_02_IND_TEN,spread,-110.0,0.0,pending,,0.0,1.9090909090909087,,,2025-10-13
2019_02_IND_TEN_spread,2019_02_IND_TEN,spread,-110.0,0.0,pending,,0.0,1.9090909090909087,,,2025-10-13
2019_02_KC_OAK_spread,2019_02_KC_OAK,spread,-110.0,0.0,pending,,0.0,1.9090909090909087,,,2025-10-13
2019_03_BAL_KC_spread,2019_03_BAL_KC,spread,-110.0,0.0,pending,,0.0,1.9090909090909087,,,2025-10-13
2019_03_BAL_KC_spread,2019_03_BAL_KC,spread,-110.0,0.0,pending,,0.0,1.9090909090909087,,,2025-10-13
2019_02_ARI_BAL_spread,2019_02_ARI_BAL,spread,-110.0,0.0,pending,,0.0,1.9090909090909087,,,2025-10-13
2019_02_ARI_BAL_spread,2019_02_ARI_BAL,spread,-110.0,0.0,pending,,0.0,1.9090909090909087,,,2025-10-13
2019_03_BAL_KC_spread,2019_03_BAL_KC,spread,-110.0,0.0,pending,,0.0,1.9090909090909087,,,2025-10-13
2019_01_ATL_MIN_spread,2019_01_ATL_MIN,spread,-110.0,0.0,pending,,0.0,1.9090909090909087,,,2025-10-13
2019_01_ATL_MIN_spread,2019_01_ATL_MIN,spread,-110.0,0.0,pending,,0.0,1.9090909090909087,,,2025-10-13
2019_01_BAL_MIA_spread,2019_01_BAL_MIA,spread,-110.0,0.0,pending,,0.0,1.9090909090909087,,,2025-10-13
2019_01_BAL_MIA_spread,2019_01_BAL_MIA,spread,-110.0,0.0,pending,,0.0,1.9090909090909087,,,2025-10-13
2019_01_BAL_MIA_spread,2019_01_BAL_MIA,spread,-110.0,0.0,pending,,0.0,1.9090909090909087,,,2025-10-13
2019_01_BUF_NYJ_spread,2019_01_BUF_NYJ,spread,-110.0,0.0,pending,,0.0,1.9090909090909087,,,2025-10-13
2019_01_BUF_NYJ_spread,2019_01_BUF_NYJ,spread,-110.0,0.0,pending,,0.0,1.9090909090909087,,,2025-10-13
2019_01_BUF_NYJ_spread,2019_01_BUF_NYJ,spread,-110.0,0.0,pending,,0.0,1.9090909090909087,,,2025-10-13
2019_01_CIN_SEA_spread,2019_01_CIN_SEA,spread,-110.0,0.0,pending,,0.0,1.9090909090909087,,,2025-10-13
2019_01_CIN_SEA_spread,2019_01_CIN_SEA,spread,-110.0,0.0,pending,,0.0,1.9090909090909087,,,2025-10-13
2019_01_CIN_SEA_spread,2019_01_CIN_SEA,spread,-110.0,0.0,pending,,0.0,1.9090909090909087,,,2025-10-13
2019_01_DEN_OAK_spread,2019_01_DEN_OAK,spread,-110.0,0.0,pending,,0.0,1.9090909090909087,,,2025-10-13
2019_03_CHI_WAS_spread,2019_03_CHI_WAS,spread,-110.0,0.0,pending,,0.0,1.9090909090909087,,,2025-10-13
2019_05_BUF_TEN_spread,2019_05_BUF_TEN,spread,-110.0,0.0,pending,,0.0,1.9090909090909087,,,2025-10-13
2019_04_KC_DET_spread,2019_04_KC_DET,spread,-110.0,0.0,pending,,0.0,1.9090909090909087,,,2025-10-13
2019_04_MIN_CHI_spread,2019_04_MIN_CHI,spread,-110.0,0.0,pending,,0.0,1.9090909090909087,,,2025-10-13
2019_04_MIN_CHI_spread,2019_04_MIN_CHI,spread,-110.0,0.0,pending,,0.0,1.9090909090909087,,,2025-10-13
2019_04_MIN_CHI_spread,2019_04_MIN_CHI,spread,-110.0,0.0,pending,,0.0,1.9090909090909087,,,2025-10-13
2019_04_NE_BUF_spread,2019_04_NE_BUF,spread,-110.0,0.0,pending,,0.0,1.9090909090909087,,,2025-10-13
2019_04_NE_BUF_spread,2019_04_NE_BUF,spread,-110.0,0.0,pending,,0.0,1.9090909090909087,,,2025-10-13
2019_04_NE_BUF_spread,2019_04_NE_BUF,spread,-110.0,0.0,pending,,0.0,1.9090909090909087,,,2025-10-13
2019_04_PHI_GB_spread,2019_04_PHI_GB,spread,-110.0,0.0,pending,,0.0,1.9090909090909087,,,2025-10-13
2019_05_ATL_HOU_spread,2019_05_ATL_HOU,spread,-110.0,0.0,pending,,0.0,1.9090909090909087,,,2025-10-13
2019_05_ATL_HOU_spread,2019_05_ATL_HOU,spread,-110.0,0.0,pending,,0.0,1.9090909090909087,,,2025-10-13
2019_05_ATL_HOU_spread,2019_05_ATL_HOU,spread,-110.0,0.0,pending,,0.0,1.9090909090909087,,,2025-10-13
2019_05_BUF_TEN_spread,2019_05_BUF_TEN,spread,-110.0,0.0,pending,,0.0,1.9090909090909087,,,2025-10-13
2019_04_KC_DET_spread,2019_04_KC_DET,spread,-110.0,0.0,pending,,0.0,1.9090909090909087,,,2025-10-13
2019_04_KC_DET_spread,2019_04_KC_DET,spread,-110.0,0.0,pending,,0.0,1.9090909090909087,,,2025-10-13
2019_03_CHI_WAS_spread,2019_03_CHI_WAS,spread,-110.0,0.0,pending,,0.0,1.9090909090909087,,,2025-10-13
2019_03_CHI_WAS_spread,2019_03_CHI_WAS,spread,-110.0,0.0,pending,,0.0,1.9090909090909087,,,2025-10-13
2019_03_CIN_BUF_spread,2019_03_CIN_BUF,spread,-110.0,0.0,pending,,0.0,1.9090909090909087,,,2025-10-13
2019_03_CIN_BUF_spread,2019_03_CIN_BUF,spread,-110.0,0.0,pending,,0.0,1.9090909090909087,,,2025-10-13
2019_03_CIN_BUF_spread,2019_03_CIN_BUF,spread,-110.0,0.0,pending,,0.0,1.9090909090909087,,,2025-10-13
2019_03_DEN_GB_spread,2019_03_DEN_GB,spread,-110.0,0.0,pending,,0.0,1.9090909090909087,,,2025-10-13
2019_03_DEN_GB_spread,2019_03_DEN_GB,spread,-110.0,0.0,pending,,0.0,1.9090909090909087,,,2025-10-13
2019_03_DEN_GB_spread,2019_03_DEN_GB,spread,-110.0,0.0,pending,,0.0,1.9090909090909087,,,2025-10-13
2019_03_HOU_LAC_spread,2019_03_HOU_LAC,spread,-110.0,0.0,pending,,0.0,1.9090909090909087,,,2025-10-13
2019_04_CLE_BAL_spread,2019_04_CLE_BAL,spread,-110.0,0.0,pending,,0.0,1.9090909090909087,,,2025-10-13
2019_04_CLE_BAL_spread,2019_04_CLE_BAL,spread,-110.0,0.0,pending,,0.0,1.9090909090909087,,,2025-10-13
2019_04_CLE_BAL_spread,2019_04_CLE_BAL,spread,-110.0,0.0,pending,,0.0,1.9090909090909087,,,2025-10-13
2019_09_MIN_KC_spread,2019_09_MIN_KC,spread,-110.0,0.0,pending,,0.0,1.9090909090909087,,,2025-10-13
2019_09_MIN_KC_spread,2019_09_MIN_KC,spread,-110.0,0.0,pending,,0.0,1.9090909090909087,,,2025-10-13
2019_15_CHI_GB_spread,2019_15_CHI_GB,spread,-110.0,0.0,pending,,0.0,1.9090909090909087,,,2025-10-13
2019_15_DEN_KC_spread,2019_15_DEN_KC,spread,-110.0,0.0,pending,,0.0,1.9090909090909087,,,2025-10-13
2019_15_DEN_KC_spread,2019_15_DEN_KC,spread,-110.0,0.0,pending,,0.0,1.9090909090909087,,,2025-10-13
2019_15_DEN_KC_spread,2019_15_DEN_KC,spread,-110.0,0.0,pending,,0.0,1.9090909090909087,,,2025-10-13
2019_15_HOU_TEN_spread,2019_15_HOU_TEN,spread,-110.0,0.0,pending,,0.0,1.9090909090909087,,,2025-10-13
2019_15_HOU_TEN_spread,2019_15_HOU_TEN,spread,-110.0,0.0,pending,,0.0,1.9090909090909087,,,2025-10-13
2019_15_HOU_TEN_spread,2019_15_HOU_TEN,spread,-110.0,0.0,pending,,0.0,1.9090909090909087,,,2025-10-13
2019_15_IND_NO_spread,2019_15_IND_NO,spread,-110.0,0.0,pending,,0.0,1.9090909090909087,,,2025-10-13
2019_16_BAL_CLE_spread,2019_16_BAL_CLE,spread,-110.0,0.0,pending,,0.0,1.9090909090909087,,,2025-10-13
2019_16_BAL_CLE_spread,2019_16_BAL_CLE,spread,-110.0,0.0,pending,,0.0,1.9090909090909087,,,2025-10-13
2019_16_BUF_NE_spread,2019_16_BUF_NE,spread,-110.0,0.0,pending,,0.0,1.9090909090909087,,,2025-10-13
2019_16_BUF_NE_spread,2019_16_BUF_NE,spread,-110.0,0.0,pending,,0.0,1.9090909090909087,,,2025-10-13
2019_16_BUF_NE_spread,2019_16_BUF_NE,spread,-110.0,0.0,pending,,0.0,1.9090909090909087,,,2025-10-13
2019_15_CHI_GB_spread,2019_15_CHI_GB,spread,-110.0,0.0,pending,,0.0,1.9090909090909087,,,2025-10-13
2019_16_DAL_PHI_spread,2019_16_DAL_PHI,spread,-110.0,0.0,pending,,0.0,1.9090909090909087,,,2025-10-13
2019_15_CHI_GB_spread,2019_15_CHI_GB,spread,-110.0,0.0,pending,,0.0,1.9090909090909087,,,2025-10-13
2019_14_CIN_CLE_spread,2019_14_CIN_CLE,spread,-110.0,0.0,pending,,0.0,1.9090909090909087,,,2025-10-13
2019_14_KC_NE_spread,2019_14_KC_NE,spread,-110.0,0.0,pending,,0.0,1.9090909090909087,,,2025-10-13
2019_14_KC_NE_spread,2019_14_KC_NE,spread,-110.0,0.0,pending,,0.0,1.9090909090909087,,,2025-10-13
2019_14_KC_NE_spread,2019_14_KC_NE,spread,-110.0,0.0,pending,,0.0,1.9090909090909087,,,2025-10-13
2019_14_MIA_NYJ_spread,2019_14_MIA_NYJ,spread,-110.0,0.0,pending,,0.0,1.9090909090909087,,,2025-10-13
2019_14_MIA_NYJ_spread,2019_14_MIA_NYJ,spread,-110.0,0.0,pending,,0.0,1.9090909090909087,,,2025-10-13
2019_14_MIA_NYJ_spread,2019_14_MIA_NYJ,spread,-110.0,0.0,pending,,0.0,1.9090909090909087,,,2025-10-13
2019_14_SF_NO_spread,2019_14_SF_NO,spread,-110.0,0.0,pending,,0.0,1.9090909090909087,,,2025-10-13
2019_15_BUF_PIT_spread,2019_15_BUF_PIT,spread,-110.0,0.0,pending,,0.0,1.9090909090909087,,,2025-10-13
2019_15_BUF_PIT_spread,2019_15_BUF_PIT,spread,-110.0,0.0,pending,,0.0,1.9090909090909087,,,2025-10-13
2019_15_BUF_PIT_spread,2019_15_BUF_PIT,spread,-110.0,0.0,pending,,0.0,1.9090909090909087,,,2025-10-13
2019_16_DAL_PHI_spread,2019_16_DAL_PHI,spread,-110.0,0.0,pending,,0.0,1.9090909090909087,,,2025-10-13
2019_16_DAL_PHI_spread,2019_16_DAL_PHI,spread,-110.0,0.0,pending,,0.0,1.9090909090909087,,,2025-10-13
2019_14_CIN_CLE_spread,2019_14_CIN_CLE,spread,-110.0,0.0,pending,,0.0,1.9090909090909087,,,2025-10-13
2019_17_CLE_CIN_spread,2019_17_CLE_CIN,spread,-110.0,0.0,pending,,0.0,1.9090909090909087,,,2025-10-13
2019_17_CLE_CIN_spread,2019_17_CLE_CIN,spread,-110.0,0.0,pending,,0.0,1.9090909090909087,,,2025-10-13
2019_17_CLE_CIN_spread,2019_17_CLE_CIN,spread,-110.0,0.0,pending,,0.0,1.9090909090909087,,,2025-10-13
2019_17_GB_DET_spread,2019_17_GB_DET,spread,-110.0,0.0,pending,,0.0,1.9090909090909087,,,2025-10-13
2019_17_CHI_MIN_spread,2019_17_CHI_MIN,spread,-110.0,0.0,pending,,0.0,1.9090909090909087,,,2025-10-13
2019_17_CHI_MIN_spread,2019_17_CHI_MIN,spread,-110.0,0.0,pending,,0.0,1.9090909090909087,,,2025-10-13
2019_16_GB_MIN_spread,2019_16_GB_MIN,spread,-110.0,0.0,pending,,0.0,1.9090909090909087,,,2025-10-13
2019_16_GB_MIN_spread,2019_16_GB_MIN,spread,-110.0,0.0,pending,,0.0,1.9090909090909087,,,2025-10-13
2019_16_GB_MIN_spread,2019_16_GB_MIN,spread,-110.0,0.0,pending,,0.0,1.9090909090909087,,,2025-10-13
2019_16_HOU_TB_spread,2019_16_HOU_TB,spread,-110.0,0.0,pending,,0.0,1.9090909090909087,,,2025-10-13
2019_17_ARI_LA_spread,2019_17_ARI_LA,spread,-110.0,0.0,pending,,0.0,1.9090909090909087,,,2025-10-13
2019_17_ARI_LA_spread,2019_17_ARI_LA,spread,-110.0,0.0,pending,,0.0,1.9090909090909087,,,2025-10-13
2019_17_ARI_LA_spread,2019_17_ARI_LA,spread,-110.0,0.0,pending,,0.0,1.9090909090909087,,,2025-10-13
2019_17_ATL_TB_spread,2019_17_ATL_TB,spread,-110.0,0.0,pending,,0.0,1.9090909090909087,,,2025-10-13
2019_17_ATL_TB_spread,2019_17_ATL_TB,spread,-110.0,0.0,pending,,0.0,1.9090909090909087,,,2025-10-13
2019_17_ATL_TB_spread,2019_17_ATL_TB,spread,-110.0,0.0,pending,,0.0,1.9090909090909087,,,2025-10-13
2019_17_CHI_MIN_spread,2019_17_CHI_MIN,spread,-110.0,0.0,pending,,0.0,1.9090909090909087,,,2025-10-13
2019_14_CIN_CLE_spread,2019_14_CIN_CLE,spread,-110.0,0.0,pending,,0.0,1.9090909090909087,,,2025-10-13
2019_09_MIN_KC_spread,2019_09_MIN_KC,spread,-110.0,0.0,pending,,0.0,1.9090909090909087,,,2025-10-13
2019_10_LAC_OAK_spread,2019_10_LAC_OAK,spread,-110.0,0.0,pending,,0.0,1.9090909090909087,,,2025-10-13
2019_11_ARI_SF_spread,2019_11_ARI_SF,spread,-110.0,0.0,pending,,0.0,1.9090909090909087,,,2025-10-13
2019_11_ARI_SF_spread,2019_11_ARI_SF,spread,-110.0,0.0,pending,,0.0,1.9090909090909087,,,2025-10-13
2019_11_ARI_SF_spread,2019_11_ARI_SF,spread,-110.0,0.0,pending,,0.0,1.9090909090909087,,,2025-10-13
2019_11_BUF_MIA_spread,2019_11_BUF_MIA,spread,-110.0,0.0,pending,,0.0,1.9090909090909087,,,2025-10-13
2019_11_BUF_MIA_spread,2019_11_BUF_MIA,spread,-110.0,0.0,pending,,0.0,1.9090909090909087,,,2025-10-13
2019_11_BUF_MIA_spread,2019_11_BUF_MIA,spread,-110.0,0.0,pending,,0.0,1.9090909090909087,,,2025-10-13
2019_11_HOU_BAL_spread,2019_11_HOU_BAL,spread,-110.0,0.0,pending,,0.0,1.9090909090909087,,,2025-10-13
2019_11_HOU_BAL_spread,2019_11_HOU_BAL,spread,-110.0,0.0,pending,,0.0,1.9090909090909087,,,2025-10-13
2019_11_HOU_BAL_spread,2019_11_HOU_BAL,spread,-110.0,0.0,pending,,0.0,1.9090909090909087,,,2025-10-13
2019_11_JAX_IND_spread,2019_11_JAX_IND,spread,-110.0,0.0,pending,,0.0,1.9090909090909087,,,2025-10-13
2019_11_JAX_IND_spread,2019_11_JAX_IND,spread,-110.0,0.0,pending,,0.0,1.9090909090909087,,,2025-10-13
2019_11_JAX_IND_spread,2019_11_JAX_IND,spread,-110.0,0.0,pending,,0.0,1.9090909090909087,,,2025-10-13
2019_10_KC_TEN_spread,2019_10_KC_TEN,spread,-110.0,0.0,pending,,0.0,1.9090909090909087,,,2025-10-13
2019_12_DAL_NE_spread,2019_12_DAL_NE,spread,-110.0,0.0,pending,,0.0,1.9090909090909087,,,2025-10-13
2019_10_KC_TEN_spread,2019_10_KC_TEN,spread,-110.0,0.0,pending,,0.0,1.9090909090909087,,,2025-10-13
2019_10_ATL_NO_spread,2019_10_ATL_NO,spread,-110.0,0.0,pending,,0.0,1.9090909090909087,,,2025-10-13
2019_10_ATL_NO_spread,2019_10_ATL_NO,spread,-110.0,0.0,pending,,0.0,1.9090909090909087,,,2025-10-13
2019_10_ATL_NO_spread,2019_10_ATL_NO,spread,-110.0,0.0,pending,,0.0,1.9090909090909087,,,2025-10-13
2019_10_BUF_CLE_spread,2019_10_BUF_CLE,spread,-110.0,0.0,pending,,0.0,1.9090909090909087,,,2025-10-13
2019_10_BUF_CLE_spread,2019_10_BUF_CLE,spread,-110.0,0.0,pending,,0.0,1.9090909090909087,,,2025-10-13
2019_10_BUF_CLE_spread,2019_10_BUF_CLE,spread,-110.0,0.0,pending,,0.0,1.9090909090909087,,,2025-10-13
2019_10_DET_CHI_spread,2019_10_DET_CHI,spread,-110.0,0.0,pending,,0.0,1.9090909090909087,,,2025-10-13
2019_10_DET_CHI_spread,2019_10_DET_CHI,spread,-110.0,0.0,pending,,0.0,1.9090909090909087,,,2025-10-13
2019_10_DET_CHI_spread,2019_10_DET_CHI,spread,-110.0,0.0,pending,,0.0,1.9090909090909087,,,2025-10-13
2019_10_KC_TEN_spread,2019_10_KC_TEN,spread,-110.0,0.0,pending,,0.0,1.9090909090909087,,,2025-10-13
2019_11_KC_LAC_spread,2019_11_KC_LAC,spread,-110.0,0.0,pending,,0.0,1.9090909090909087,,,2025-10-13
2019_12_DAL_NE_spread,2019_12_DAL_NE,spread,-110.0,0.0,pending,,0.0,1.9090909090909087,,,2025-10-13
2019_14_BAL_BUF_spread,2019_14_BAL_BUF,spread,-110.0,0.0,pending,,0.0,1.9090909090909087,,,2025-10-13
2019_13_BUF_DAL_spread,2019_13_BUF_DAL,spread,-110.0,0.0,pending,,0.0,1.9090909090909087,,,2025-10-13
2019_13_CLE_PIT_spread,2019_13_CLE_PIT,spread,-110.0,0.0,pending,,0.0,1.9090909090909087,,,2025-10-13
2019_13_CLE_PIT_spread,2019_13_CLE_PIT,spread,-110.0,0.0,pending,,0.0,1.9090909090909087,,,2025-10-13
2019_13_CLE_PIT_spread,2019_13_CLE_PIT,spread,-110.0,0.0,pending,,0.0,1.9090909090909087,,,2025-10-13
2019_13_LAC_DEN_spread,2019_13_LAC_DEN,spread,-110.0,0.0,pending,,0.0,1.9090909090909087,,,2025-10-13
2019_13_LAC_DEN_spread,2019_13_LAC_DEN,spread,-110.0,0.0,pending,,0.0,1.9090909090909087,,,2025-10-13
2019_13_LAC_DEN_spread,2019_13_LAC_DEN,spread,-110.0,0.0,pending,,0.0,1.9090909090909087,,,2025-10-13
2019_13_NO_ATL_spread,2019_13_NO_ATL,spread,-110.0,0.0,pending,,0.0,1.9090909090909087,,,2025-10-13
2019_13_NO_ATL_spread,2019_13_NO_ATL,spread,-110.0,0.0,pending,,0.0,1.9090909090909087,,,2025-10-13
2019_13_NO_ATL_spread,2019_13_NO_ATL,spread,-110.0,0.0,pending,,0.0,1.9090909090909087,,,2025-10-13
2019_13_NYJ_CIN_spread,2019_13_NYJ_CIN,spread,-110.0,0.0,pending,,0.0,1.9090909090909087,,,2025-10-13
2019_14_BAL_BUF_spread,2019_14_BAL_BUF,spread,-110.0,0.0,pending,,0.0,1.9090909090909087,,,2025-10-13
2019_14_BAL_BUF_spread,2019_14_BAL_BUF,spread,-110.0,0.0,pending,,0.0,1.9090909090909087,,,2025-10-13
2019_13_BUF_DAL_spread,2019_13_BUF_DAL,spread,-110.0,0.0,pending,,0.0,1.9090909090909087,,,2025-10-13
2019_12_DAL_NE_spread,2019_12_DAL_NE,spread,-110.0,0.0,pending,,0.0,1.9090909090909087,,,2025-10-13
2019_13_BUF_DAL_spread,2019_13_BUF_DAL,spread,-110.0,0.0,pending,,0.0,1.9090909090909087,,,2025-10-13
2019_12_DEN_BUF_spread,2019_12_DEN_BUF,spread,-110.0,0.0,pending,,0.0,1.9090909090909087,,,2025-10-13
2019_12_DEN_BUF_spread,2019_12_DEN_BUF,spread,-110.0,0.0,pending,,0.0,1.9090909090909087,,,2025-10-13
2019_12_DEN_BUF_spread,2019_12_DEN_BUF,spread,-110.0,0.0,pending,,0.0,1.9090909090909087,,,2025-10-13
2019_12_IND_HOU_spread,2019_12_IND_HOU,spread,-110.0,0.0,pending,,0.0,1.9090909090909087,,,2025-10-13
2019_12_IND_HOU_spread,2019_12_IND_HOU,spread,-110.0,0.0,pending,,0.0,1.9090909090909087,,,2025-10-13
2019_12_IND_HOU_spread,2019_12_IND_HOU,spread,-110.0,0.0,pending,,0.0,1.9090909090909087,,,2025-10-13
2019_12_JAX_TEN_spread,2019_12_JAX_TEN,spread,-110.0,0.0,pending,,0.0,1.9090909090909087,,,2025-10-13
2019_12_JAX_TEN_spread,2019_12_JAX_TEN,spread,-110.0,0.0,pending,,0.0,1.9090909090909087,,,2025-10-13
2019_12_JAX_TEN_spread,2019_12_JAX_TEN,spread,-110.0,0.0,pending,,0.0,1.9090909090909087,,,2025-10-13
2019_12_MIA_CLE_spread,2019_12_MIA_CLE,spread,-110.0,0.0,pending,,0.0,1.9090909090909087,,,2025-10-13
2020_11_CIN_WAS_spread,2020_11_CIN_WAS,spread,-110.0,0.0,pending,,0.0,1.9090909090909087,,,2025-10-13
2022_02_HOU_DEN_spread,2022_02_HOU_DEN,spread,-110.0,0.0,pending,,0.0,1.9090909090909087,,,2025-10-13
2021_13_NE_BUF_spread,2021_13_NE_BUF,spread,-110.0,0.0,pending,,0.0,1.9090909090909087,,,2025-10-13
2021_13_DEN_KC_spread,2021_13_DEN_KC,spread,-110.0,0.0,pending,,0.0,1.9090909090909087,,,2025-10-13
2021_13_DEN_KC_spread,2021_13_DEN_KC,spread,-110.0,0.0,pending,,0.0,1.9090909090909087,,,2025-10-13
2021_13_MIN_DET_spread,2021_13_MIN_DET,spread,-110.0,0.0,pending,,0.0,1.9090909090909087,,,2025-10-13
2021_13_MIN_DET_spread,2021_13_MIN_DET,spread,-110.0,0.0,pending,,0.0,1.9090909090909087,,,2025-10-13
2021_13_MIN_DET_spread,2021_13_MIN_DET,spread,-110.0,0.0,pending,,0.0,1.9090909090909087,,,2025-10-13
2021_13_NE_BUF_spread,2021_13_NE_BUF,spread,-110.0,0.0,pending,,0.0,1.9090909090909087,,,2025-10-13
2021_13_NE_BUF_spread,2021_13_NE_BUF,spread,-110.0,0.0,pending,,0.0,1.9090909090909087,,,2025-10-13
2021_16_DEN_LV_spread,2021_16_DEN_LV,spread,-110.0,0.0,pending,,0.0,1.9090909090909087,,,2025-10-13
2021_13_SF_SEA_spread,2021_13_SF_SEA,spread,-110.0,0.0,pending,,0.0,1.9090909090909087,,,2025-10-13
2021_14_ATL_CAR_spread,2021_14_ATL_CAR,spread,-110.0,0.0,pending,,0.0,1.9090909090909087,,,2025-10-13
2021_14_ATL_CAR_spread,2021_14_ATL_CAR,spread,-110.0,0.0,pending,,0.0,1.9090909090909087,,,2025-10-13
2021_14_ATL_CAR_spread,2021_14_ATL_CAR,spread,-110.0,0.0,pending,,0.0,1.9090909090909087,,,2025-10-13
2021_14_CHI_GB_spread,2021_14_CHI_GB,spread,-110.0,0.0,pending,,0.0,1.9090909090909087,,,2025-10-13
2021_13_DEN_KC_spread,2021_13_DEN_KC,spread,-110.0,0.0,pending,,0.0,1.9090909090909087,,,2025-10-13
2021_13_ARI_CHI_spread,2021_13_ARI_CHI,spread,-110.0,0.0,pending,,0.0,1.9090909090909087,,,2025-10-13
2021_13_ARI_CHI_spread,2021_13_ARI_CHI,spread,-110.0,0.0,pending,,0.0,1.9090909090909087,,,2025-10-13
2021_12_CHI_DET_spread,2021_12_CHI_DET,spread,-110.0,0.0,pending,,0.0,1.9090909090909087,,,2025-10-13
2021_12_CLE_BAL_spread,2021_12_CLE_BAL,spread,-110.0,0.0,pending,,0.0,1.9090909090909087,,,2025-10-13
2021_12_CLE_BAL_spread,2021_12_CLE_BAL,spread,-110.0,0.0,pending,,0.0,1.9090909090909087,,,2025-10-13
2021_12_CLE_BAL_spread,2021_12_CLE_BAL,spread,-110.0,0.0,pending,,0.0,1.9090909090909087,,,2025-10-13
2021_12_LAC_DEN_spread,2021_12_LAC_DEN,spread,-110.0,0.0,pending,,0.0,1.9090909090909087,,,2025-10-13
2021_12_LAC_DEN_spread,2021_12_LAC_DEN,spread,-110.0,0.0,pending,,0.0,1.9090909090909087,,,2025-10-13
2021_12_LAC_DEN_spread,2021_12_LAC_DEN,spread,-110.0,0.0,pending,,0.0,1.9090909090909087,,,2025-10-13
2021_12_LV_DAL_spread,2021_12_LV_DAL,spread,-110.0,0.0,pending,,0.0,1.9090909090909087,,,2025-10-13
2021_12_LV_DAL_spread,2021_12_LV_DAL,spread,-110.0,0.0,pending,,0.0,1.9090909090909087,,,2025-10-13
2021_12_LV_DAL_spread,2021_12_LV_DAL,spread,-110.0,0.0,pending,,0.0,1.9090909090909087,,,2025-10-13
2021_12_MIN_SF_spread,2021_12_MIN_SF,spread,-110.0,0.0,pending,,0.0,1.9090909090909087,,,2025-10-13
2021_14_CHI_GB_spread,2021_14_CHI_GB,spread,-110.0,0.0,pending,,0.0,1.9090909090909087,,,2025-10-13
2021_14_CHI_GB_spread,2021_14_CHI_GB,spread,-110.0,0.0,pending,,0.0,1.9090909090909087,,,2025-10-13
2021_15_GB_BAL_spread,2021_15_GB_BAL,spread,-110.0,0.0,pending,,0.0,1.9090909090909087,,,2025-10-13
2021_15_HOU_JAX_spread,2021_15_HOU_JAX,spread,-110.0,0.0,pending,,0.0,1.9090909090909087,,,2025-10-13
2021_15_HOU_JAX_spread,2021_15_HOU_JAX,spread,-110.0,0.0,pending,,0.0,1.9090909090909087,,,2025-10-13
2021_15_HOU_JAX_spread,2021_15_HOU_JAX,spread,-110.0,0.0,pending,,0.0,1.9090909090909087,,,2025-10-13
2021_15_KC_LAC_spread,2021_15_KC_LAC,spread,-110.0,0.0,pending,,0.0,1.9090909090909087,,,2025-10-13
2021_16_BUF_NE_spread,2021_16_BUF_NE,spread,-110.0,0.0,pending,,0.0,1.9090909090909087,,,2025-10-13
2021_16_BUF_NE_spread,2021_16_BUF_NE,spread,-110.0,0.0,pending,,0.0,1.9090909090909087,,,2025-10-13
2021_16_BUF_NE_spread,2021_16_BUF_NE,spread,-110.0,0.0,pending,,0.0,1.9090909090909087,,,2025-10-13
2021_16_CHI_SEA_spread,2021_16_CHI_SEA,spread,-110.0,0.0,pending,,0.0,1.9090909090909087,,,2025-10-13
2021_16_CHI_SEA_spread,2021_16_CHI_SEA,spread,-110.0,0.0,pending,,0.0,1.9090909090909087,,,2025-10-13
2021_16_CHI_SEA_spread,2021_16_CHI_SEA,spread,-110.0,0.0,pending,,0.0,1.9090909090909087,,,2025-10-13
2021_16_CLE_GB_spread,2021_16_CLE_GB,spread,-110.0,0.0,pending,,0.0,1.9090909090909087,,,2025-10-13
2021_16_CLE_GB_spread,2021_16_CLE_GB,spread,-110.0,0.0,pending,,0.0,1.9090909090909087,,,2025-10-13
2021_16_CLE_GB_spread,2021_16_CLE_GB,spread,-110.0,0.0,pending,,0.0,1.9090909090909087,,,2025-10-13
2021_15_GB_BAL_spread,2021_15_GB_BAL,spread,-110.0,0.0,pending,,0.0,1.9090909090909087,,,2025-10-13
2021_14_DAL_WAS_spread,2021_14_DAL_WAS,spread,-110.0,0.0,pending,,0.0,1.9090909090909087,,,2025-10-13
2021_15_GB_BAL_spread,2021_15_GB_BAL,spread,-110.0,0.0,pending,,0.0,1.9090909090909087,,,2025-10-13
2021_14_DAL_WAS_spread,2021_14_DAL_WAS,spread,-110.0,0.0,pending,,0.0,1.9090909090909087,,,2025-10-13
2021_14_DAL_WAS_spread,2021_14_DAL_WAS,spread,-110.0,0.0,pending,,0.0,1.9090909090909087,,,2025-10-13
2021_14_LV_KC_spread,2021_14_LV_KC,spread,-110.0,0.0,pending,,0.0,1.9090909090909087,,,2025-10-13
2021_14_LV_KC_spread,2021_14_LV_KC,spread,-110.0,0.0,pending,,0.0,1.9090909090909087,,,2025-10-13
2021_14_LV_KC_spread,2021_14_LV_KC,spread,-110.0,0.0,pending,,0.0,1.9090909090909087,,,2025-10-13
2021_14_SEA_HOU_spread,2021_14_SEA_HOU,spread,-110.0,0.0,pending,,0.0,1.9090909090909087,,,2025-10-13
2021_15_ARI_DET_spread,2021_15_ARI_DET,spread,-110.0,0.0,pending,,0.0,1.9090909090909087,,,2025-10-13
2021_15_ARI_DET_spread,2021_15_ARI_DET,spread,-110.0,0.0,pending,,0.0,1.9090909090909087,,,2025-10-13
2021_15_DAL_NYG_spread,2021_15_DAL_NYG,spread,-110.0,0.0,pending,,0.0,1.9090909090909087,,,2025-10-13
2021_15_DAL_NYG_spread,2021_15_DAL_NYG,spread,-110.0,0.0,pending,,0.0,1.9090909090909087,,,2025-10-13
2021_12_CHI_DET_spread,2021_12_CHI_DET,spread,-110.0,0.0,pending,,0.0,1.9090909090909087,,,2025-10-13
2021_12_CHI_DET_spread,2021_12_CHI_DET,spread,-110.0,0.0,pending,,0.0,1.9090909090909087,,,2025-10-13
2021_09_CLE_CIN_spread,2021_09_CLE_CIN,spread,-110.0,0.0,pending,,0.0,1.9090909090909087,,,2025-10-13
2021_09_CLE_CIN_spread,2021_09_CLE_CIN,spread,-110.0,0.0,pending,,0.0,1.9090909090909087,,,2025-10-13
2021_09_CLE_CIN_spread,2021_09_CLE_CIN,spread,-110.0,0.0,pending,,0.0,1.9090909090909087,,,2025-10-13
2021_09_DEN_DAL_spread,2021_09_DEN_DAL,spread,-110.0,0.0,pending,,0.0,1.9090909090909087,,,2025-10-13
2021_09_DEN_DAL_spread,2021_09_DEN_DAL,spread,-110.0,0.0,pending,,0.0,1.9090909090909087,,,2025-10-13
2021_09_DEN_DAL_spread,2021_09_DEN_DAL,spread,-110.0,0.0,pending,,0.0,1.9090909090909087,,,2025-10-13
2021_09_NE_CAR_spread,2021_09_NE_CAR,spread,-110.0,0.0,pending,,0.0,1.9090909090909087,,,2025-10-13
2021_09_NE_CAR_spread,2021_09_NE_CAR,spread,-110.0,0.0,pending,,0.0,1.9090909090909087,,,2025-10-13
2021_09_NE_CAR_spread,2021_09_NE_CAR,spread,-110.0,0.0,pending,,0.0,1.9090909090909087,,,2025-10-13
2021_09_NYJ_IND_spread,2021_09_NYJ_IND,spread,-110.0,0.0,pending,,0.0,1.9090909090909087,,,2025-10-13
2021_09_NYJ_IND_spread,2021_09_NYJ_IND,spread,-110.0,0.0,pending,,0.0,1.9090909090909087,,,2025-10-13
2021_09_NYJ_IND_spread,2021_09_NYJ_IND,spread,-110.0,0.0,pending,,0.0,1.9090909090909087,,,2025-10-13
2021_10_BUF_NYJ_spread,2021_10_BUF_NYJ,spread,-110.0,0.0,pending,,0.0,1.9090909090909087,,,2025-10-13
2021_09_ARI_SF_spread,2021_09_ARI_SF,spread,-110.0,0.0,pending,,0.0,1.9090909090909087,,,2025-10-13
2021_10_BUF_NYJ_spread,2021_10_BUF_NYJ,spread,-110.0,0.0,pending,,0.0,1.9090909090909087,,,2025-10-13
2021_08_NE_LAC_spread,2021_08_NE_LAC,spread,-110.0,0.0,pending,,0.0,1.9090909090909087,,,2025-10-13
2021_08_CAR_ATL_spread,2021_08_CAR_ATL,spread,-110.0,0.0,pending,,0.0,1.9090909090909087,,,2025-10-13
2021_08_CAR_ATL_spread,2021_08_CAR_ATL,spread,-110.0,0.0,pending,,0.0,1.9090909090909087,,,2025-10-13
2021_08_CAR_ATL_spread,2021_08_CAR_ATL,spread,-110.0,0.0,pending,,0.0,1.9090909090909087,,,2025-10-13
2021_08_CIN_NYJ_spread,2021_08_CIN_NYJ,spread,-110.0,0.0,pending,,0.0,1.9090909090909087,,,2025-10-13
2021_08_CIN_NYJ_spread,2021_08_CIN_NYJ,spread,-110.0,0.0,pending,,0.0,1.9090909090909087,,,2025-10-13
2021_08_GB_ARI_spread,2021_08_GB_ARI,spread,-110.0,0.0,pending,,0.0,1.9090909090909087,,,2025-10-13
2021_08_GB_ARI_spread,2021_08_GB_ARI,spread,-110.0,0.0,pending,,0.0,1.9090909090909087,,,2025-10-13
2021_08_GB_ARI_spread,2021_08_GB_ARI,spread,-110.0,0.0,pending,,0.0,1.9090909090909087,,,2025-10-13
2021_08_MIA_BUF_spread,2021_08_MIA_BUF,spread,-110.0,0.0,pending,,0.0,1.9090909090909087,,,2025-10-13
2021_08_MIA_BUF_spread,2021_08_MIA_BUF,spread,-110.0,0.0,pending,,0.0,1.9090909090909087,,,2025-10-13
2021_08_MIA_BUF_spread,2021_08_MIA_BUF,spread,-110.0,0.0,pending,,0.0,1.9090909090909087,,,2025-10-13
2021_10_CLE_NE_spread,2021_10_CLE_NE,spread,-110.0,0.0,pending,,0.0,1.9090909090909087,,,2025-10-13
2021_11_HOU_TEN_spread,2021_11_HOU_TEN,spread,-110.0,0.0,pending,,0.0,1.9090909090909087,,,2025-10-13
2021_11_ARI_SEA_spread,2021_11_ARI_SEA,spread,-110.0,0.0,pending,,0.0,1.9090909090909087,,,2025-10-13
2021_11_ARI_SEA_spread,2021_11_ARI_SEA,spread,-110.0,0.0,pending,,0.0,1.9090909090909087,,,2025-10-13
2021_11_ARI_SEA_spread,2021_11_ARI_SEA,spread,-110.0,0.0,pending,,0.0,1.9090909090909087,,,2025-10-13
2021_11_BAL_CHI_spread,2021_11_BAL_CHI,spread,-110.0,0.0,pending,,0.0,1.9090909090909087,,,2025-10-13
2021_11_GB_MIN_spread,2021_11_GB_MIN,spread,-110.0,0.0,pending,,0.0,1.9090909090909087,,,2025-10-13
2021_11_GB_MIN_spread,2021_11_GB_MIN,spread,-110.0,0.0,pending,,0.0,1.9090909090909087,,,2025-10-13
2021_11_GB_MIN_spread,2021_11_GB_MIN,spread,-110.0,0.0,pending,,0.0,1.9090909090909087,,,2025-10-13
2021_11_HOU_TEN_spread,2021_11_HOU_TEN,spread,-110.0,0.0,pending,,0.0,1.9090909090909087,,,2025-10-13
2021_11_HOU_TEN_spread,2021_11_HOU_TEN,spread,-110.0,0.0,pending,,0.0,1.9090909090909087,,,2025-10-13
2021_10_CLE_NE_spread,2021_10_CLE_NE,spread,-110.0,0.0,pending,,0.0,1.9090909090909087,,,2025-10-13
2021_10_CLE_NE_spread,2021_10_CLE_NE,spread,-110.0,0.0,pending,,0.0,1.9090909090909087,,,2025-10-13
2021_10_JAX_IND_spread,2021_10_JAX_IND,spread,-110.0,0.0,pending,,0.0,1.9090909090909087,,,2025-10-13
2021_10_JAX_IND_spread,2021_10_JAX_IND,spread,-110.0,0.0,pending,,0.0,1.9090909090909087,,,2025-10-13
2021_10_JAX_IND_spread,2021_10_JAX_IND,spread,-110.0,0.0,pending,,0.0,1.9090909090909087,,,2025-10-13
2021_10_PHI_DEN_spread,2021_10_PHI_DEN,spread,-110.0,0.0,pending,,0.0,1.9090909090909087,,,2025-10-13
2021_10_PHI_DEN_spread,2021_10_PHI_DEN,spread,-110.0,0.0,pending,,0.0,1.9090909090909087,,,2025-10-13
2021_10_PHI_DEN_spread,2021_10_PHI_DEN,spread,-110.0,0.0,pending,,0.0,1.9090909090909087,,,2025-10-13
2021_16_DEN_LV_spread,2021_16_DEN_LV,spread,-110.0,0.0,pending,,0.0,1.9090909090909087,,,2025-10-13
2020_11_CIN_WAS_spread,2020_11_CIN_WAS,spread,-110.0,0.0,pending,,0.0,1.9090909090909087,,,2025-10-13
2021_21_SF_LA_spread,2021_21_SF_LA,spread,-110.0,0.0,pending,,0.0,1.9090909090909087,,,2025-10-13
2021_21_SF_LA_spread,2021_21_SF_LA,spread,-110.0,0.0,pending,,0.0,1.9090909090909087,,,2025-10-13
2021_21_SF_LA_spread,2021_21_SF_LA,spread,-110.0,0.0,pending,,0.0,1.9090909090909087,,,2025-10-13
2021_16_DEN_LV_spread,2021_16_DEN_LV,spread,-110.0,0.0,pending,,0.0,1.9090909090909087,,,2025-10-13
2021_20_LA_TB_spread,2021_20_LA_TB,spread,-110.0,0.0,pending,,0.0,1.9090909090909087,,,2025-10-13
2021_20_LA_TB_spread,2021_20_LA_TB,spread,-110.0,0.0,pending,,0.0,1.9090909090909087,,,2025-10-13
2021_20_LA_TB_spread,2021_20_LA_TB,spread,-110.0,0.0,pending,,0.0,1.9090909090909087,,,2025-10-13
2021_21_CIN_KC_spread,2021_21_CIN_KC,spread,-110.0,0.0,pending,,0.0,1.9090909090909087,,,2025-10-13
2021_21_CIN_KC_spread,2021_21_CIN_KC,spread,-110.0,0.0,pending,,0.0,1.9090909090909087,,,2025-10-13
2021_21_CIN_KC_spread,2021_21_CIN_KC,spread,-110.0,0.0,pending,,0.0,1.9090909090909087,,,2025-10-13
2022_01_CLE_CAR_spread,2022_01_CLE_CAR,spread,-110.0,0.0,pending,,0.0,1.9090909090909087,,,2025-10-13
2022_01_DEN_SEA_spread,2022_01_DEN_SEA,spread,-110.0,0.0,pending,,0.0,1.9090909090909087,,,2025-10-13
2022_01_DEN_SEA_spread,2022_01_DEN_SEA,spread,-110.0,0.0,pending,,0.0,1.9090909090909087,,,2025-10-13
2022_01_DEN_SEA_spread,2022_01_DEN_SEA,spread,-110.0,0.0,pending,,0.0,1.9090909090909087,,,2025-10-13
2022_01_NYG_TEN_spread,2022_01_NYG_TEN,spread,-110.0,0.0,pending,,0.0,1.9090909090909087,,,2025-10-13
2022_01_NYG_TEN_spread,2022_01_NYG_TEN,spread,-110.0,0.0,pending,,0.0,1.9090909090909087,,,2025-10-13
2022_02_HOU_DEN_spread,2022_02_HOU_DEN,spread,-110.0,0.0,pending,,0.0,1.9090909090909087,,,2025-10-13
2022_02_HOU_DEN_spread,2022_02_HOU_DEN,spread,-110.0,0.0,pending,,0.0,1.9090909090909087,,,2025-10-13
2022_01_CLE_CAR_spread,2022_01_CLE_CAR,spread,-110.0,0.0,pending,,0.0,1.9090909090909087,,,2025-10-13
2022_01_CLE_CAR_spread,2022_01_CLE_CAR,spread,-110.0,0.0,pending,,0.0,1.9090909090909087,,,2025-10-13
2022_01_BAL_NYJ_spread,2022_01_BAL_NYJ,spread,-110.0,0.0,pending,,0.0,1.9090909090909087,,,2025-10-13
2022_01_BAL_NYJ_spread,2022_01_BAL_NYJ,spread,-110.0,0.0,pending,,0.0,1.9090909090909087,,,2025-10-13
2022_01_BAL_NYJ_spread,2022_01_BAL_NYJ,spread,-110.0,0.0,pending,,0.0,1.9090909090909087,,,2025-10-13
2021_20_CIN_TEN_spread,2021_20_CIN_TEN,spread,-110.0,0.0,pending,,0.0,1.9090909090909087,,,2025-10-13
2021_20_CIN_TEN_spread,2021_20_CIN_TEN,spread,-110.0,0.0,pending,,0.0,1.9090909090909087,,,2025-10-13
2021_20_CIN_TEN_spread,2021_20_CIN_TEN,spread,-110.0,0.0,pending,,0.0,1.9090909090909087,,,2025-10-13
2021_17_CLE_PIT_spread,2021_17_CLE_PIT,spread,-110.0,0.0,pending,,0.0,1.9090909090909087,,,2025-10-13
2021_17_CLE_PIT_spread,2021_17_CLE_PIT,spread,-110.0,0.0,pending,,0.0,1.9090909090909087,,,2025-10-13
2021_17_CLE_PIT_spread,2021_17_CLE_PIT,spread,-110.0,0.0,pending,,0.0,1.9090909090909087,,,2025-10-13
2021_17_DEN_LAC_spread,2021_17_DEN_LAC,spread,-110.0,0.0,pending,,0.0,1.9090909090909087,,,2025-10-13
2021_18_CIN_CLE_spread,2021_18_CIN_CLE,spread,-110.0,0.0,pending,,0.0,1.9090909090909087,,,2025-10-13
2021_18_CIN_CLE_spread,2021_18_CIN_CLE,spread,-110.0,0.0,pending,,0.0,1.9090909090909087,,,2025-10-13
2021_18_CIN_CLE_spread,2021_18_CIN_CLE,spread,-110.0,0.0,pending,,0.0,1.9090909090909087,,,2025-10-13
2021_18_DAL_PHI_spread,2021_18_DAL_PHI,spread,-110.0,0.0,pending,,0.0,1.9090909090909087,,,2025-10-13
2021_18_DAL_PHI_spread,2021_18_DAL_PHI,spread,-110.0,0.0,pending,,0.0,1.9090909090909087,,,2025-10-13
2021_18_DAL_PHI_spread,2021_18_DAL_PHI,spread,-110.0,0.0,pending,,0.0,1.9090909090909087,,,2025-10-13
2021_18_GB_DET_spread,2021_18_GB_DET,spread,-110.0,0.0,pending,,0.0,1.9090909090909087,,,2025-10-13
2021_18_GB_DET_spread,2021_18_GB_DET,spread,-110.0,0.0,pending,,0.0,1.9090909090909087,,,2025-10-13
2021_18_GB_DET_spread,2021_18_GB_DET,spread,-110.0,0.0,pending,,0.0,1.9090909090909087,,,2025-10-13
2021_17_CAR_NO_spread,2021_17_CAR_NO,spread,-110.0,0.0,pending,,0.0,1.9090909090909087,,,2025-10-13
2021_18_KC_DEN_spread,2021_18_KC_DEN,spread,-110.0,0.0,pending,,0.0,1.9090909090909087,,,2025-10-13
2021_17_CAR_NO_spread,2021_17_CAR_NO,spread,-110.0,0.0,pending,,0.0,1.9090909090909087,,,2025-10-13
2021_16_DET_ATL_spread,2021_16_DET_ATL,spread,-110.0,0.0,pending,,0.0,1.9090909090909087,,,2025-10-13
2021_16_DET_ATL_spread,2021_16_DET_ATL,spread,-110.0,0.0,pending,,0.0,1.9090909090909087,,,2025-10-13
2021_16_DET_ATL_spread,2021_16_DET_ATL,spread,-110.0,0.0,pending,,0.0,1.9090909090909087,,,2025-10-13
2021_17_ARI_DAL_spread,2021_17_ARI_DAL,spread,-110.0,0.0,pending,,0.0,1.9090909090909087,,,2025-10-13
2021_17_ARI_DAL_spread,2021_17_ARI_DAL,spread,-110.0,0.0,pending,,0.0,1.9090909090909087,,,2025-10-13
2021_17_ARI_DAL_spread,2021_17_ARI_DAL,spread,-110.0,0.0,pending,,0.0,1.9090909090909087,,,2025-10-13
2021_17_ATL_BUF_spread,2021_17_ATL_BUF,spread,-110.0,0.0,pending,,0.0,1.9090909090909087,,,2025-10-13
2021_17_ATL_BUF_spread,2021_17_ATL_BUF,spread,-110.0,0.0,pending,,0.0,1.9090909090909087,,,2025-10-13
2021_17_ATL_BUF_spread,2021_17_ATL_BUF,spread,-110.0,0.0,pending,,0.0,1.9090909090909087,,,2025-10-13
2021_17_CAR_NO_spread,2021_17_CAR_NO,spread,-110.0,0.0,pending,,0.0,1.9090909090909087,,,2025-10-13
2021_18_KC_DEN_spread,2021_18_KC_DEN,spread,-110.0,0.0,pending,,0.0,1.9090909090909087,,,2025-10-13
2021_18_KC_DEN_spread,2021_18_KC_DEN,spread,-110.0,0.0,pending,,0.0,1.9090909090909087,,,2025-10-13
2021_19_SF_DAL_spread,2021_19_SF_DAL,spread,-110.0,0.0,pending,,0.0,1.9090909090909087,,,2025-10-13
2021_20_BUF_KC_spread,2021_20_BUF_KC,spread,-110.0,0.0,pending,,0.0,1.9090909090909087,,,2025-10-13
2021_20_BUF_KC_spread,2021_20_BUF_KC,spread,-110.0,0.0,pending,,0.0,1.9090909090909087,,,2025-10-13
2021_20_BUF_KC_spread,2021_20_BUF_KC,spread,-110.0,0.0,pending,,0.0,1.9090909090909087,,,2025-10-13
2021_19_SF_DAL_spread,2021_19_SF_DAL,spread,-110.0,0.0,pending,,0.0,1.9090909090909087,,,2025-10-13
2021_19_SF_DAL_spread,2021_19_SF_DAL,spread,-110.0,0.0,pending,,0.0,1.9090909090909087,,,2025-10-13
2021_18_NE_MIA_spread,2021_18_NE_MIA,spread,-110.0,0.0,pending,,0.0,1.9090909090909087,,,2025-10-13
2021_19_ARI_LA_spread,2021_19_ARI_LA,spread,-110.0,0.0,pending,,0.0,1.9090909090909087,,,2025-10-13
2021_19_LV_CIN_spread,2021_19_LV_CIN,spread,-110.0,0.0,pending,,0.0,1.9090909090909087,,,2025-10-13
2021_19_LV_CIN_spread,2021_19_LV_CIN,spread,-110.0,0.0,pending,,0.0,1.9090909090909087,,,2025-10-13
2021_19_LV_CIN_spread,2021_19_LV_CIN,spread,-110.0,0.0,pending,,0.0,1.9090909090909087,,,2025-10-13
2021_19_NE_BUF_spread,2021_19_NE_BUF,spread,-110.0,0.0,pending,,0.0,1.9090909090909087,,,2025-10-13
2021_19_NE_BUF_spread,2021_19_NE_BUF,spread,-110.0,0.0,pending,,0.0,1.9090909090909087,,,2025-10-13
2021_19_NE_BUF_spread,2021_19_NE_BUF,spread,-110.0,0.0,pending,,0.0,1.9090909090909087,,,2025-10-13
2021_19_PHI_TB_spread,2021_19_PHI_TB,spread,-110.0,0.0,pending,,0.0,1.9090909090909087,,,2025-10-13
2021_19_PHI_TB_spread,2021_19_PHI_TB,spread,-110.0,0.0,pending,,0.0,1.9090909090909087,,,2025-10-13
2021_19_PHI_TB_spread,2021_19_PHI_TB,spread,-110.0,0.0,pending,,0.0,1.9090909090909087,,,2025-10-13
2021_07_NYJ_NE_spread,2021_07_NYJ_NE,spread,-110.0,0.0,pending,,0.0,1.9090909090909087,,,2025-10-13
2021_07_NYJ_NE_spread,2021_07_NYJ_NE,spread,-110.0,0.0,pending,,0.0,1.9090909090909087,,,2025-10-13
2021_07_NYJ_NE_spread,2021_07_NYJ_NE,spread,-110.0,0.0,pending,,0.0,1.9090909090909087,,,2025-10-13
2020_17_ATL_TB_spread,2020_17_ATL_TB,spread,-110.0,0.0,pending,,0.0,1.9090909090909087,,,2025-10-13
2020_16_MIN_NO_spread,2020_16_MIN_NO,spread,-110.0,0.0,pending,,0.0,1.9090909090909087,,,2025-10-13
2020_16_MIN_NO_spread,2020_16_MIN_NO,spread,-110.0,0.0,pending,,0.0,1.9090909090909087,,,2025-10-13
2020_16_NYG_BAL_spread,2020_16_NYG_BAL,spread,-110.0,0.0,pending,,0.0,1.9090909090909087,,,2025-10-13
2020_16_NYG_BAL_spread,2020_16_NYG_BAL,spread,-110.0,0.0,pending,,0.0,1.9090909090909087,,,2025-10-13
2020_16_NYG_BAL_spread,2020_16_NYG_BAL,spread,-110.0,0.0,pending,,0.0,1.9090909090909087,,,2025-10-13
2020_16_PHI_DAL_spread,2020_16_PHI_DAL,spread,-110.0,0.0,pending,,0.0,1.9090909090909087,,,2025-10-13
2020_17_ATL_TB_spread,2020_17_ATL_TB,spread,-110.0,0.0,pending,,0.0,1.9090909090909087,,,2025-10-13
2020_17_ATL_TB_spread,2020_17_ATL_TB,spread,-110.0,0.0,pending,,0.0,1.9090909090909087,,,2025-10-13
2020_17_BAL_CIN_spread,2020_17_BAL_CIN,spread,-110.0,0.0,pending,,0.0,1.9090909090909087,,,2025-10-13
2020_17_BAL_CIN_spread,2020_17_BAL_CIN,spread,-110.0,0.0,pending,,0.0,1.9090909090909087,,,2025-10-13
2020_17_DAL_NYG_spread,2020_17_DAL_NYG,spread,-110.0,0.0,pending,,0.0,1.9090909090909087,,,2025-10-13
2020_17_DAL_NYG_spread,2020_17_DAL_NYG,spread,-110.0,0.0,pending,,0.0,1.9090909090909087,,,2025-10-13
2020_16_MIN_NO_spread,2020_16_MIN_NO,spread,-110.0,0.0,pending,,0.0,1.9090909090909087,,,2025-10-13
2020_16_LA_SEA_spread,2020_16_LA_SEA,spread,-110.0,0.0,pending,,0.0,1.9090909090909087,,,2025-10-13
2020_16_LA_SEA_spread,2020_16_LA_SEA,spread,-110.0,0.0,pending,,0.0,1.9090909090909087,,,2025-10-13
2020_15_CHI_MIN_spread,2020_15_CHI_MIN,spread,-110.0,0.0,pending,,0.0,1.9090909090909087,,,2025-10-13
2020_15_CLE_NYG_spread,2020_15_CLE_NYG,spread,-110.0,0.0,pending,,0.0,1.9090909090909087,,,2025-10-13
2020_15_CLE_NYG_spread,2020_15_CLE_NYG,spread,-110.0,0.0,pending,,0.0,1.9090909090909087,,,2025-10-13
2020_15_CLE_NYG_spread,2020_15_CLE_NYG,spread,-110.0,0.0,pending,,0.0,1.9090909090909087,,,2025-10-13
2020_15_NE_MIA_spread,2020_15_NE_MIA,spread,-110.0,0.0,pending,,0.0,1.9090909090909087,,,2025-10-13
2020_15_NE_MIA_spread,2020_15_NE_MIA,spread,-110.0,0.0,pending,,0.0,1.9090909090909087,,,2025-10-13
2020_15_NE_MIA_spread,2020_15_NE_MIA,spread,-110.0,0.0,pending,,0.0,1.9090909090909087,,,2025-10-13
2020_16_BUF_NE_spread,2020_16_BUF_NE,spread,-110.0,0.0,pending,,0.0,1.9090909090909087,,,2025-10-13
2020_16_BUF_NE_spread,2020_16_BUF_NE,spread,-110.0,0.0,pending,,0.0,1.9090909090909087,,,2025-10-13
2020_16_BUF_NE_spread,2020_16_BUF_NE,spread,-110.0,0.0,pending,,0.0,1.9090909090909087,,,2025-10-13
2020_16_LA_SEA_spread,2020_16_LA_SEA,spread,-110.0,0.0,pending,,0.0,1.9090909090909087,,,2025-10-13
2020_17_DAL_NYG_spread,2020_17_DAL_NYG,spread,-110.0,0.0,pending,,0.0,1.9090909090909087,,,2025-10-13
2020_17_GB_CHI_spread,2020_17_GB_CHI,spread,-110.0,0.0,pending,,0.0,1.9090909090909087,,,2025-10-13
2020_18_TB_WAS_spread,2020_18_TB_WAS,spread,-110.0,0.0,pending,,0.0,1.9090909090909087,,,2025-10-13
2020_19_BAL_BUF_spread,2020_19_BAL_BUF,spread,-110.0,0.0,pending,,0.0,1.9090909090909087,,,2025-10-13
2020_19_BAL_BUF_spread,2020_19_BAL_BUF,spread,-110.0,0.0,pending,,0.0,1.9090909090909087,,,2025-10-13
2020_19_BAL_BUF_spread,2020_19_BAL_BUF,spread,-110.0,0.0,pending,,0.0,1.9090909090909087,,,2025-10-13
2020_18_TB_WAS_spread,2020_18_TB_WAS,spread,-110.0,0.0,pending,,0.0,1.9090909090909087,,,2025-10-13
2020_17_GB_CHI_spread,2020_17_GB_CHI,spread,-110.0,0.0,pending,,0.0,1.9090909090909087,,,2025-10-13
2020_18_LA_SEA_spread,2020_18_LA_SEA,spread,-110.0,0.0,pending,,0.0,1.9090909090909087,,,2025-10-13
2020_17_GB_CHI_spread,2020_17_GB_CHI,spread,-110.0,0.0,pending,,0.0,1.9090909090909087,,,2025-10-13
2020_17_LAC_KC_spread,2020_17_LAC_KC,spread,-110.0,0.0,pending,,0.0,1.9090909090909087,,,2025-10-13
2020_18_BAL_TEN_spread,2020_18_BAL_TEN,spread,-110.0,0.0,pending,,0.0,1.9090909090909087,,,2025-10-13
2020_18_CHI_NO_spread,2020_18_CHI_NO,spread,-110.0,0.0,pending,,0.0,1.9090909090909087,,,2025-10-13
2020_18_CHI_NO_spread,2020_18_CHI_NO,spread,-110.0,0.0,pending,,0.0,1.9090909090909087,,,2025-10-13
2020_18_CHI_NO_spread,2020_18_CHI_NO,spread,-110.0,0.0,pending,,0.0,1.9090909090909087,,,2025-10-13
2020_18_CLE_PIT_spread,2020_18_CLE_PIT,spread,-110.0,0.0,pending,,0.0,1.9090909090909087,,,2025-10-13
2020_18_CLE_PIT_spread,2020_18_CLE_PIT,spread,-110.0,0.0,pending,,0.0,1.9090909090909087,,,2025-10-13
2020_18_CLE_PIT_spread,2020_18_CLE_PIT,spread,-110.0,0.0,pending,,0.0,1.9090909090909087,,,2025-10-13
2020_18_LA_SEA_spread,2020_18_LA_SEA,spread,-110.0,0.0,pending,,0.0,1.9090909090909087,,,2025-10-13
2020_18_LA_SEA_spread,2020_18_LA_SEA,spread,-110.0,0.0,pending,,0.0,1.9090909090909087,,,2025-10-13
2020_15_CHI_MIN_spread,2020_15_CHI_MIN,spread,-110.0,0.0,pending,,0.0,1.9090909090909087,,,2025-10-13
2020_15_CHI_MIN_spread,2020_15_CHI_MIN,spread,-110.0,0.0,pending,,0.0,1.9090909090909087,,,2025-10-13
2020_12_BAL_PIT_spread,2020_12_BAL_PIT,spread,-110.0,0.0,pending,,0.0,1.9090909090909087,,,2025-10-13
2020_12_BAL_PIT_spread,2020_12_BAL_PIT,spread,-110.0,0.0,pending,,0.0,1.9090909090909087,,,2025-10-13
2020_12_BAL_PIT_spread,2020_12_BAL_PIT,spread,-110.0,0.0,pending,,0.0,1.9090909090909087,,,2025-10-13
2020_12_CHI_GB_spread,2020_12_CHI_GB,spread,-110.0,0.0,pending,,0.0,1.9090909090909087,,,2025-10-13
2020_12_CHI_GB_spread,2020_12_CHI_GB,spread,-110.0,0.0,pending,,0.0,1.9090909090909087,,,2025-10-13
2020_12_CHI_GB_spread,2020_12_CHI_GB,spread,-110.0,0.0,pending,,0.0,1.9090909090909087,,,2025-10-13
2020_12_MIA_NYJ_spread,2020_12_MIA_NYJ,spread,-110.0,0.0,pending,,0.0,1.9090909090909087,,,2025-10-13
2020_12_MIA_NYJ_spread,2020_12_MIA_NYJ,spread,-110.0,0.0,pending,,0.0,1.9090909090909087,,,2025-10-13
2020_12_MIA_NYJ_spread,2020_12_MIA_NYJ,spread,-110.0,0.0,pending,,0.0,1.9090909090909087,,,2025-10-13
2020_13_BUF_SF_spread,2020_13_BUF_SF,spread,-110.0,0.0,pending,,0.0,1.9090909090909087,,,2025-10-13
2020_11_DET_CAR_spread,2020_11_DET_CAR,spread,-110.0,0.0,pending,,0.0,1.9090909090909087,,,2025-10-13
2020_11_KC_LV_spread,2020_11_KC_LV,spread,-110.0,0.0,pending,,0.0,1.9090909090909087,,,2025-10-13
2020_11_KC_LV_spread,2020_11_KC_LV,spread,-110.0,0.0,pending,,0.0,1.9090909090909087,,,2025-10-13
2020_11_KC_LV_spread,2020_11_KC_LV,spread,-110.0,0.0,pending,,0.0,1.9090909090909087,,,2025-10-13
2020_12_ARI_NE_spread,2020_12_ARI_NE,spread,-110.0,0.0,pending,,0.0,1.9090909090909087,,,2025-10-13
2020_12_ARI_NE_spread,2020_12_ARI_NE,spread,-110.0,0.0,pending,,0.0,1.9090909090909087,,,2025-10-13
2020_12_ARI_NE_spread,2020_12_ARI_NE,spread,-110.0,0.0,pending,,0.0,1.9090909090909087,,,2025-10-13
2020_13_BUF_SF_spread,2020_13_BUF_SF,spread,-110.0,0.0,pending,,0.0,1.9090909090909087,,,2025-10-13
2020_13_BUF_SF_spread,2020_13_BUF_SF,spread,-110.0,0.0,pending,,0.0,1.9090909090909087,,,2025-10-13
2020_15_CAR_GB_spread,2020_15_CAR_GB,spread,-110.0,0.0,pending,,0.0,1.9090909090909087,,,2025-10-13
2020_14_BAL_CLE_spread,2020_14_BAL_CLE,spread,-110.0,0.0,pending,,0.0,1.9090909090909087,,,2025-10-13
2020_14_NE_LA_spread,2020_14_NE_LA,spread,-110.0,0.0,pending,,0.0,1.9090909090909087,,,2025-10-13
2020_14_NE_LA_spread,2020_14_NE_LA,spread,-110.0,0.0,pending,,0.0,1.9090909090909087,,,2025-10-13
2020_14_NE_LA_spread,2020_14_NE_LA,spread,-110.0,0.0,pending,,0.0,1.9090909090909087,,,2025-10-13
2020_14_PIT_BUF_spread,2020_14_PIT_BUF,spread,-110.0,0.0,pending,,0.0,1.9090909090909087,,,2025-10-13
2020_14_PIT_BUF_spread,2020_14_PIT_BUF,spread,-110.0,0.0,pending,,0.0,1.9090909090909087,,,2025-10-13
2020_14_PIT_BUF_spread,2020_14_PIT_BUF,spread,-110.0,0.0,pending,,0.0,1.9090909090909087,,,2025-10-13
2020_14_WAS_SF_spread,2020_14_WAS_SF,spread,-110.0,0.0,pending,,0.0,1.9090909090909087,,,2025-10-13
2020_14_WAS_SF_spread,2020_14_WAS_SF,spread,-110.0,0.0,pending,,0.0,1.9090909090909087,,,2025-10-13
2020_14_WAS_SF_spread,2020_14_WAS_SF,spread,-110.0,0.0,pending,,0.0,1.9090909090909087,,,2025-10-13
2020_15_BUF_DEN_spread,2020_15_BUF_DEN,spread,-110.0,0.0,pending,,0.0,1.9090909090909087,,,2025-10-13
2020_15_BUF_DEN_spread,2020_15_BUF_DEN,spread,-110.0,0.0,pending,,0.0,1.9090909090909087,,,2025-10-13
2020_15_BUF_DEN_spread,2020_15_BUF_DEN,spread,-110.0,0.0,pending,,0.0,1.9090909090909087,,,2025-10-13
2020_14_BAL_CLE_spread,2020_14_BAL_CLE,spread,-110.0,0.0,pending,,0.0,1.9090909090909087,,,2025-10-13
2020_14_BAL_CLE_spread,2020_14_BAL_CLE,spread,-110.0,0.0,pending,,0.0,1.9090909090909087,,,2025-10-13
2020_13_CIN_MIA_spread,2020_13_CIN_MIA,spread,-110.0,0.0,pending,,0.0,1.9090909090909087,,,2025-10-13
2020_13_CIN_MIA_spread,2020_13_CIN_MIA,spread,-110.0,0.0,pending,,0.0,1.9090909090909087,,,2025-10-13
2020_13_CIN_MIA_spread,2020_13_CIN_MIA,spread,-110.0,0.0,pending,,0.0,1.9090909090909087,,,2025-10-13
2020_13_DEN_KC_spread,2020_13_DEN_KC,spread,-110.0,0.0,pending,,0.0,1.9090909090909087,,,2025-10-13
2020_13_NO_ATL_spread,2020_13_NO_ATL,spread,-110.0,0.0,pending,,0.0,1.9090909090909087,,,2025-10-13
2020_13_NO_ATL_spread,2020_13_NO_ATL,spread,-110.0,0.0,pending,,0.0,1.9090909090909087,,,2025-10-13
2020_13_NO_ATL_spread,2020_13_NO_ATL,spread,-110.0,0.0,pending,,0.0,1.9090909090909087,,,2025-10-13
2020_13_WAS_PIT_spread,2020_13_WAS_PIT,spread,-110.0,0.0,pending,,0.0,1.9090909090909087,,,2025-10-13
2020_13_WAS_PIT_spread,2020_13_WAS_PIT,spread,-110.0,0.0,pending,,0.0,1.9090909090909087,,,2025-10-13
2020_13_WAS_PIT_spread,2020_13_WAS_PIT,spread,-110.0,0.0,pending,,0.0,1.9090909090909087,,,2025-10-13
2020_14_ARI_NYG_spread,2020_14_ARI_NYG,spread,-110.0,0.0,pending,,0.0,1.9090909090909087,,,2025-10-13
2020_19_CLE_KC_spread,2020_19_CLE_KC,spread,-110.0,0.0,pending,,0.0,1.9090909090909087,,,2025-10-13
2020_19_CLE_KC_spread,2020_19_CLE_KC,spread,-110.0,0.0,pending,,0.0,1.9090909090909087,,,2025-10-13
2021_05_BUF_KC_spread,2021_05_BUF_KC,spread,-110.0,0.0,pending,,0.0,1.9090909090909087,,,2025-10-13
2021_05_BUF_KC_spread,2021_05_BUF_KC,spread,-110.0,0.0,pending,,0.0,1.9090909090909087,,,2025-10-13
2021_05_BUF_KC_spread,2021_05_BUF_KC,spread,-110.0,0.0,pending,,0.0,1.9090909090909087,,,2025-10-13
2021_05_CLE_LAC_spread,2021_05_CLE_LAC,spread,-110.0,0.0,pending,,0.0,1.9090909090909087,,,2025-10-13
2021_05_CLE_LAC_spread,2021_05_CLE_LAC,spread,-110.0,0.0,pending,,0.0,1.9090909090909087,,,2025-10-13
2021_05_CLE_LAC_spread,2021_05_CLE_LAC,spread,-110.0,0.0,pending,,0.0,1.9090909090909087,,,2025-10-13
2021_05_IND_BAL_spread,2021_05_IND_BAL,spread,-110.0,0.0,pending,,0.0,1.9090909090909087,,,2025-10-13
2021_05_IND_BAL_spread,2021_05_IND_BAL,spread,-110.0,0.0,pending,,0.0,1.9090909090909087,,,2025-10-13
2021_05_IND_BAL_spread,2021_05_IND_BAL,spread,-110.0,0.0,pending,,0.0,1.9090909090909087,,,2025-10-13
2021_05_LA_SEA_spread,2021_05_LA_SEA,spread,-110.0,0.0,pending,,0.0,1.9090909090909087,,,2025-10-13
2021_05_LA_SEA_spread,2021_05_LA_SEA,spread,-110.0,0.0,pending,,0.0,1.9090909090909087,,,2025-10-13
2021_05_LA_SEA_spread,2021_05_LA_SEA,spread,-110.0,0.0,pending,,0.0,1.9090909090909087,,,2025-10-13
2021_05_NYG_DAL_spread,2021_05_NYG_DAL,spread,-110.0,0.0,pending,,0.0,1.9090909090909087,,,2025-10-13
2021_04_NYG_NO_spread,2021_04_NYG_NO,spread,-110.0,0.0,pending,,0.0,1.9090909090909087,,,2025-10-13
2021_06_BUF_TEN_spread,2021_06_BUF_TEN,spread,-110.0,0.0,pending,,0.0,1.9090909090909087,,,2025-10-13
2021_04_KC_PHI_spread,2021_04_KC_PHI,spread,-110.0,0.0,pending,,0.0,1.9090909090909087,,,2025-10-13
2021_03_WAS_BUF_spread,2021_03_WAS_BUF,spread,-110.0,0.0,pending,,0.0,1.9090909090909087,,,2025-10-13
2021_04_ARI_LA_spread,2021_04_ARI_LA,spread,-110.0,0.0,pending,,0.0,1.9090909090909087,,,2025-10-13
2021_04_ARI_LA_spread,2021_04_ARI_LA,spread,-110.0,0.0,pending,,0.0,1.9090909090909087,,,2025-10-13
2021_04_ARI_LA_spread,2021_04_ARI_LA,spread,-110.0,0.0,pending,,0.0,1.9090909090909087,,,2025-10-13
2021_04_BAL_DEN_spread,2021_04_BAL_DEN,spread,-110.0,0.0,pending,,0.0,1.9090909090909087,,,2025-10-13
2021_04_BAL_DEN_spread,2021_04_BAL_DEN,spread,-110.0,0.0,pending,,0.0,1.9090909090909087,,,2025-10-13
2021_04_BAL_DEN_spread,2021_04_BAL_DEN,spread,-110.0,0.0,pending,,0.0,1.9090909090909087,,,2025-10-13
2021_04_CAR_DAL_spread,2021_04_CAR_DAL,spread,-110.0,0.0,pending,,0.0,1.9090909090909087,,,2025-10-13
2021_04_CAR_DAL_spread,2021_04_CAR_DAL,spread,-110.0,0.0,pending,,0.0,1.9090909090909087,,,2025-10-13
2021_04_CAR_DAL_spread,2021_04_CAR_DAL,spread,-110.0,0.0,pending,,0.0,1.9090909090909087,,,2025-10-13
2021_04_KC_PHI_spread,2021_04_KC_PHI,spread,-110.0,0.0,pending,,0.0,1.9090909090909087,,,2025-10-13
2021_06_ARI_CLE_spread,2021_06_ARI_CLE,spread,-110.0,0.0,pending,,0.0,1.9090909090909087,,,2025-10-13
2021_06_BUF_TEN_spread,2021_06_BUF_TEN,spread,-110.0,0.0,pending,,0.0,1.9090909090909087,,,2025-10-13
2021_03_TB_LA_spread,2021_03_TB_LA,spread,-110.0,0.0,pending,,0.0,1.9090909090909087,,,2025-10-13
2021_07_CAR_NYG_spread,2021_07_CAR_NYG,spread,-110.0,0.0,pending,,0.0,1.9090909090909087,,,2025-10-13
2021_07_CAR_NYG_spread,2021_07_CAR_NYG,spread,-110.0,0.0,pending,,0.0,1.9090909090909087,,,2025-10-13
2021_07_CAR_NYG_spread,2021_07_CAR_NYG,spread,-110.0,0.0,pending,,0.0,1.9090909090909087,,,2025-10-13
2021_07_CHI_TB_spread,2021_07_CHI_TB,spread,-110.0,0.0,pending,,0.0,1.9090909090909087,,,2025-10-13
2021_07_CIN_BAL_spread,2021_07_CIN_BAL,spread,-110.0,0.0,pending,,0.0,1.9090909090909087,,,2025-10-13
2021_07_CIN_BAL_spread,2021_07_CIN_BAL,spread,-110.0,0.0,pending,,0.0,1.9090909090909087,,,2025-10-13
2021_07_CIN_BAL_spread,2021_07_CIN_BAL,spread,-110.0,0.0,pending,,0.0,1.9090909090909087,,,2025-10-13
2021_06_BUF_TEN_spread,2021_06_BUF_TEN,spread,-110.0,0.0,pending,,0.0,1.9090909090909087,,,2025-10-13
2021_06_DAL_NE_spread,2021_06_DAL_NE,spread,-110.0,0.0,pending,,0.0,1.9090909090909087,,,2025-10-13
2021_06_DAL_NE_spread,2021_06_DAL_NE,spread,-110.0,0.0,pending,,0.0,1.9090909090909087,,,2025-10-13
2021_06_DAL_NE_spread,2021_06_DAL_NE,spread,-110.0,0.0,pending,,0.0,1.9090909090909087,,,2025-10-13
2021_06_GB_CHI_spread,2021_06_GB_CHI,spread,-110.0,0.0,pending,,0.0,1.9090909090909087,,,2025-10-13
2021_06_GB_CHI_spread,2021_06_GB_CHI,spread,-110.0,0.0,pending,,0.0,1.9090909090909087,,,2025-10-13
2021_06_GB_CHI_spread,2021_06_GB_CHI,spread,-110.0,0.0,pending,,0.0,1.9090909090909087,,,2025-10-13
2021_06_LAC_BAL_spread,2021_06_LAC_BAL,spread,-110.0,0.0,pending,,0.0,1.9090909090909087,,,2025-10-13
2021_06_LAC_BAL_spread,2021_06_LAC_BAL,spread,-110.0,0.0,pending,,0.0,1.9090909090909087,,,2025-10-13
2021_06_LAC_BAL_spread,2021_06_LAC_BAL,spread,-110.0,0.0,pending,,0.0,1.9090909090909087,,,2025-10-13
2021_03_TB_LA_spread,2021_03_TB_LA,spread,-110.0,0.0,pending,,0.0,1.9090909090909087,,,2025-10-13
2021_03_TB_LA_spread,2021_03_TB_LA,spread,-110.0,0.0,pending,,0.0,1.9090909090909087,,,2025-10-13
2020_19_CLE_KC_spread,2020_19_CLE_KC,spread,-110.0,0.0,pending,,0.0,1.9090909090909087,,,2025-10-13
2020_21_KC_TB_spread,2020_21_KC_TB,spread,-110.0,0.0,pending,,0.0,1.9090909090909087,,,2025-10-13
2020_21_KC_TB_spread,2020_21_KC_TB,spread,-110.0,0.0,pending,,0.0,1.9090909090909087,,,2025-10-13
2020_21_KC_TB_spread,2020_21_KC_TB,spread,-110.0,0.0,pending,,0.0,1.9090909090909087,,,2025-10-13
2021_01_ARI_TEN_spread,2021_01_ARI_TEN,spread,-110.0,0.0,pending,,0.0,1.9090909090909087,,,2025-10-13
2021_01_ARI_TEN_spread,2021_01_ARI_TEN,spread,-110.0,0.0,pending,,0.0,1.9090909090909087,,,2025-10-13
2021_01_ARI_TEN_spread,2021_01_ARI_TEN,spread,-110.0,0.0,pending,,0.0,1.9090909090909087,,,2025-10-13
2021_01_BAL_LV_spread,2021_01_BAL_LV,spread,-110.0,0.0,pending,,0.0,1.9090909090909087,,,2025-10-13
2021_01_BAL_LV_spread,2021_01_BAL_LV,spread,-110.0,0.0,pending,,0.0,1.9090909090909087,,,2025-10-13
2021_01_BAL_LV_spread,2021_01_BAL_LV,spread,-110.0,0.0,pending,,0.0,1.9090909090909087,,,2025-10-13
2021_01_JAX_HOU_spread,2021_01_JAX_HOU,spread,-110.0,0.0,pending,,0.0,1.9090909090909087,,,2025-10-13
2020_19_LA_GB_spread,2020_19_LA_GB,spread,-110.0,0.0,pending,,0.0,1.9090909090909087,,,2025-10-13
2020_19_TB_NO_spread,2020_19_TB_NO,spread,-110.0,0.0,pending,,0.0,1.9090909090909087,,,2025-10-13
2020_19_TB_NO_spread,2020_19_TB_NO,spread,-110.0,0.0,pending,,0.0,1.9090909090909087,,,2025-10-13
2020_19_TB_NO_spread,2020_19_TB_NO,spread,-110.0,0.0,pending,,0.0,1.9090909090909087,,,2025-10-13
2020_20_BUF_KC_spread,2020_20_BUF_KC,spread,-110.0,0.0,pending,,0.0,1.9090909090909087,,,2025-10-13
2020_20_BUF_KC_spread,2020_20_BUF_KC,spread,-110.0,0.0,pending,,0.0,1.9090909090909087,,,2025-10-13
2020_20_BUF_KC_spread,2020_20_BUF_KC,spread,-110.0,0.0,pending,,0.0,1.9090909090909087,,,2025-10-13
2021_01_CHI_LA_spread,2021_01_CHI_LA,spread,-110.0,0.0,pending,,0.0,1.9090909090909087,,,2025-10-13
2021_01_JAX_HOU_spread,2021_01_JAX_HOU,spread,-110.0,0.0,pending,,0.0,1.9090909090909087,,,2025-10-13
2021_02_NE_NYJ_spread,2021_02_NE_NYJ,spread,-110.0,0.0,pending,,0.0,1.9090909090909087,,,2025-10-13
2021_02_NYG_WAS_spread,2021_02_NYG_WAS,spread,-110.0,0.0,pending,,0.0,1.9090909090909087,,,2025-10-13
2021_02_NYG_WAS_spread,2021_02_NYG_WAS,spread,-110.0,0.0,pending,,0.0,1.9090909090909087,,,2025-10-13
2021_02_NYG_WAS_spread,2021_02_NYG_WAS,spread,-110.0,0.0,pending,,0.0,1.9090909090909087,,,2025-10-13
2021_03_ATL_NYG_spread,2021_03_ATL_NYG,spread,-110.0,0.0,pending,,0.0,1.9090909090909087,,,2025-10-13
2021_03_ATL_NYG_spread,2021_03_ATL_NYG,spread,-110.0,0.0,pending,,0.0,1.9090909090909087,,,2025-10-13
2021_03_ATL_NYG_spread,2021_03_ATL_NYG,spread,-110.0,0.0,pending,,0.0,1.9090909090909087,,,2025-10-13
2021_03_LAC_KC_spread,2021_03_LAC_KC,spread,-110.0,0.0,pending,,0.0,1.9090909090909087,,,2025-10-13
2021_03_LAC_KC_spread,2021_03_LAC_KC,spread,-110.0,0.0,pending,,0.0,1.9090909090909087,,,2025-10-13
2021_03_LAC_KC_spread,2021_03_LAC_KC,spread,-110.0,0.0,pending,,0.0,1.9090909090909087,,,2025-10-13
2021_03_NO_NE_spread,2021_03_NO_NE,spread,-110.0,0.0,pending,,0.0,1.9090909090909087,,,2025-10-13
2021_03_NO_NE_spread,2021_03_NO_NE,spread,-110.0,0.0,pending,,0.0,1.9090909090909087,,,2025-10-13
2021_03_NO_NE_spread,2021_03_NO_NE,spread,-110.0,0.0,pending,,0.0,1.9090909090909087,,,2025-10-13
2021_02_NE_NYJ_spread,2021_02_NE_NYJ,spread,-110.0,0.0,pending,,0.0,1.9090909090909087,,,2025-10-13
2021_01_JAX_HOU_spread,2021_01_JAX_HOU,spread,-110.0,0.0,pending,,0.0,1.9090909090909087,,,2025-10-13
2021_02_NE_NYJ_spread,2021_02_NE_NYJ,spread,-110.0,0.0,pending,,0.0,1.9090909090909087,,,2025-10-13
2021_01_PIT_BUF_spread,2021_01_PIT_BUF,spread,-110.0,0.0,pending,,0.0,1.9090909090909087,,,2025-10-13
2021_01_PIT_BUF_spread,2021_01_PIT_BUF,spread,-110.0,0.0,pending,,0.0,1.9090909090909087,,,2025-10-13
2021_01_PIT_BUF_spread,2021_01_PIT_BUF,spread,-110.0,0.0,pending,,0.0,1.9090909090909087,,,2025-10-13
2021_02_ATL_TB_spread,2021_02_ATL_TB,spread,-110.0,0.0,pending,,0.0,1.9090909090909087,,,2025-10-13
2021_02_ATL_TB_spread,2021_02_ATL_TB,spread,-110.0,0.0,pending,,0.0,1.9090909090909087,,,2025-10-13
2021_02_ATL_TB_spread,2021_02_ATL_TB,spread,-110.0,0.0,pending,,0.0,1.9090909090909087,,,2025-10-13
2021_02_BUF_MIA_spread,2021_02_BUF_MIA,spread,-110.0,0.0,pending,,0.0,1.9090909090909087,,,2025-10-13
2021_02_KC_BAL_spread,2021_02_KC_BAL,spread,-110.0,0.0,pending,,0.0,1.9090909090909087,,,2025-10-13
2021_02_KC_BAL_spread,2021_02_KC_BAL,spread,-110.0,0.0,pending,,0.0,1.9090909090909087,,,2025-10-13
2021_02_KC_BAL_spread,2021_02_KC_BAL,spread,-110.0,0.0,pending,,0.0,1.9090909090909087,,,2025-10-13
