bet_id,game_id,market,price,p_blend,edge
2019_01_ATL_MIN_spread,2019_01_ATL_MIN,spread,-110.0,0.5253164556962026,0.0028768699654776464
2019_01_ATL_MIN_spread,2019_01_ATL_MIN,spread,-110.0,0.5129224652087475,-0.020784384601481964
2019_01_ATL_MIN_spread,2019_01_ATL_MIN,spread,-110.0,0.5253164556962026,0.0028768699654776464
2019_01_ATL_MIN_spread,2019_01_ATL_MIN,spread,-110.0,0.5129224652087475,-0.020784384601481964
2019_01_BAL_MIA_spread,2019_01_BAL_MIA,spread,-110.0,0.5275779376498799,0.00719424460431628
2019_01_BAL_MIA_spread,2019_01_BAL_MIA,spread,-110.0,0.5275779376498799,0.00719424460431628
2019_01_BAL_MIA_spread,2019_01_BAL_MIA,spread,-110.0,0.5275779376498799,0.00719424460431628
2019_01_BAL_MIA_spread,2019_01_BAL_MIA,spread,-110.0,0.5275779376498799,0.00719424460431628
2019_01_BUF_NYJ_spread,2019_01_BUF_NYJ,spread,-110.0,0.5129224652087475,-0.020784384601481964
2019_01_BUF_NYJ_spread,2019_01_BUF_NYJ,spread,-110.0,0.5129224652087475,-0.020784384601481964
2019_01_BUF_NYJ_spread,2019_01_BUF_NYJ,spread,-110.0,0.5129224652087475,-0.020784384601481964
2019_01_BUF_NYJ_spread,2019_01_BUF_NYJ,spread,-110.0,0.5129224652087475,-0.020784384601481964
2019_01_CIN_SEA_spread,2019_01_CIN_SEA,spread,-110.0,0.5275779376498799,0.00719424460431628
2019_01_CIN_SEA_spread,2019_01_CIN_SEA,spread,-110.0,0.5275779376498799,0.00719424460431628
2019_01_CIN_SEA_spread,2019_01_CIN_SEA,spread,-110.0,0.5275779376498799,0.00719424460431628
2019_01_CIN_SEA_spread,2019_01_CIN_SEA,spread,-110.0,0.5275779376498799,0.00719424460431628
2019_01_DEN_OAK_spread,2019_01_DEN_OAK,spread,-110.0,0.5221048884206189,-0.003254303924273061
2019_02_ARI_BAL_spread,2019_02_ARI_BAL,spread,-110.0,0.5275779376498799,0.00719424460431628
2019_02_ARI_BAL_spread,2019_02_ARI_BAL,spread,-110.0,0.5275779376498799,0.00719424460431628
2019_02_ARI_BAL_spread,2019_02_ARI_BAL,spread,-110.0,0.5275779376498799,0.00719424460431628
2019_02_ARI_BAL_spread,2019_02_ARI_BAL,spread,-110.0,0.5275779376498799,0.00719424460431628
2019_02_CHI_DEN_spread,2019_02_CHI_DEN,spread,-110.0,0.5240759980322692,0.0005087235161503889
2019_02_CHI_DEN_spread,2019_02_CHI_DEN,spread,-110.0,0.5240759980322692,0.0005087235161503889
2019_02_CHI_DEN_spread,2019_02_CHI_DEN,spread,-110.0,0.5240759980322692,0.0005087235161503889
2019_02_CHI_DEN_spread,2019_02_CHI_DEN,spread,-110.0,0.5240759980322692,0.0005087235161503889
2019_02_CLE_NYJ_spread,2019_02_CLE_NYJ,spread,-110.0,0.5275779376498799,0.00719424460431628
2019_02_CLE_NYJ_spread,2019_02_CLE_NYJ,spread,-110.0,0.5275779376498799,0.00719424460431628
2019_02_CLE_NYJ_spread,2019_02_CLE_NYJ,spread,-110.0,0.5275779376498799,0.00719424460431628
2019_02_CLE_NYJ_spread,2019_02_CLE_NYJ,spread,-110.0,0.5275779376498799,0.00719424460431628
2019_02_IND_TEN_spread,2019_02_IND_TEN,spread,-110.0,0.5129224652087475,-0.020784384601481964
2019_02_IND_TEN_spread,2019_02_IND_TEN,spread,-110.0,0.5129224652087475,-0.020784384601481964
2019_02_IND_TEN_spread,2019_02_IND_TEN,spread,-110.0,0.5129224652087475,-0.020784384601481964
2019_02_IND_TEN_spread,2019_02_IND_TEN,spread,-110.0,0.5129224652087475,-0.020784384601481964
2019_02_KC_OAK_spread,2019_02_KC_OAK,spread,-110.0,0.5275779376498799,0.00719424460431628
2019_03_BAL_KC_spread,2019_03_BAL_KC,spread,-110.0,0.5275779376498799,0.00719424460431628
2019_03_BAL_KC_spread,2019_03_BAL_KC,spread,-110.0,0.5129224652087475,-0.020784384601481964
2019_03_BAL_KC_spread,2019_03_BAL_KC,spread,-110.0,0.5275779376498799,0.00719424460431628
2019_03_BAL_KC_spread,2019_03_BAL_KC,spread,-110.0,0.5129224652087475,-0.020784384601481964
2019_03_CHI_WAS_spread,2019_03_CHI_WAS,spread,-110.0,0.5275779376498799,0.00719424460431628
2019_03_CHI_WAS_spread,2019_03_CHI_WAS,spread,-110.0,0.5275779376498799,0.00719424460431628
2019_03_CHI_WAS_spread,2019_03_CHI_WAS,spread,-110.0,0.5275779376498799,0.00719424460431628
2019_03_CHI_WAS_spread,2019_03_CHI_WAS,spread,-110.0,0.5275779376498799,0.00719424460431628
2019_03_CIN_BUF_spread,2019_03_CIN_BUF,spread,-110.0,0.5275779376498799,0.00719424460431628
2019_03_CIN_BUF_spread,2019_03_CIN_BUF,spread,-110.0,0.5129224652087475,-0.020784384601481964
2019_03_CIN_BUF_spread,2019_03_CIN_BUF,spread,-110.0,0.5275779376498799,0.00719424460431628
2019_03_CIN_BUF_spread,2019_03_CIN_BUF,spread,-110.0,0.5129224652087475,-0.020784384601481964
2019_03_DEN_GB_spread,2019_03_DEN_GB,spread,-110.0,0.5275779376498799,0.00719424460431628
2019_03_DEN_GB_spread,2019_03_DEN_GB,spread,-110.0,0.5254705010308656,0.0031709565134706574
2019_03_DEN_GB_spread,2019_03_DEN_GB,spread,-110.0,0.5275779376498799,0.00719424460431628
2019_03_DEN_GB_spread,2019_03_DEN_GB,spread,-110.0,0.5254705010308656,0.0031709565134706574
2019_03_HOU_LAC_spread,2019_03_HOU_LAC,spread,-110.0,0.5129224652087475,-0.020784384601481964
2019_04_CLE_BAL_spread,2019_04_CLE_BAL,spread,-110.0,0.5275779376498799,0.00719424460431628
2019_04_CLE_BAL_spread,2019_04_CLE_BAL,spread,-110.0,0.5275779376498799,0.00719424460431628
2019_04_CLE_BAL_spread,2019_04_CLE_BAL,spread,-110.0,0.5275779376498799,0.00719424460431628
2019_04_CLE_BAL_spread,2019_04_CLE_BAL,spread,-110.0,0.5275779376498799,0.00719424460431628
2019_04_KC_DET_spread,2019_04_KC_DET,spread,-110.0,0.5275779376498799,0.00719424460431628
2019_04_KC_DET_spread,2019_04_KC_DET,spread,-110.0,0.5275779376498799,0.00719424460431628
2019_04_KC_DET_spread,2019_04_KC_DET,spread,-110.0,0.5275779376498799,0.00719424460431628
2019_04_KC_DET_spread,2019_04_KC_DET,spread,-110.0,0.5275779376498799,0.00719424460431628
2019_04_MIN_CHI_spread,2019_04_MIN_CHI,spread,-110.0,0.5129224652087475,-0.020784384601481964
2019_04_MIN_CHI_spread,2019_04_MIN_CHI,spread,-110.0,0.5129224652087475,-0.020784384601481964
2019_04_MIN_CHI_spread,2019_04_MIN_CHI,spread,-110.0,0.5129224652087475,-0.020784384601481964
2019_04_MIN_CHI_spread,2019_04_MIN_CHI,spread,-110.0,0.5129224652087475,-0.020784384601481964
2019_04_NE_BUF_spread,2019_04_NE_BUF,spread,-110.0,0.5258641184638174,0.003922407976378772
2019_04_NE_BUF_spread,2019_04_NE_BUF,spread,-110.0,0.5258641184638174,0.003922407976378772
2019_04_NE_BUF_spread,2019_04_NE_BUF,spread,-110.0,0.5258641184638174,0.003922407976378772
2019_04_NE_BUF_spread,2019_04_NE_BUF,spread,-110.0,0.5258641184638174,0.003922407976378772
2019_04_PHI_GB_spread,2019_04_PHI_GB,spread,-110.0,0.5129224652087475,-0.020784384601481964
2019_05_ATL_HOU_spread,2019_05_ATL_HOU,spread,-110.0,0.5274771847049362,0.007001898073060064
2019_05_ATL_HOU_spread,2019_05_ATL_HOU,spread,-110.0,0.5129224652087475,-0.020784384601481964
2019_05_ATL_HOU_spread,2019_05_ATL_HOU,spread,-110.0,0.5274771847049362,0.007001898073060064
2019_05_ATL_HOU_spread,2019_05_ATL_HOU,spread,-110.0,0.5129224652087475,-0.020784384601481964
2019_05_BUF_TEN_spread,2019_05_BUF_TEN,spread,-110.0,0.5239919927690543,0.000348349831830963
2019_05_BUF_TEN_spread,2019_05_BUF_TEN,spread,-110.0,0.5129224652087475,-0.020784384601481964
2019_05_BUF_TEN_spread,2019_05_BUF_TEN,spread,-110.0,0.5239919927690543,0.000348349831830963
2019_05_BUF_TEN_spread,2019_05_BUF_TEN,spread,-110.0,0.5129224652087475,-0.020784384601481964
2019_05_CHI_OAK_spread,2019_05_CHI_OAK,spread,-110.0,0.5275779376498799,0.00719424460431628
2019_05_CHI_OAK_spread,2019_05_CHI_OAK,spread,-110.0,0.5275779376498799,0.00719424460431628
2019_05_CHI_OAK_spread,2019_05_CHI_OAK,spread,-110.0,0.5275779376498799,0.00719424460431628
2019_05_CHI_OAK_spread,2019_05_CHI_OAK,spread,-110.0,0.5275779376498799,0.00719424460431628
2019_05_DEN_LAC_spread,2019_05_DEN_LAC,spread,-110.0,0.5274785584360814,0.007004520650700841
2019_05_DEN_LAC_spread,2019_05_DEN_LAC,spread,-110.0,0.5129224652087475,-0.020784384601481964
2019_05_DEN_LAC_spread,2019_05_DEN_LAC,spread,-110.0,0.5274785584360814,0.007004520650700841
2019_05_DEN_LAC_spread,2019_05_DEN_LAC,spread,-110.0,0.5129224652087475,-0.020784384601481964
2019_05_GB_DAL_spread,2019_05_GB_DAL,spread,-110.0,0.5129224652087475,-0.020784384601481964
2019_06_CAR_TB_spread,2019_06_CAR_TB,spread,-110.0,0.5129224652087475,-0.020784384601481964
2019_06_CAR_TB_spread,2019_06_CAR_TB,spread,-110.0,0.5129224652087475,-0.020784384601481964
2019_06_CAR_TB_spread,2019_06_CAR_TB,spread,-110.0,0.5129224652087475,-0.020784384601481964
2019_06_CAR_TB_spread,2019_06_CAR_TB,spread,-110.0,0.5129224652087475,-0.020784384601481964
2019_06_DET_GB_spread,2019_06_DET_GB,spread,-110.0,0.5239730718272874,0.00031222803391228737
2019_06_DET_GB_spread,2019_06_DET_GB,spread,-110.0,0.5129224652087475,-0.020784384601481964
2019_06_DET_GB_spread,2019_06_DET_GB,spread,-110.0,0.5239730718272874,0.00031222803391228737
2019_06_DET_GB_spread,2019_06_DET_GB,spread,-110.0,0.5129224652087475,-0.020784384601481964
2019_06_NYG_NE_spread,2019_06_NYG_NE,spread,-110.0,0.5275779376498799,0.00719424460431628
2019_06_NYG_NE_spread,2019_06_NYG_NE,spread,-110.0,0.5275779376498799,0.00719424460431628
2019_06_NYG_NE_spread,2019_06_NYG_NE,spread,-110.0,0.5275779376498799,0.00719424460431628
2019_06_NYG_NE_spread,2019_06_NYG_NE,spread,-110.0,0.5275779376498799,0.00719424460431628
2019_06_PHI_MIN_spread,2019_06_PHI_MIN,spread,-110.0,0.5239806396541193,0.0003266757033187906
2019_06_PHI_MIN_spread,2019_06_PHI_MIN,spread,-110.0,0.5129224652087475,-0.020784384601481964
2019_06_PHI_MIN_spread,2019_06_PHI_MIN,spread,-110.0,0.5239806396541193,0.0003266757033187906
2019_06_PHI_MIN_spread,2019_06_PHI_MIN,spread,-110.0,0.5129224652087475,-0.020784384601481964
2019_06_PIT_LAC_spread,2019_06_PIT_LAC,spread,-110.0,0.5187274788812949,-0.009702085772073377
2019_07_HOU_IND_spread,2019_07_HOU_IND,spread,-110.0,0.5129224652087475,-0.020784384601481964
2019_07_HOU_IND_spread,2019_07_HOU_IND,spread,-110.0,0.5129224652087475,-0.020784384601481964
2019_07_HOU_IND_spread,2019_07_HOU_IND,spread,-110.0,0.5129224652087475,-0.020784384601481964
2019_07_HOU_IND_spread,2019_07_HOU_IND,spread,-110.0,0.5129224652087475,-0.020784384601481964
2019_07_KC_DEN_spread,2019_07_KC_DEN,spread,-110.0,0.5129224652087475,-0.020784384601481964
2019_07_KC_DEN_spread,2019_07_KC_DEN,spread,-110.0,0.5129224652087475,-0.020784384601481964
2019_07_KC_DEN_spread,2019_07_KC_DEN,spread,-110.0,0.5129224652087475,-0.020784384601481964
2019_07_KC_DEN_spread,2019_07_KC_DEN,spread,-110.0,0.5129224652087475,-0.020784384601481964
2019_07_LAC_TEN_spread,2019_07_LAC_TEN,spread,-110.0,0.5129224652087475,-0.020784384601481964
2019_07_LAC_TEN_spread,2019_07_LAC_TEN,spread,-110.0,0.5129224652087475,-0.020784384601481964
2019_07_LAC_TEN_spread,2019_07_LAC_TEN,spread,-110.0,0.5129224652087475,-0.020784384601481964
2019_07_LAC_TEN_spread,2019_07_LAC_TEN,spread,-110.0,0.5129224652087475,-0.020784384601481964
2019_07_MIA_BUF_spread,2019_07_MIA_BUF,spread,-110.0,0.5275779376498799,0.00719424460431628
2019_07_MIA_BUF_spread,2019_07_MIA_BUF,spread,-110.0,0.5275779376498799,0.00719424460431628
2019_07_MIA_BUF_spread,2019_07_MIA_BUF,spread,-110.0,0.5275779376498799,0.00719424460431628
2019_07_MIA_BUF_spread,2019_07_MIA_BUF,spread,-110.0,0.5275779376498799,0.00719424460431628
2019_07_MIN_DET_spread,2019_07_MIN_DET,spread,-110.0,0.5129224652087475,-0.020784384601481964
2019_08_ARI_NO_spread,2019_08_ARI_NO,spread,-110.0,0.5275779376498799,0.00719424460431628
2019_08_ARI_NO_spread,2019_08_ARI_NO,spread,-110.0,0.5275779376498799,0.00719424460431628
2019_08_ARI_NO_spread,2019_08_ARI_NO,spread,-110.0,0.5275779376498799,0.00719424460431628
2019_08_ARI_NO_spread,2019_08_ARI_NO,spread,-110.0,0.5275779376498799,0.00719424460431628
2019_08_CLE_NE_spread,2019_08_CLE_NE,spread,-110.0,0.5275779376498799,0.00719424460431628
2019_08_CLE_NE_spread,2019_08_CLE_NE,spread,-110.0,0.5275779376498799,0.00719424460431628
2019_08_CLE_NE_spread,2019_08_CLE_NE,spread,-110.0,0.5275779376498799,0.00719424460431628
2019_08_CLE_NE_spread,2019_08_CLE_NE,spread,-110.0,0.5275779376498799,0.00719424460431628
2019_08_LAC_CHI_spread,2019_08_LAC_CHI,spread,-110.0,0.5239928211295164,0.000349931247258628
2019_08_LAC_CHI_spread,2019_08_LAC_CHI,spread,-110.0,0.5129224652087475,-0.020784384601481964
2019_08_LAC_CHI_spread,2019_08_LAC_CHI,spread,-110.0,0.5239928211295164,0.000349931247258628
2019_08_LAC_CHI_spread,2019_08_LAC_CHI,spread,-110.0,0.5129224652087475,-0.020784384601481964
2019_08_OAK_HOU_spread,2019_08_OAK_HOU,spread,-110.0,0.5275779376498799,0.00719424460431628
2019_08_OAK_HOU_spread,2019_08_OAK_HOU,spread,-110.0,0.5129224652087475,-0.020784384601481964
2019_08_OAK_HOU_spread,2019_08_OAK_HOU,spread,-110.0,0.5275779376498799,0.00719424460431628
2019_08_OAK_HOU_spread,2019_08_OAK_HOU,spread,-110.0,0.5129224652087475,-0.020784384601481964
2019_08_WAS_MIN_spread,2019_08_WAS_MIN,spread,-110.0,0.5275779376498799,0.00719424460431628
2019_09_DAL_NYG_spread,2019_09_DAL_NYG,spread,-110.0,0.5275779376498799,0.00719424460431628
2019_09_DAL_NYG_spread,2019_09_DAL_NYG,spread,-110.0,0.5275779376498799,0.00719424460431628
2019_09_DAL_NYG_spread,2019_09_DAL_NYG,spread,-110.0,0.5275779376498799,0.00719424460431628
2019_09_DAL_NYG_spread,2019_09_DAL_NYG,spread,-110.0,0.5275779376498799,0.00719424460431628
2019_09_GB_LAC_spread,2019_09_GB_LAC,spread,-110.0,0.5275779376498799,0.00719424460431628
2019_09_GB_LAC_spread,2019_09_GB_LAC,spread,-110.0,0.5275779376498799,0.00719424460431628
2019_09_GB_LAC_spread,2019_09_GB_LAC,spread,-110.0,0.5275779376498799,0.00719424460431628
2019_09_GB_LAC_spread,2019_09_GB_LAC,spread,-110.0,0.5275779376498799,0.00719424460431628
2019_09_HOU_JAX_spread,2019_09_HOU_JAX,spread,-110.0,0.5129224652087475,-0.020784384601481964
2019_09_HOU_JAX_spread,2019_09_HOU_JAX,spread,-110.0,0.5129224652087475,-0.020784384601481964
2019_09_HOU_JAX_spread,2019_09_HOU_JAX,spread,-110.0,0.5129224652087475,-0.020784384601481964
2019_09_HOU_JAX_spread,2019_09_HOU_JAX,spread,-110.0,0.5129224652087475,-0.020784384601481964
2019_09_IND_PIT_spread,2019_09_IND_PIT,spread,-110.0,0.5129224652087475,-0.020784384601481964
2019_09_IND_PIT_spread,2019_09_IND_PIT,spread,-110.0,0.5129224652087475,-0.020784384601481964
2019_09_IND_PIT_spread,2019_09_IND_PIT,spread,-110.0,0.5129224652087475,-0.020784384601481964
2019_09_IND_PIT_spread,2019_09_IND_PIT,spread,-110.0,0.5129224652087475,-0.020784384601481964
2019_09_MIN_KC_spread,2019_09_MIN_KC,spread,-110.0,0.5129224652087475,-0.020784384601481964
2019_09_MIN_KC_spread,2019_09_MIN_KC,spread,-110.0,0.5129224652087475,-0.020784384601481964
2019_09_MIN_KC_spread,2019_09_MIN_KC,spread,-110.0,0.5129224652087475,-0.020784384601481964
2019_09_MIN_KC_spread,2019_09_MIN_KC,spread,-110.0,0.5129224652087475,-0.020784384601481964
2019_10_ATL_NO_spread,2019_10_ATL_NO,spread,-110.0,0.5275779376498799,0.00719424460431628
2019_10_ATL_NO_spread,2019_10_ATL_NO,spread,-110.0,0.5275779376498799,0.00719424460431628
2019_10_ATL_NO_spread,2019_10_ATL_NO,spread,-110.0,0.5275779376498799,0.00719424460431628
2019_10_ATL_NO_spread,2019_10_ATL_NO,spread,-110.0,0.5275779376498799,0.00719424460431628
2019_10_BUF_CLE_spread,2019_10_BUF_CLE,spread,-110.0,0.5129224652087475,-0.020784384601481964
2019_10_BUF_CLE_spread,2019_10_BUF_CLE,spread,-110.0,0.5129224652087475,-0.020784384601481964
2019_10_BUF_CLE_spread,2019_10_BUF_CLE,spread,-110.0,0.5129224652087475,-0.020784384601481964
2019_10_BUF_CLE_spread,2019_10_BUF_CLE,spread,-110.0,0.5129224652087475,-0.020784384601481964
2019_10_DET_CHI_spread,2019_10_DET_CHI,spread,-110.0,0.5275779376498799,0.00719424460431628
2019_10_DET_CHI_spread,2019_10_DET_CHI,spread,-110.0,0.5187161124578472,-0.009723785307746202
2019_10_DET_CHI_spread,2019_10_DET_CHI,spread,-110.0,0.5275779376498799,0.00719424460431628
2019_10_DET_CHI_spread,2019_10_DET_CHI,spread,-110.0,0.5187161124578472,-0.009723785307746202
2019_10_KC_TEN_spread,2019_10_KC_TEN,spread,-110.0,0.5275779376498799,0.00719424460431628
2019_10_KC_TEN_spread,2019_10_KC_TEN,spread,-110.0,0.5275779376498799,0.00719424460431628
2019_10_KC_TEN_spread,2019_10_KC_TEN,spread,-110.0,0.5275779376498799,0.00719424460431628
2019_10_KC_TEN_spread,2019_10_KC_TEN,spread,-110.0,0.5275779376498799,0.00719424460431628
2019_10_LAC_OAK_spread,2019_10_LAC_OAK,spread,-110.0,0.5129224652087475,-0.020784384601481964
2019_11_ARI_SF_spread,2019_11_ARI_SF,spread,-110.0,0.5275779376498799,0.00719424460431628
2019_11_ARI_SF_spread,2019_11_ARI_SF,spread,-110.0,0.5275779376498799,0.00719424460431628
2019_11_ARI_SF_spread,2019_11_ARI_SF,spread,-110.0,0.5275779376498799,0.00719424460431628
2019_11_ARI_SF_spread,2019_11_ARI_SF,spread,-110.0,0.5275779376498799,0.00719424460431628
2019_11_BUF_MIA_spread,2019_11_BUF_MIA,spread,-110.0,0.5275779376498799,0.00719424460431628
2019_11_BUF_MIA_spread,2019_11_BUF_MIA,spread,-110.0,0.5275779376498799,0.00719424460431628
2019_11_BUF_MIA_spread,2019_11_BUF_MIA,spread,-110.0,0.5275779376498799,0.00719424460431628
2019_11_BUF_MIA_spread,2019_11_BUF_MIA,spread,-110.0,0.5275779376498799,0.00719424460431628
2019_11_HOU_BAL_spread,2019_11_HOU_BAL,spread,-110.0,0.5274771062999657,0.0070017483908436096
2019_11_HOU_BAL_spread,2019_11_HOU_BAL,spread,-110.0,0.5129224652087475,-0.020784384601481964
2019_11_HOU_BAL_spread,2019_11_HOU_BAL,spread,-110.0,0.5274771062999657,0.0070017483908436096
2019_11_HOU_BAL_spread,2019_11_HOU_BAL,spread,-110.0,0.5129224652087475,-0.020784384601481964
2019_11_JAX_IND_spread,2019_11_JAX_IND,spread,-110.0,0.5129224652087475,-0.020784384601481964
2019_11_JAX_IND_spread,2019_11_JAX_IND,spread,-110.0,0.5129224652087475,-0.020784384601481964
2019_11_JAX_IND_spread,2019_11_JAX_IND,spread,-110.0,0.5129224652087475,-0.020784384601481964
2019_11_JAX_IND_spread,2019_11_JAX_IND,spread,-110.0,0.5129224652087475,-0.020784384601481964
2019_11_KC_LAC_spread,2019_11_KC_LAC,spread,-110.0,0.5275779376498799,0.00719424460431628
2019_12_DAL_NE_spread,2019_12_DAL_NE,spread,-110.0,0.5275779376498799,0.00719424460431628
2019_12_DAL_NE_spread,2019_12_DAL_NE,spread,-110.0,0.5129224652087475,-0.020784384601481964
2019_12_DAL_NE_spread,2019_12_DAL_NE,spread,-110.0,0.5275779376498799,0.00719424460431628
2019_12_DAL_NE_spread,2019_12_DAL_NE,spread,-110.0,0.5129224652087475,-0.020784384601481964
2019_12_DEN_BUF_spread,2019_12_DEN_BUF,spread,-110.0,0.5240029167576811,0.0003692047192093706
2019_12_DEN_BUF_spread,2019_12_DEN_BUF,spread,-110.0,0.5129224652087475,-0.020784384601481964
2019_12_DEN_BUF_spread,2019_12_DEN_BUF,spread,-110.0,0.5240029167576811,0.0003692047192093706
2019_12_DEN_BUF_spread,2019_12_DEN_BUF,spread,-110.0,0.5129224652087475,-0.020784384601481964
2019_12_IND_HOU_spread,2019_12_IND_HOU,spread,-110.0,0.5239755945258703,0.00031704409484328844
2019_12_IND_HOU_spread,2019_12_IND_HOU,spread,-110.0,0.5129224652087475,-0.020784384601481964
2019_12_IND_HOU_spread,2019_12_IND_HOU,spread,-110.0,0.5239755945258703,0.00031704409484328844
2019_12_IND_HOU_spread,2019_12_IND_HOU,spread,-110.0,0.5129224652087475,-0.020784384601481964
2019_12_JAX_TEN_spread,2019_12_JAX_TEN,spread,-110.0,0.5275779376498799,0.00719424460431628
2019_12_JAX_TEN_spread,2019_12_JAX_TEN,spread,-110.0,0.5129224652087475,-0.020784384601481964
2019_12_JAX_TEN_spread,2019_12_JAX_TEN,spread,-110.0,0.5275779376498799,0.00719424460431628
2019_12_JAX_TEN_spread,2019_12_JAX_TEN,spread,-110.0,0.5129224652087475,-0.020784384601481964
2019_12_MIA_CLE_spread,2019_12_MIA_CLE,spread,-110.0,0.5275779376498799,0.00719424460431628
2019_13_BUF_DAL_spread,2019_13_BUF_DAL,spread,-110.0,0.5275779376498799,0.00719424460431628
2019_13_BUF_DAL_spread,2019_13_BUF_DAL,spread,-110.0,0.5253164556962026,0.0028768699654776464
2019_13_BUF_DAL_spread,2019_13_BUF_DAL,spread,-110.0,0.5275779376498799,0.00719424460431628
2019_13_BUF_DAL_spread,2019_13_BUF_DAL,spread,-110.0,0.5253164556962026,0.0028768699654776464
2019_13_CLE_PIT_spread,2019_13_CLE_PIT,spread,-110.0,0.5129224652087475,-0.020784384601481964
2019_13_CLE_PIT_spread,2019_13_CLE_PIT,spread,-110.0,0.5129224652087475,-0.020784384601481964
2019_13_CLE_PIT_spread,2019_13_CLE_PIT,spread,-110.0,0.5129224652087475,-0.020784384601481964
2019_13_CLE_PIT_spread,2019_13_CLE_PIT,spread,-110.0,0.5129224652087475,-0.020784384601481964
2019_13_LAC_DEN_spread,2019_13_LAC_DEN,spread,-110.0,0.5129224652087475,-0.020784384601481964
2019_13_LAC_DEN_spread,2019_13_LAC_DEN,spread,-110.0,0.5129224652087475,-0.020784384601481964
2019_13_LAC_DEN_spread,2019_13_LAC_DEN,spread,-110.0,0.5129224652087475,-0.020784384601481964
2019_13_LAC_DEN_spread,2019_13_LAC_DEN,spread,-110.0,0.5129224652087475,-0.020784384601481964
2019_13_NO_ATL_spread,2019_13_NO_ATL,spread,-110.0,0.5262293533199234,0.004619674519853734
2019_13_NO_ATL_spread,2019_13_NO_ATL,spread,-110.0,0.5262293533199234,0.004619674519853734
2019_13_NO_ATL_spread,2019_13_NO_ATL,spread,-110.0,0.5262293533199234,0.004619674519853734
2019_13_NO_ATL_spread,2019_13_NO_ATL,spread,-110.0,0.5262293533199234,0.004619674519853734
2019_13_NYJ_CIN_spread,2019_13_NYJ_CIN,spread,-110.0,0.5129224652087475,-0.020784384601481964
2019_14_BAL_BUF_spread,2019_14_BAL_BUF,spread,-110.0,0.5275779376498799,0.00719424460431628
2019_14_BAL_BUF_spread,2019_14_BAL_BUF,spread,-110.0,0.5275779376498799,0.00719424460431628
2019_14_BAL_BUF_spread,2019_14_BAL_BUF,spread,-110.0,0.5275779376498799,0.00719424460431628
2019_14_BAL_BUF_spread,2019_14_BAL_BUF,spread,-110.0,0.5275779376498799,0.00719424460431628
2019_14_CIN_CLE_spread,2019_14_CIN_CLE,spread,-110.0,0.5275779376498799,0.00719424460431628
2019_14_CIN_CLE_spread,2019_14_CIN_CLE,spread,-110.0,0.5253164556962026,0.0028768699654776464
2019_14_CIN_CLE_spread,2019_14_CIN_CLE,spread,-110.0,0.5275779376498799,0.00719424460431628
2019_14_CIN_CLE_spread,2019_14_CIN_CLE,spread,-110.0,0.5253164556962026,0.0028768699654776464
2019_14_KC_NE_spread,2019_14_KC_NE,spread,-110.0,0.5129224652087475,-0.020784384601481964
2019_14_KC_NE_spread,2019_14_KC_NE,spread,-110.0,0.5129224652087475,-0.020784384601481964
2019_14_KC_NE_spread,2019_14_KC_NE,spread,-110.0,0.5129224652087475,-0.020784384601481964
2019_14_KC_NE_spread,2019_14_KC_NE,spread,-110.0,0.5129224652087475,-0.020784384601481964
2019_14_MIA_NYJ_spread,2019_14_MIA_NYJ,spread,-110.0,0.5275779376498799,0.00719424460431628
2019_14_MIA_NYJ_spread,2019_14_MIA_NYJ,spread,-110.0,0.5129224652087475,-0.020784384601481964
2019_14_MIA_NYJ_spread,2019_14_MIA_NYJ,spread,-110.0,0.5275779376498799,0.00719424460431628
2019_14_MIA_NYJ_spread,2019_14_MIA_NYJ,spread,-110.0,0.5129224652087475,-0.020784384601481964
2019_14_SF_NO_spread,2019_14_SF_NO,spread,-110.0,0.5129224652087475,-0.020784384601481964
2019_15_BUF_PIT_spread,2019_15_BUF_PIT,spread,-110.0,0.5129224652087475,-0.020784384601481964
2019_15_BUF_PIT_spread,2019_15_BUF_PIT,spread,-110.0,0.5129224652087475,-0.020784384601481964
2019_15_BUF_PIT_spread,2019_15_BUF_PIT,spread,-110.0,0.5129224652087475,-0.020784384601481964
2019_15_BUF_PIT_spread,2019_15_BUF_PIT,spread,-110.0,0.5129224652087475,-0.020784384601481964
2019_15_CHI_GB_spread,2019_15_CHI_GB,spread,-110.0,0.5274813050382207,0.007009764163875831
2019_15_CHI_GB_spread,2019_15_CHI_GB,spread,-110.0,0.5129224652087475,-0.020784384601481964
2019_15_CHI_GB_spread,2019_15_CHI_GB,spread,-110.0,0.5274813050382207,0.007009764163875831
2019_15_CHI_GB_spread,2019_15_CHI_GB,spread,-110.0,0.5129224652087475,-0.020784384601481964
2019_15_DEN_KC_spread,2019_15_DEN_KC,spread,-110.0,0.5275779376498799,0.00719424460431628
2019_15_DEN_KC_spread,2019_15_DEN_KC,spread,-110.0,0.5275779376498799,0.00719424460431628
2019_15_DEN_KC_spread,2019_15_DEN_KC,spread,-110.0,0.5275779376498799,0.00719424460431628
2019_15_DEN_KC_spread,2019_15_DEN_KC,spread,-110.0,0.5275779376498799,0.00719424460431628
2019_15_HOU_TEN_spread,2019_15_HOU_TEN,spread,-110.0,0.5129224652087475,-0.020784384601481964
2019_15_HOU_TEN_spread,2019_15_HOU_TEN,spread,-110.0,0.5129224652087475,-0.020784384601481964
2019_15_HOU_TEN_spread,2019_15_HOU_TEN,spread,-110.0,0.5129224652087475,-0.020784384601481964
2019_15_HOU_TEN_spread,2019_15_HOU_TEN,spread,-110.0,0.5129224652087475,-0.020784384601481964
2019_15_IND_NO_spread,2019_15_IND_NO,spread,-110.0,0.5275779376498799,0.00719424460431628
2019_16_BAL_CLE_spread,2019_16_BAL_CLE,spread,-110.0,0.56,0.0690909090909092
2019_16_BAL_CLE_spread,2019_16_BAL_CLE,spread,-110.0,0.56,0.0690909090909092
2019_16_BAL_CLE_spread,2019_16_BAL_CLE,spread,-110.0,0.56,0.0690909090909092
2019_16_BAL_CLE_spread,2019_16_BAL_CLE,spread,-110.0,0.56,0.0690909090909092
2019_16_BUF_NE_spread,2019_16_BUF_NE,spread,-110.0,0.5275779376498799,0.00719424460431628
2019_16_BUF_NE_spread,2019_16_BUF_NE,spread,-110.0,0.5261836628260251,0.004532447213320745
2019_16_BUF_NE_spread,2019_16_BUF_NE,spread,-110.0,0.5275779376498799,0.00719424460431628
2019_16_BUF_NE_spread,2019_16_BUF_NE,spread,-110.0,0.5261836628260251,0.004532447213320745
2019_16_DAL_PHI_spread,2019_16_DAL_PHI,spread,-110.0,0.5129224652087475,-0.020784384601481964
2019_16_DAL_PHI_spread,2019_16_DAL_PHI,spread,-110.0,0.5129224652087475,-0.020784384601481964
2019_16_DAL_PHI_spread,2019_16_DAL_PHI,spread,-110.0,0.5129224652087475,-0.020784384601481964
2019_16_DAL_PHI_spread,2019_16_DAL_PHI,spread,-110.0,0.5129224652087475,-0.020784384601481964
2019_16_GB_MIN_spread,2019_16_GB_MIN,spread,-110.0,0.5274781006922538,0.007003646776120864
2019_16_GB_MIN_spread,2019_16_GB_MIN,spread,-110.0,0.5129224652087475,-0.020784384601481964
2019_16_GB_MIN_spread,2019_16_GB_MIN,spread,-110.0,0.5274781006922538,0.007003646776120864
2019_16_GB_MIN_spread,2019_16_GB_MIN,spread,-110.0,0.5129224652087475,-0.020784384601481964
2019_16_HOU_TB_spread,2019_16_HOU_TB,spread,-110.0,0.5253164556962026,0.0028768699654776464
2019_17_ARI_LA_spread,2019_17_ARI_LA,spread,-110.0,0.5275779376498799,0.00719424460431628
2019_17_ARI_LA_spread,2019_17_ARI_LA,spread,-110.0,0.526186643246071,0.004538137106135598
2019_17_ARI_LA_spread,2019_17_ARI_LA,spread,-110.0,0.5275779376498799,0.00719424460431628
2019_17_ARI_LA_spread,2019_17_ARI_LA,spread,-110.0,0.526186643246071,0.004538137106135598
2019_17_ATL_TB_spread,2019_17_ATL_TB,spread,-110.0,0.5129224652087475,-0.020784384601481964
2019_17_ATL_TB_spread,2019_17_ATL_TB,spread,-110.0,0.5129224652087475,-0.020784384601481964
2019_17_ATL_TB_spread,2019_17_ATL_TB,spread,-110.0,0.5129224652087475,-0.020784384601481964
2019_17_ATL_TB_spread,2019_17_ATL_TB,spread,-110.0,0.5129224652087475,-0.020784384601481964
2019_17_CHI_MIN_spread,2019_17_CHI_MIN,spread,-110.0,0.5275779376498799,0.00719424460431628
2019_17_CHI_MIN_spread,2019_17_CHI_MIN,spread,-110.0,0.5275779376498799,0.00719424460431628
2019_17_CHI_MIN_spread,2019_17_CHI_MIN,spread,-110.0,0.5275779376498799,0.00719424460431628
2019_17_CHI_MIN_spread,2019_17_CHI_MIN,spread,-110.0,0.5275779376498799,0.00719424460431628
2019_17_CLE_CIN_spread,2019_17_CLE_CIN,spread,-110.0,0.5129224652087475,-0.020784384601481964
2019_17_CLE_CIN_spread,2019_17_CLE_CIN,spread,-110.0,0.5129224652087475,-0.020784384601481964
2019_17_CLE_CIN_spread,2019_17_CLE_CIN,spread,-110.0,0.5129224652087475,-0.020784384601481964
2019_17_CLE_CIN_spread,2019_17_CLE_CIN,spread,-110.0,0.5129224652087475,-0.020784384601481964
2019_17_GB_DET_spread,2019_17_GB_DET,spread,-110.0,0.5275779376498799,0.00719424460431628
2019_18_BUF_HOU_spread,2019_18_BUF_HOU,spread,-110.0,0.5129224652087475,-0.020784384601481964
2019_18_BUF_HOU_spread,2019_18_BUF_HOU,spread,-110.0,0.5129224652087475,-0.020784384601481964
2019_18_BUF_HOU_spread,2019_18_BUF_HOU,spread,-110.0,0.5129224652087475,-0.020784384601481964
2019_18_BUF_HOU_spread,2019_18_BUF_HOU,spread,-110.0,0.5129224652087475,-0.020784384601481964
2019_18_BUF_HOU_spread,2019_18_BUF_HOU,spread,-110.0,0.5129224652087475,-0.020784384601481964
2019_18_BUF_HOU_spread,2019_18_BUF_HOU,spread,-110.0,0.5129224652087475,-0.020784384601481964
2019_18_BUF_HOU_spread,2019_18_BUF_HOU,spread,-110.0,0.5129224652087475,-0.020784384601481964
2019_18_BUF_HOU_spread,2019_18_BUF_HOU,spread,-110.0,0.5129224652087475,-0.020784384601481964
2019_18_BUF_HOU_spread,2019_18_BUF_HOU,spread,-110.0,0.5129224652087475,-0.020784384601481964
2019_18_BUF_HOU_spread,2019_18_BUF_HOU,spread,-110.0,0.5129224652087475,-0.020784384601481964
2019_18_BUF_HOU_spread,2019_18_BUF_HOU,spread,-110.0,0.5129224652087475,-0.020784384601481964
2019_18_BUF_HOU_spread,2019_18_BUF_HOU,spread,-110.0,0.5129224652087475,-0.020784384601481964
2019_18_BUF_HOU_spread,2019_18_BUF_HOU,spread,-110.0,0.5129224652087475,-0.020784384601481964
2019_18_BUF_HOU_spread,2019_18_BUF_HOU,spread,-110.0,0.5129224652087475,-0.020784384601481964
2019_18_BUF_HOU_spread,2019_18_BUF_HOU,spread,-110.0,0.5129224652087475,-0.020784384601481964
2019_18_BUF_HOU_spread,2019_18_BUF_HOU,spread,-110.0,0.5129224652087475,-0.020784384601481964
2019_18_MIN_NO_spread,2019_18_MIN_NO,spread,-110.0,0.5275779376498799,0.00719424460431628
2019_18_MIN_NO_spread,2019_18_MIN_NO,spread,-110.0,0.5275779376498799,0.00719424460431628
2019_18_MIN_NO_spread,2019_18_MIN_NO,spread,-110.0,0.5275779376498799,0.00719424460431628
2019_18_MIN_NO_spread,2019_18_MIN_NO,spread,-110.0,0.5275779376498799,0.00719424460431628
2019_18_SEA_PHI_spread,2019_18_SEA_PHI,spread,-110.0,0.5129224652087475,-0.020784384601481964
2019_18_SEA_PHI_spread,2019_18_SEA_PHI,spread,-110.0,0.5129224652087475,-0.020784384601481964
2019_18_SEA_PHI_spread,2019_18_SEA_PHI,spread,-110.0,0.5129224652087475,-0.020784384601481964
2019_18_SEA_PHI_spread,2019_18_SEA_PHI,spread,-110.0,0.5129224652087475,-0.020784384601481964
2019_18_SEA_PHI_spread,2019_18_SEA_PHI,spread,-110.0,0.5129224652087475,-0.020784384601481964
2019_18_SEA_PHI_spread,2019_18_SEA_PHI,spread,-110.0,0.5129224652087475,-0.020784384601481964
2019_18_SEA_PHI_spread,2019_18_SEA_PHI,spread,-110.0,0.5129224652087475,-0.020784384601481964
2019_18_SEA_PHI_spread,2019_18_SEA_PHI,spread,-110.0,0.5129224652087475,-0.020784384601481964
2019_18_SEA_PHI_spread,2019_18_SEA_PHI,spread,-110.0,0.5129224652087475,-0.020784384601481964
2019_19_MIN_SF_spread,2019_19_MIN_SF,spread,-110.0,0.5275779376498799,0.00719424460431628
2019_19_MIN_SF_spread,2019_19_MIN_SF,spread,-110.0,0.5262275545013958,0.004616240411755679
2019_19_MIN_SF_spread,2019_19_MIN_SF,spread,-110.0,0.5262275545013958,0.004616240411755679
2019_19_MIN_SF_spread,2019_19_MIN_SF,spread,-110.0,0.5261864033100041,0.004537679046371534
2019_19_MIN_SF_spread,2019_19_MIN_SF,spread,-110.0,0.5275779376498799,0.00719424460431628
2019_19_MIN_SF_spread,2019_19_MIN_SF,spread,-110.0,0.5262275545013958,0.004616240411755679
2019_19_MIN_SF_spread,2019_19_MIN_SF,spread,-110.0,0.5262275545013958,0.004616240411755679
2019_19_MIN_SF_spread,2019_19_MIN_SF,spread,-110.0,0.5261864033100041,0.004537679046371534
2019_19_MIN_SF_spread,2019_19_MIN_SF,spread,-110.0,0.5275779376498799,0.00719424460431628
2019_19_MIN_SF_spread,2019_19_MIN_SF,spread,-110.0,0.5262275545013958,0.004616240411755679
2019_19_MIN_SF_spread,2019_19_MIN_SF,spread,-110.0,0.5262275545013958,0.004616240411755679
2019_19_MIN_SF_spread,2019_19_MIN_SF,spread,-110.0,0.5261864033100041,0.004537679046371534
2019_19_MIN_SF_spread,2019_19_MIN_SF,spread,-110.0,0.5275779376498799,0.00719424460431628
2019_19_MIN_SF_spread,2019_19_MIN_SF,spread,-110.0,0.5262275545013958,0.004616240411755679
2019_19_MIN_SF_spread,2019_19_MIN_SF,spread,-110.0,0.5262275545013958,0.004616240411755679
2019_19_MIN_SF_spread,2019_19_MIN_SF,spread,-110.0,0.5261864033100041,0.004537679046371534
2019_19_SEA_GB_spread,2019_19_SEA_GB,spread,-110.0,0.5275779376498799,0.00719424460431628
2019_19_SEA_GB_spread,2019_19_SEA_GB,spread,-110.0,0.5275779376498799,0.00719424460431628
2019_19_SEA_GB_spread,2019_19_SEA_GB,spread,-110.0,0.5275779376498799,0.00719424460431628
2019_19_SEA_GB_spread,2019_19_SEA_GB,spread,-110.0,0.5129224652087475,-0.020784384601481964
2019_19_SEA_GB_spread,2019_19_SEA_GB,spread,-110.0,0.5275779376498799,0.00719424460431628
2019_19_SEA_GB_spread,2019_19_SEA_GB,spread,-110.0,0.5275779376498799,0.00719424460431628
2019_19_SEA_GB_spread,2019_19_SEA_GB,spread,-110.0,0.5275779376498799,0.00719424460431628
2019_19_SEA_GB_spread,2019_19_SEA_GB,spread,-110.0,0.5129224652087475,-0.020784384601481964
2019_19_SEA_GB_spread,2019_19_SEA_GB,spread,-110.0,0.5275779376498799,0.00719424460431628
2019_19_SEA_GB_spread,2019_19_SEA_GB,spread,-110.0,0.5275779376498799,0.00719424460431628
2019_19_SEA_GB_spread,2019_19_SEA_GB,spread,-110.0,0.5275779376498799,0.00719424460431628
2019_19_SEA_GB_spread,2019_19_SEA_GB,spread,-110.0,0.5129224652087475,-0.020784384601481964
2019_19_SEA_GB_spread,2019_19_SEA_GB,spread,-110.0,0.5275779376498799,0.00719424460431628
2019_19_SEA_GB_spread,2019_19_SEA_GB,spread,-110.0,0.5275779376498799,0.00719424460431628
2019_19_SEA_GB_spread,2019_19_SEA_GB,spread,-110.0,0.5275779376498799,0.00719424460431628
2019_19_SEA_GB_spread,2019_19_SEA_GB,spread,-110.0,0.5129224652087475,-0.020784384601481964
2019_19_TEN_BAL_spread,2019_19_TEN_BAL,spread,-110.0,0.5275779376498799,0.00719424460431628
2019_20_GB_SF_spread,2019_20_GB_SF,spread,-110.0,0.5275779376498799,0.00719424460431628
2019_20_GB_SF_spread,2019_20_GB_SF,spread,-110.0,0.5275779376498799,0.00719424460431628
2019_20_GB_SF_spread,2019_20_GB_SF,spread,-110.0,0.5275779376498799,0.00719424460431628
2019_20_GB_SF_spread,2019_20_GB_SF,spread,-110.0,0.5275779376498799,0.00719424460431628
2019_20_GB_SF_spread,2019_20_GB_SF,spread,-110.0,0.5275779376498799,0.00719424460431628
2019_20_GB_SF_spread,2019_20_GB_SF,spread,-110.0,0.5275779376498799,0.00719424460431628
2019_20_GB_SF_spread,2019_20_GB_SF,spread,-110.0,0.5275779376498799,0.00719424460431628
2019_20_GB_SF_spread,2019_20_GB_SF,spread,-110.0,0.5275779376498799,0.00719424460431628
2019_20_GB_SF_spread,2019_20_GB_SF,spread,-110.0,0.5275779376498799,0.00719424460431628
2019_20_GB_SF_spread,2019_20_GB_SF,spread,-110.0,0.5275779376498799,0.00719424460431628
2019_20_GB_SF_spread,2019_20_GB_SF,spread,-110.0,0.5275779376498799,0.00719424460431628
2019_20_GB_SF_spread,2019_20_GB_SF,spread,-110.0,0.5275779376498799,0.00719424460431628
2019_20_GB_SF_spread,2019_20_GB_SF,spread,-110.0,0.5275779376498799,0.00719424460431628
2019_20_GB_SF_spread,2019_20_GB_SF,spread,-110.0,0.5275779376498799,0.00719424460431628
2019_20_GB_SF_spread,2019_20_GB_SF,spread,-110.0,0.5275779376498799,0.00719424460431628
2019_20_GB_SF_spread,2019_20_GB_SF,spread,-110.0,0.5275779376498799,0.00719424460431628
2019_20_TEN_KC_spread,2019_20_TEN_KC,spread,-110.0,0.5275779376498799,0.00719424460431628
2019_20_TEN_KC_spread,2019_20_TEN_KC,spread,-110.0,0.5275779376498799,0.00719424460431628
2019_20_TEN_KC_spread,2019_20_TEN_KC,spread,-110.0,0.5275779376498799,0.00719424460431628
2019_20_TEN_KC_spread,2019_20_TEN_KC,spread,-110.0,0.5275779376498799,0.00719424460431628
2019_20_TEN_KC_spread,2019_20_TEN_KC,spread,-110.0,0.5275779376498799,0.00719424460431628
2019_20_TEN_KC_spread,2019_20_TEN_KC,spread,-110.0,0.5275779376498799,0.00719424460431628
2019_20_TEN_KC_spread,2019_20_TEN_KC,spread,-110.0,0.5275779376498799,0.00719424460431628
2019_20_TEN_KC_spread,2019_20_TEN_KC,spread,-110.0,0.5275779376498799,0.00719424460431628
2019_20_TEN_KC_spread,2019_20_TEN_KC,spread,-110.0,0.5275779376498799,0.00719424460431628
2019_20_TEN_KC_spread,2019_20_TEN_KC,spread,-110.0,0.5275779376498799,0.00719424460431628
2019_20_TEN_KC_spread,2019_20_TEN_KC,spread,-110.0,0.5275779376498799,0.00719424460431628
2019_20_TEN_KC_spread,2019_20_TEN_KC,spread,-110.0,0.5275779376498799,0.00719424460431628
2019_20_TEN_KC_spread,2019_20_TEN_KC,spread,-110.0,0.5275779376498799,0.00719424460431628
2019_20_TEN_KC_spread,2019_20_TEN_KC,spread,-110.0,0.5275779376498799,0.00719424460431628
2019_20_TEN_KC_spread,2019_20_TEN_KC,spread,-110.0,0.5275779376498799,0.00719424460431628
2019_20_TEN_KC_spread,2019_20_TEN_KC,spread,-110.0,0.5275779376498799,0.00719424460431628
2019_21_SF_KC_spread,2019_21_SF_KC,spread,-110.0,0.5129224652087475,-0.020784384601481964
2019_21_SF_KC_spread,2019_21_SF_KC,spread,-110.0,0.5129224652087475,-0.020784384601481964
2019_21_SF_KC_spread,2019_21_SF_KC,spread,-110.0,0.5129224652087475,-0.020784384601481964
2019_21_SF_KC_spread,2019_21_SF_KC,spread,-110.0,0.5129224652087475,-0.020784384601481964
2019_21_SF_KC_spread,2019_21_SF_KC,spread,-110.0,0.5129224652087475,-0.020784384601481964
2019_21_SF_KC_spread,2019_21_SF_KC,spread,-110.0,0.5129224652087475,-0.020784384601481964
2019_21_SF_KC_spread,2019_21_SF_KC,spread,-110.0,0.5129224652087475,-0.020784384601481964
2019_21_SF_KC_spread,2019_21_SF_KC,spread,-110.0,0.5129224652087475,-0.020784384601481964
2019_21_SF_KC_spread,2019_21_SF_KC,spread,-110.0,0.5129224652087475,-0.020784384601481964
2019_21_SF_KC_spread,2019_21_SF_KC,spread,-110.0,0.5129224652087475,-0.020784384601481964
2019_21_SF_KC_spread,2019_21_SF_KC,spread,-110.0,0.5129224652087475,-0.020784384601481964
2019_21_SF_KC_spread,2019_21_SF_KC,spread,-110.0,0.5129224652087475,-0.020784384601481964
2019_21_SF_KC_spread,2019_21_SF_KC,spread,-110.0,0.5129224652087475,-0.020784384601481964
2019_21_SF_KC_spread,2019_21_SF_KC,spread,-110.0,0.5129224652087475,-0.020784384601481964
2019_21_SF_KC_spread,2019_21_SF_KC,spread,-110.0,0.5129224652087475,-0.020784384601481964
2019_21_SF_KC_spread,2019_21_SF_KC,spread,-110.0,0.5129224652087475,-0.020784384601481964
2020_01_ARI_SF_spread,2020_01_ARI_SF,spread,-110.0,0.5200523598065371,-0.007172767642065536
2020_01_ARI_SF_spread,2020_01_ARI_SF,spread,-110.0,0.5200523598065371,-0.007172767642065536
2020_01_ARI_SF_spread,2020_01_ARI_SF,spread,-110.0,0.5200523598065371,-0.007172767642065536
2020_01_ARI_SF_spread,2020_01_ARI_SF,spread,-110.0,0.5200523598065371,-0.007172767642065536
2020_01_CHI_DET_spread,2020_01_CHI_DET,spread,-110.0,0.5129224652087475,-0.020784384601481964
2020_01_CHI_DET_spread,2020_01_CHI_DET,spread,-110.0,0.5129224652087475,-0.020784384601481964
2020_01_CHI_DET_spread,2020_01_CHI_DET,spread,-110.0,0.5129224652087475,-0.020784384601481964
2020_01_CHI_DET_spread,2020_01_CHI_DET,spread,-110.0,0.5129224652087475,-0.020784384601481964
2020_01_CLE_BAL_spread,2020_01_CLE_BAL,spread,-110.0,0.5275779376498799,0.00719424460431628
2020_01_CLE_BAL_spread,2020_01_CLE_BAL,spread,-110.0,0.5199341156860025,-0.007398506417631623
2020_01_CLE_BAL_spread,2020_01_CLE_BAL,spread,-110.0,0.5199341156860025,-0.007398506417631623
2020_01_CLE_BAL_spread,2020_01_CLE_BAL,spread,-110.0,0.5275779376498799,0.00719424460431628
2020_01_CLE_BAL_spread,2020_01_CLE_BAL,spread,-110.0,0.5199341156860025,-0.007398506417631623
2020_01_CLE_BAL_spread,2020_01_CLE_BAL,spread,-110.0,0.5199341156860025,-0.007398506417631623
2020_01_CLE_BAL_spread,2020_01_CLE_BAL,spread,-110.0,0.5275779376498799,0.00719424460431628
2020_01_CLE_BAL_spread,2020_01_CLE_BAL,spread,-110.0,0.5199341156860025,-0.007398506417631623
2020_01_CLE_BAL_spread,2020_01_CLE_BAL,spread,-110.0,0.5199341156860025,-0.007398506417631623
2020_01_LV_CAR_spread,2020_01_LV_CAR,spread,-110.0,0.5129224652087475,-0.020784384601481964
2020_01_LV_CAR_spread,2020_01_LV_CAR,spread,-110.0,0.5129224652087475,-0.020784384601481964
2020_01_LV_CAR_spread,2020_01_LV_CAR,spread,-110.0,0.5129224652087475,-0.020784384601481964
2020_01_LV_CAR_spread,2020_01_LV_CAR,spread,-110.0,0.5129224652087475,-0.020784384601481964
2020_02_BUF_MIA_spread,2020_02_BUF_MIA,spread,-110.0,0.5275779376498799,0.00719424460431628
2020_02_BUF_MIA_spread,2020_02_BUF_MIA,spread,-110.0,0.5275779376498799,0.00719424460431628
2020_02_BUF_MIA_spread,2020_02_BUF_MIA,spread,-110.0,0.5275779376498799,0.00719424460431628
2020_02_BUF_MIA_spread,2020_02_BUF_MIA,spread,-110.0,0.5275779376498799,0.00719424460431628
2020_02_CAR_TB_spread,2020_02_CAR_TB,spread,-110.0,0.5275779376498799,0.00719424460431628
2020_02_CAR_TB_spread,2020_02_CAR_TB,spread,-110.0,0.5253164556962026,0.0028768699654776464
2020_02_CAR_TB_spread,2020_02_CAR_TB,spread,-110.0,0.5275779376498799,0.00719424460431628
2020_02_CAR_TB_spread,2020_02_CAR_TB,spread,-110.0,0.5253164556962026,0.0028768699654776464
2020_02_CIN_CLE_spread,2020_02_CIN_CLE,spread,-110.0,0.5275779376498799,0.00719424460431628
2020_02_CIN_CLE_spread,2020_02_CIN_CLE,spread,-110.0,0.5129224652087475,-0.020784384601481964
2020_02_CIN_CLE_spread,2020_02_CIN_CLE,spread,-110.0,0.5275779376498799,0.00719424460431628
2020_02_CIN_CLE_spread,2020_02_CIN_CLE,spread,-110.0,0.5129224652087475,-0.020784384601481964
2020_02_DEN_PIT_spread,2020_02_DEN_PIT,spread,-110.0,0.5275779376498799,0.00719424460431628
2020_02_DEN_PIT_spread,2020_02_DEN_PIT,spread,-110.0,0.5129224652087475,-0.020784384601481964
2020_02_DEN_PIT_spread,2020_02_DEN_PIT,spread,-110.0,0.5275779376498799,0.00719424460431628
2020_02_DEN_PIT_spread,2020_02_DEN_PIT,spread,-110.0,0.5129224652087475,-0.020784384601481964
2020_02_DET_GB_spread,2020_02_DET_GB,spread,-110.0,0.5275779376498799,0.00719424460431628
2020_03_CAR_LAC_spread,2020_03_CAR_LAC,spread,-110.0,0.5129224652087475,-0.020784384601481964
2020_03_DAL_SEA_spread,2020_03_DAL_SEA,spread,-110.0,0.5275779376498799,0.00719424460431628
2020_03_DAL_SEA_spread,2020_03_DAL_SEA,spread,-110.0,0.5129224652087475,-0.020784384601481964
2020_03_DAL_SEA_spread,2020_03_DAL_SEA,spread,-110.0,0.5275779376498799,0.00719424460431628
2020_03_DAL_SEA_spread,2020_03_DAL_SEA,spread,-110.0,0.5129224652087475,-0.020784384601481964
2020_03_DET_ARI_spread,2020_03_DET_ARI,spread,-110.0,0.5275779376498799,0.00719424460431628
2020_03_DET_ARI_spread,2020_03_DET_ARI,spread,-110.0,0.5129224652087475,-0.020784384601481964
2020_03_DET_ARI_spread,2020_03_DET_ARI,spread,-110.0,0.5275779376498799,0.00719424460431628
2020_03_DET_ARI_spread,2020_03_DET_ARI,spread,-110.0,0.5129224652087475,-0.020784384601481964
2020_03_KC_BAL_spread,2020_03_KC_BAL,spread,-110.0,0.5132338950827069,-0.020189836660286786
2020_03_KC_BAL_spread,2020_03_KC_BAL,spread,-110.0,0.5129224652087475,-0.020784384601481964
2020_03_KC_BAL_spread,2020_03_KC_BAL,spread,-110.0,0.5132338950827069,-0.020189836660286786
2020_03_KC_BAL_spread,2020_03_KC_BAL,spread,-110.0,0.5129224652087475,-0.020784384601481964
2020_03_LA_BUF_spread,2020_03_LA_BUF,spread,-110.0,0.5129224652087475,-0.020784384601481964
2020_03_LA_BUF_spread,2020_03_LA_BUF,spread,-110.0,0.5129224652087475,-0.020784384601481964
2020_03_LA_BUF_spread,2020_03_LA_BUF,spread,-110.0,0.5129224652087475,-0.020784384601481964
2020_03_LA_BUF_spread,2020_03_LA_BUF,spread,-110.0,0.5129224652087475,-0.020784384601481964
2020_04_ARI_CAR_spread,2020_04_ARI_CAR,spread,-110.0,0.5129224652087475,-0.020784384601481964
2020_04_ARI_CAR_spread,2020_04_ARI_CAR,spread,-110.0,0.5129224652087475,-0.020784384601481964
2020_04_ARI_CAR_spread,2020_04_ARI_CAR,spread,-110.0,0.5129224652087475,-0.020784384601481964
2020_04_ARI_CAR_spread,2020_04_ARI_CAR,spread,-110.0,0.5129224652087475,-0.020784384601481964
2020_04_ATL_GB_spread,2020_04_ATL_GB,spread,-110.0,0.5275779376498799,0.00719424460431628
2020_04_ATL_GB_spread,2020_04_ATL_GB,spread,-110.0,0.5129224652087475,-0.020784384601481964
2020_04_ATL_GB_spread,2020_04_ATL_GB,spread,-110.0,0.5129224652087475,-0.020784384601481964
2020_04_ATL_GB_spread,2020_04_ATL_GB,spread,-110.0,0.5129224652087475,-0.020784384601481964
2020_04_ATL_GB_spread,2020_04_ATL_GB,spread,-110.0,0.5275779376498799,0.00719424460431628
2020_04_ATL_GB_spread,2020_04_ATL_GB,spread,-110.0,0.5129224652087475,-0.020784384601481964
2020_04_ATL_GB_spread,2020_04_ATL_GB,spread,-110.0,0.5129224652087475,-0.020784384601481964
2020_04_ATL_GB_spread,2020_04_ATL_GB,spread,-110.0,0.5129224652087475,-0.020784384601481964
2020_04_ATL_GB_spread,2020_04_ATL_GB,spread,-110.0,0.5275779376498799,0.00719424460431628
2020_04_ATL_GB_spread,2020_04_ATL_GB,spread,-110.0,0.5129224652087475,-0.020784384601481964
2020_04_ATL_GB_spread,2020_04_ATL_GB,spread,-110.0,0.5129224652087475,-0.020784384601481964
2020_04_ATL_GB_spread,2020_04_ATL_GB,spread,-110.0,0.5129224652087475,-0.020784384601481964
2020_04_ATL_GB_spread,2020_04_ATL_GB,spread,-110.0,0.5275779376498799,0.00719424460431628
2020_04_ATL_GB_spread,2020_04_ATL_GB,spread,-110.0,0.5129224652087475,-0.020784384601481964
2020_04_ATL_GB_spread,2020_04_ATL_GB,spread,-110.0,0.5129224652087475,-0.020784384601481964
2020_04_ATL_GB_spread,2020_04_ATL_GB,spread,-110.0,0.5129224652087475,-0.020784384601481964
2020_04_DEN_NYJ_spread,2020_04_DEN_NYJ,spread,-110.0,0.2343876608972374,-0.5525326473780013
2020_04_DEN_NYJ_spread,2020_04_DEN_NYJ,spread,-110.0,0.2273580848107088,-0.5659527471795559
2020_04_DEN_NYJ_spread,2020_04_DEN_NYJ,spread,-110.0,0.2343876608972374,-0.5525326473780013
2020_04_DEN_NYJ_spread,2020_04_DEN_NYJ,spread,-110.0,0.2273580848107088,-0.5659527471795559
2020_04_NE_KC_spread,2020_04_NE_KC,spread,-110.0,0.5275779376498799,0.00719424460431628
2020_04_NE_KC_spread,2020_04_NE_KC,spread,-110.0,0.5253164556962026,0.0028768699654776464
2020_04_NE_KC_spread,2020_04_NE_KC,spread,-110.0,0.5275779376498799,0.00719424460431628
2020_04_NE_KC_spread,2020_04_NE_KC,spread,-110.0,0.5253164556962026,0.0028768699654776464
2020_05_ARI_NYJ_spread,2020_05_ARI_NYJ,spread,-110.0,0.5275779376498799,0.00719424460431628
2020_05_BUF_TEN_spread,2020_05_BUF_TEN,spread,-110.0,0.515310021657584,-0.016226322290066875
2020_05_BUF_TEN_spread,2020_05_BUF_TEN,spread,-110.0,0.515310021657584,-0.016226322290066875
2020_05_BUF_TEN_spread,2020_05_BUF_TEN,spread,-110.0,0.515310021657584,-0.016226322290066875
2020_05_BUF_TEN_spread,2020_05_BUF_TEN,spread,-110.0,0.515310021657584,-0.016226322290066875
2020_05_CIN_BAL_spread,2020_05_CIN_BAL,spread,-110.0,0.5275779376498799,0.00719424460431628
2020_05_CIN_BAL_spread,2020_05_CIN_BAL,spread,-110.0,0.5275779376498799,0.00719424460431628
2020_05_CIN_BAL_spread,2020_05_CIN_BAL,spread,-110.0,0.5275779376498799,0.00719424460431628
2020_05_CIN_BAL_spread,2020_05_CIN_BAL,spread,-110.0,0.5275779376498799,0.00719424460431628
2020_05_MIN_SEA_spread,2020_05_MIN_SEA,spread,-110.0,0.5275779376498799,0.00719424460431628
2020_05_MIN_SEA_spread,2020_05_MIN_SEA,spread,-110.0,0.515938494482586,-0.015026510533244886
2020_05_MIN_SEA_spread,2020_05_MIN_SEA,spread,-110.0,0.5275779376498799,0.00719424460431628
2020_05_MIN_SEA_spread,2020_05_MIN_SEA,spread,-110.0,0.515938494482586,-0.015026510533244886
2020_05_PHI_PIT_spread,2020_05_PHI_PIT,spread,-110.0,0.5275779376498799,0.00719424460431628
2020_05_PHI_PIT_spread,2020_05_PHI_PIT,spread,-110.0,0.5256550762108078,0.003523327311542146
2020_05_PHI_PIT_spread,2020_05_PHI_PIT,spread,-110.0,0.5275779376498799,0.00719424460431628
2020_05_PHI_PIT_spread,2020_05_PHI_PIT,spread,-110.0,0.5256550762108078,0.003523327311542146
2020_06_BAL_PHI_spread,2020_06_BAL_PHI,spread,-110.0,0.56,0.0690909090909092
2020_06_BAL_PHI_spread,2020_06_BAL_PHI,spread,-110.0,0.56,0.0690909090909092
2020_06_BAL_PHI_spread,2020_06_BAL_PHI,spread,-110.0,0.56,0.0690909090909092
2020_06_BAL_PHI_spread,2020_06_BAL_PHI,spread,-110.0,0.56,0.0690909090909092
2020_06_CHI_CAR_spread,2020_06_CHI_CAR,spread,-110.0,0.5129224652087475,-0.020784384601481964
2020_06_CHI_CAR_spread,2020_06_CHI_CAR,spread,-110.0,0.5129224652087475,-0.020784384601481964
2020_06_CHI_CAR_spread,2020_06_CHI_CAR,spread,-110.0,0.5129224652087475,-0.020784384601481964
2020_06_CHI_CAR_spread,2020_06_CHI_CAR,spread,-110.0,0.5129224652087475,-0.020784384601481964
2020_06_CLE_PIT_spread,2020_06_CLE_PIT,spread,-110.0,0.5129224652087475,-0.020784384601481964
2020_06_CLE_PIT_spread,2020_06_CLE_PIT,spread,-110.0,0.5129224652087475,-0.020784384601481964
2020_06_CLE_PIT_spread,2020_06_CLE_PIT,spread,-110.0,0.5129224652087475,-0.020784384601481964
2020_06_CLE_PIT_spread,2020_06_CLE_PIT,spread,-110.0,0.5129224652087475,-0.020784384601481964
2020_06_DEN_NE_spread,2020_06_DEN_NE,spread,-110.0,0.5275779376498799,0.00719424460431628
2020_06_DEN_NE_spread,2020_06_DEN_NE,spread,-110.0,0.5253164556962026,0.0028768699654776464
2020_06_DEN_NE_spread,2020_06_DEN_NE,spread,-110.0,0.5275779376498799,0.00719424460431628
2020_06_DEN_NE_spread,2020_06_DEN_NE,spread,-110.0,0.5253164556962026,0.0028768699654776464
2020_06_HOU_TEN_spread,2020_06_HOU_TEN,spread,-110.0,0.5253164556962026,0.0028768699654776464
2020_07_BUF_NYJ_spread,2020_07_BUF_NYJ,spread,-110.0,0.5275779376498799,0.00719424460431628
2020_07_BUF_NYJ_spread,2020_07_BUF_NYJ,spread,-110.0,0.5275779376498799,0.00719424460431628
2020_07_BUF_NYJ_spread,2020_07_BUF_NYJ,spread,-110.0,0.5275779376498799,0.00719424460431628
2020_07_BUF_NYJ_spread,2020_07_BUF_NYJ,spread,-110.0,0.5275779376498799,0.00719424460431628
2020_07_KC_DEN_spread,2020_07_KC_DEN,spread,-110.0,0.5253164556962026,0.0028768699654776464
2020_07_KC_DEN_spread,2020_07_KC_DEN,spread,-110.0,0.5253164556962026,0.0028768699654776464
2020_07_KC_DEN_spread,2020_07_KC_DEN,spread,-110.0,0.5253164556962026,0.0028768699654776464
2020_07_KC_DEN_spread,2020_07_KC_DEN,spread,-110.0,0.5253164556962026,0.0028768699654776464
2020_07_NYG_PHI_spread,2020_07_NYG_PHI,spread,-110.0,0.5275779376498799,0.00719424460431628
2020_07_NYG_PHI_spread,2020_07_NYG_PHI,spread,-110.0,0.5129224652087475,-0.020784384601481964
2020_07_NYG_PHI_spread,2020_07_NYG_PHI,spread,-110.0,0.5275779376498799,0.00719424460431628
2020_07_NYG_PHI_spread,2020_07_NYG_PHI,spread,-110.0,0.5129224652087475,-0.020784384601481964
2020_07_PIT_TEN_spread,2020_07_PIT_TEN,spread,-110.0,0.3181343556628174,-0.39265259373462136
2020_07_PIT_TEN_spread,2020_07_PIT_TEN,spread,-110.0,0.143425397081879,-0.726187878298231
2020_07_PIT_TEN_spread,2020_07_PIT_TEN,spread,-110.0,0.3181343556628174,-0.39265259373462136
2020_07_PIT_TEN_spread,2020_07_PIT_TEN,spread,-110.0,0.143425397081879,-0.726187878298231
2020_07_SEA_ARI_spread,2020_07_SEA_ARI,spread,-110.0,0.5129224652087475,-0.020784384601481964
2020_07_SEA_ARI_spread,2020_07_SEA_ARI,spread,-110.0,0.5129224652087475,-0.020784384601481964
2020_07_SEA_ARI_spread,2020_07_SEA_ARI,spread,-110.0,0.5129224652087475,-0.020784384601481964
2020_07_SEA_ARI_spread,2020_07_SEA_ARI,spread,-110.0,0.5129224652087475,-0.020784384601481964
2020_08_ATL_CAR_spread,2020_08_ATL_CAR,spread,-110.0,0.5129224652087475,-0.020784384601481964
2020_08_ATL_CAR_spread,2020_08_ATL_CAR,spread,-110.0,0.5129224652087475,-0.020784384601481964
2020_08_ATL_CAR_spread,2020_08_ATL_CAR,spread,-110.0,0.5129224652087475,-0.020784384601481964
2020_08_ATL_CAR_spread,2020_08_ATL_CAR,spread,-110.0,0.5129224652087475,-0.020784384601481964
2020_08_LAC_DEN_spread,2020_08_LAC_DEN,spread,-110.0,0.5129224652087475,-0.020784384601481964
2020_08_LAC_DEN_spread,2020_08_LAC_DEN,spread,-110.0,0.5129224652087475,-0.020784384601481964
2020_08_LAC_DEN_spread,2020_08_LAC_DEN,spread,-110.0,0.5129224652087475,-0.020784384601481964
2020_08_LAC_DEN_spread,2020_08_LAC_DEN,spread,-110.0,0.5129224652087475,-0.020784384601481964
2020_08_PIT_BAL_spread,2020_08_PIT_BAL,spread,-110.0,0.5253164556962026,0.0028768699654776464
2020_08_PIT_BAL_spread,2020_08_PIT_BAL,spread,-110.0,0.5129224652087475,-0.020784384601481964
2020_08_PIT_BAL_spread,2020_08_PIT_BAL,spread,-110.0,0.5253164556962026,0.0028768699654776464
2020_08_PIT_BAL_spread,2020_08_PIT_BAL,spread,-110.0,0.5129224652087475,-0.020784384601481964
2020_08_SF_SEA_spread,2020_08_SF_SEA,spread,-110.0,0.3185037955571031,-0.391947299390985
2020_08_SF_SEA_spread,2020_08_SF_SEA,spread,-110.0,0.143248995054433,-0.7265246458051733
2020_08_SF_SEA_spread,2020_08_SF_SEA,spread,-110.0,0.3185037955571031,-0.391947299390985
2020_08_SF_SEA_spread,2020_08_SF_SEA,spread,-110.0,0.143248995054433,-0.7265246458051733
2020_08_TB_NYG_spread,2020_08_TB_NYG,spread,-110.0,0.5275779376498799,0.00719424460431628
2020_08_TB_NYG_spread,2020_08_TB_NYG,spread,-110.0,0.5275779376498799,0.00719424460431628
2020_08_TB_NYG_spread,2020_08_TB_NYG,spread,-110.0,0.5275779376498799,0.00719424460431628
2020_08_TB_NYG_spread,2020_08_TB_NYG,spread,-110.0,0.5275779376498799,0.00719424460431628
2020_09_BAL_IND_spread,2020_09_BAL_IND,spread,-110.0,0.3193257147661225,-0.3903781809010389
2020_09_BAL_IND_spread,2020_09_BAL_IND,spread,-110.0,0.3193257147661225,-0.3903781809010389
2020_09_BAL_IND_spread,2020_09_BAL_IND,spread,-110.0,0.3178175667914292,-0.39325737248908976
2020_09_BAL_IND_spread,2020_09_BAL_IND,spread,-110.0,0.1437421676742598,-0.7255831344400494
2020_09_BAL_IND_spread,2020_09_BAL_IND,spread,-110.0,0.3193257147661225,-0.3903781809010389
2020_09_BAL_IND_spread,2020_09_BAL_IND,spread,-110.0,0.3193257147661225,-0.3903781809010389
2020_09_BAL_IND_spread,2020_09_BAL_IND,spread,-110.0,0.3178175667914292,-0.39325737248908976
2020_09_BAL_IND_spread,2020_09_BAL_IND,spread,-110.0,0.1437421676742598,-0.7255831344400494
2020_09_BAL_IND_spread,2020_09_BAL_IND,spread,-110.0,0.3193257147661225,-0.3903781809010389
2020_09_BAL_IND_spread,2020_09_BAL_IND,spread,-110.0,0.3193257147661225,-0.3903781809010389
2020_09_BAL_IND_spread,2020_09_BAL_IND,spread,-110.0,0.3178175667914292,-0.39325737248908976
2020_09_BAL_IND_spread,2020_09_BAL_IND,spread,-110.0,0.1437421676742598,-0.7255831344400494
2020_09_BAL_IND_spread,2020_09_BAL_IND,spread,-110.0,0.3193257147661225,-0.3903781809010389
2020_09_BAL_IND_spread,2020_09_BAL_IND,spread,-110.0,0.3193257147661225,-0.3903781809010389
2020_09_BAL_IND_spread,2020_09_BAL_IND,spread,-110.0,0.3178175667914292,-0.39325737248908976
2020_09_BAL_IND_spread,2020_09_BAL_IND,spread,-110.0,0.1437421676742598,-0.7255831344400494
2020_09_MIA_ARI_spread,2020_09_MIA_ARI,spread,-110.0,0.5275779376498799,0.00719424460431628
2020_09_MIA_ARI_spread,2020_09_MIA_ARI,spread,-110.0,0.5129224652087475,-0.020784384601481964
2020_09_MIA_ARI_spread,2020_09_MIA_ARI,spread,-110.0,0.5275779376498799,0.00719424460431628
2020_09_MIA_ARI_spread,2020_09_MIA_ARI,spread,-110.0,0.5129224652087475,-0.020784384601481964
2020_09_NO_TB_spread,2020_09_NO_TB,spread,-110.0,0.5129224652087475,-0.020784384601481964
2020_09_NO_TB_spread,2020_09_NO_TB,spread,-110.0,0.5129224652087475,-0.020784384601481964
2020_09_NO_TB_spread,2020_09_NO_TB,spread,-110.0,0.5129224652087475,-0.020784384601481964
2020_09_NO_TB_spread,2020_09_NO_TB,spread,-110.0,0.5129224652087475,-0.020784384601481964
2020_09_NYG_WAS_spread,2020_09_NYG_WAS,spread,-110.0,0.5129224652087475,-0.020784384601481964
2020_09_NYG_WAS_spread,2020_09_NYG_WAS,spread,-110.0,0.5129224652087475,-0.020784384601481964
2020_09_NYG_WAS_spread,2020_09_NYG_WAS,spread,-110.0,0.5129224652087475,-0.020784384601481964
2020_09_NYG_WAS_spread,2020_09_NYG_WAS,spread,-110.0,0.5129224652087475,-0.020784384601481964
2020_10_BAL_NE_spread,2020_10_BAL_NE,spread,-110.0,0.5253164556962026,0.0028768699654776464
2020_10_CIN_PIT_spread,2020_10_CIN_PIT,spread,-110.0,0.5275779376498799,0.00719424460431628
2020_10_CIN_PIT_spread,2020_10_CIN_PIT,spread,-110.0,0.5159171022334976,-0.015067350281504466
2020_10_CIN_PIT_spread,2020_10_CIN_PIT,spread,-110.0,0.5275779376498799,0.00719424460431628
2020_10_CIN_PIT_spread,2020_10_CIN_PIT,spread,-110.0,0.5159171022334976,-0.015067350281504466
2020_10_IND_TEN_spread,2020_10_IND_TEN,spread,-110.0,0.5129224652087475,-0.020784384601481964
2020_10_IND_TEN_spread,2020_10_IND_TEN,spread,-110.0,0.5129224652087475,-0.020784384601481964
2020_10_IND_TEN_spread,2020_10_IND_TEN,spread,-110.0,0.5129224652087475,-0.020784384601481964
2020_10_IND_TEN_spread,2020_10_IND_TEN,spread,-110.0,0.5129224652087475,-0.020784384601481964
2020_10_PHI_NYG_spread,2020_10_PHI_NYG,spread,-110.0,0.5129224652087475,-0.020784384601481964
2020_10_PHI_NYG_spread,2020_10_PHI_NYG,spread,-110.0,0.5129224652087475,-0.020784384601481964
2020_10_PHI_NYG_spread,2020_10_PHI_NYG,spread,-110.0,0.5129224652087475,-0.020784384601481964
2020_10_PHI_NYG_spread,2020_10_PHI_NYG,spread,-110.0,0.5129224652087475,-0.020784384601481964
2020_10_TB_CAR_spread,2020_10_TB_CAR,spread,-110.0,0.5129224652087475,-0.020784384601481964
2020_10_TB_CAR_spread,2020_10_TB_CAR,spread,-110.0,0.5129224652087475,-0.020784384601481964
2020_10_TB_CAR_spread,2020_10_TB_CAR,spread,-110.0,0.5129224652087475,-0.020784384601481964
2020_10_TB_CAR_spread,2020_10_TB_CAR,spread,-110.0,0.5129224652087475,-0.020784384601481964
2020_11_ARI_SEA_spread,2020_11_ARI_SEA,spread,-110.0,0.5129224652087475,-0.020784384601481964
2020_11_ARI_SEA_spread,2020_11_ARI_SEA,spread,-110.0,0.5129224652087475,-0.020784384601481964
2020_11_ARI_SEA_spread,2020_11_ARI_SEA,spread,-110.0,0.5129224652087475,-0.020784384601481964
2020_11_ARI_SEA_spread,2020_11_ARI_SEA,spread,-110.0,0.5129224652087475,-0.020784384601481964
2020_11_ATL_NO_spread,2020_11_ATL_NO,spread,-110.0,0.5129224652087475,-0.020784384601481964
2020_11_ATL_NO_spread,2020_11_ATL_NO,spread,-110.0,0.5129224652087475,-0.020784384601481964
2020_11_ATL_NO_spread,2020_11_ATL_NO,spread,-110.0,0.5129224652087475,-0.020784384601481964
2020_11_ATL_NO_spread,2020_11_ATL_NO,spread,-110.0,0.5129224652087475,-0.020784384601481964
2020_11_CIN_WAS_spread,2020_11_CIN_WAS,spread,-110.0,0.5129224652087475,-0.020784384601481964
2020_11_CIN_WAS_spread,2020_11_CIN_WAS,spread,-110.0,0.5129224652087475,-0.020784384601481964
2020_11_CIN_WAS_spread,2020_11_CIN_WAS,spread,-110.0,0.5129224652087475,-0.020784384601481964
2020_11_CIN_WAS_spread,2020_11_CIN_WAS,spread,-110.0,0.5129224652087475,-0.020784384601481964
2020_11_DET_CAR_spread,2020_11_DET_CAR,spread,-110.0,0.5129224652087475,-0.020784384601481964
2020_11_KC_LV_spread,2020_11_KC_LV,spread,-110.0,0.5275779376498799,0.00719424460431628
2020_11_KC_LV_spread,2020_11_KC_LV,spread,-110.0,0.5275779376498799,0.00719424460431628
2020_11_KC_LV_spread,2020_11_KC_LV,spread,-110.0,0.5275779376498799,0.00719424460431628
2020_11_KC_LV_spread,2020_11_KC_LV,spread,-110.0,0.5275779376498799,0.00719424460431628
2020_12_ARI_NE_spread,2020_12_ARI_NE,spread,-110.0,0.3180896443352278,-0.392737951723656
2020_12_ARI_NE_spread,2020_12_ARI_NE,spread,-110.0,0.1435737048311764,-0.7259047453222996
2020_12_ARI_NE_spread,2020_12_ARI_NE,spread,-110.0,0.3180896443352278,-0.392737951723656
2020_12_ARI_NE_spread,2020_12_ARI_NE,spread,-110.0,0.1435737048311764,-0.7259047453222996
2020_12_BAL_PIT_spread,2020_12_BAL_PIT,spread,-110.0,0.5275779376498799,0.00719424460431628
2020_12_BAL_PIT_spread,2020_12_BAL_PIT,spread,-110.0,0.5275779376498799,0.00719424460431628
2020_12_BAL_PIT_spread,2020_12_BAL_PIT,spread,-110.0,0.5275779376498799,0.00719424460431628
2020_12_BAL_PIT_spread,2020_12_BAL_PIT,spread,-110.0,0.5275779376498799,0.00719424460431628
2020_12_BAL_PIT_spread,2020_12_BAL_PIT,spread,-110.0,0.5275779376498799,0.00719424460431628
2020_12_BAL_PIT_spread,2020_12_BAL_PIT,spread,-110.0,0.5275779376498799,0.00719424460431628
2020_12_BAL_PIT_spread,2020_12_BAL_PIT,spread,-110.0,0.5275779376498799,0.00719424460431628
2020_12_BAL_PIT_spread,2020_12_BAL_PIT,spread,-110.0,0.5275779376498799,0.00719424460431628
2020_12_BAL_PIT_spread,2020_12_BAL_PIT,spread,-110.0,0.5275779376498799,0.00719424460431628
2020_12_BAL_PIT_spread,2020_12_BAL_PIT,spread,-110.0,0.5275779376498799,0.00719424460431628
2020_12_BAL_PIT_spread,2020_12_BAL_PIT,spread,-110.0,0.5275779376498799,0.00719424460431628
2020_12_BAL_PIT_spread,2020_12_BAL_PIT,spread,-110.0,0.5275779376498799,0.00719424460431628
2020_12_BAL_PIT_spread,2020_12_BAL_PIT,spread,-110.0,0.5275779376498799,0.00719424460431628
2020_12_BAL_PIT_spread,2020_12_BAL_PIT,spread,-110.0,0.5275779376498799,0.00719424460431628
2020_12_BAL_PIT_spread,2020_12_BAL_PIT,spread,-110.0,0.5275779376498799,0.00719424460431628
2020_12_BAL_PIT_spread,2020_12_BAL_PIT,spread,-110.0,0.5275779376498799,0.00719424460431628
2020_12_CHI_GB_spread,2020_12_CHI_GB,spread,-110.0,0.5275779376498799,0.00719424460431628
2020_12_CHI_GB_spread,2020_12_CHI_GB,spread,-110.0,0.5256550762108078,0.003523327311542146
2020_12_CHI_GB_spread,2020_12_CHI_GB,spread,-110.0,0.5275779376498799,0.00719424460431628
2020_12_CHI_GB_spread,2020_12_CHI_GB,spread,-110.0,0.5256550762108078,0.003523327311542146
2020_12_MIA_NYJ_spread,2020_12_MIA_NYJ,spread,-110.0,0.5275779376498799,0.00719424460431628
2020_12_MIA_NYJ_spread,2020_12_MIA_NYJ,spread,-110.0,0.5275779376498799,0.00719424460431628
2020_12_MIA_NYJ_spread,2020_12_MIA_NYJ,spread,-110.0,0.5275779376498799,0.00719424460431628
2020_12_MIA_NYJ_spread,2020_12_MIA_NYJ,spread,-110.0,0.5275779376498799,0.00719424460431628
2020_13_BUF_SF_spread,2020_13_BUF_SF,spread,-110.0,0.5129224652087475,-0.020784384601481964
2020_13_BUF_SF_spread,2020_13_BUF_SF,spread,-110.0,0.5129224652087475,-0.020784384601481964
2020_13_BUF_SF_spread,2020_13_BUF_SF,spread,-110.0,0.5129224652087475,-0.020784384601481964
2020_13_BUF_SF_spread,2020_13_BUF_SF,spread,-110.0,0.5129224652087475,-0.020784384601481964
2020_13_CIN_MIA_spread,2020_13_CIN_MIA,spread,-110.0,0.5275779376498799,0.00719424460431628
2020_13_CIN_MIA_spread,2020_13_CIN_MIA,spread,-110.0,0.5275779376498799,0.00719424460431628
2020_13_CIN_MIA_spread,2020_13_CIN_MIA,spread,-110.0,0.5275779376498799,0.00719424460431628
2020_13_CIN_MIA_spread,2020_13_CIN_MIA,spread,-110.0,0.5275779376498799,0.00719424460431628
2020_13_DEN_KC_spread,2020_13_DEN_KC,spread,-110.0,0.5275779376498799,0.00719424460431628
2020_13_NO_ATL_spread,2020_13_NO_ATL,spread,-110.0,0.5129224652087475,-0.020784384601481964
2020_13_NO_ATL_spread,2020_13_NO_ATL,spread,-110.0,0.5129224652087475,-0.020784384601481964
2020_13_NO_ATL_spread,2020_13_NO_ATL,spread,-110.0,0.5129224652087475,-0.020784384601481964
2020_13_NO_ATL_spread,2020_13_NO_ATL,spread,-110.0,0.5129224652087475,-0.020784384601481964
2020_13_WAS_PIT_spread,2020_13_WAS_PIT,spread,-110.0,0.5275779376498799,0.00719424460431628
2020_13_WAS_PIT_spread,2020_13_WAS_PIT,spread,-110.0,0.5129224652087475,-0.020784384601481964
2020_13_WAS_PIT_spread,2020_13_WAS_PIT,spread,-110.0,0.5275779376498799,0.00719424460431628
2020_13_WAS_PIT_spread,2020_13_WAS_PIT,spread,-110.0,0.5129224652087475,-0.020784384601481964
2020_14_ARI_NYG_spread,2020_14_ARI_NYG,spread,-110.0,0.5153020374406702,-0.01624156488599332
2020_14_BAL_CLE_spread,2020_14_BAL_CLE,spread,-110.0,0.515298262247501,-0.016248772072952666
2020_14_BAL_CLE_spread,2020_14_BAL_CLE,spread,-110.0,0.515298262247501,-0.016248772072952666
2020_14_BAL_CLE_spread,2020_14_BAL_CLE,spread,-110.0,0.515298262247501,-0.016248772072952666
2020_14_BAL_CLE_spread,2020_14_BAL_CLE,spread,-110.0,0.515298262247501,-0.016248772072952666
2020_14_NE_LA_spread,2020_14_NE_LA,spread,-110.0,0.5275779376498799,0.00719424460431628
2020_14_NE_LA_spread,2020_14_NE_LA,spread,-110.0,0.5129224652087475,-0.020784384601481964
2020_14_NE_LA_spread,2020_14_NE_LA,spread,-110.0,0.5275779376498799,0.00719424460431628
2020_14_NE_LA_spread,2020_14_NE_LA,spread,-110.0,0.5129224652087475,-0.020784384601481964
2020_14_PIT_BUF_spread,2020_14_PIT_BUF,spread,-110.0,0.5129224652087475,-0.020784384601481964
2020_14_PIT_BUF_spread,2020_14_PIT_BUF,spread,-110.0,0.5129224652087475,-0.020784384601481964
2020_14_PIT_BUF_spread,2020_14_PIT_BUF,spread,-110.0,0.5129224652087475,-0.020784384601481964
2020_14_PIT_BUF_spread,2020_14_PIT_BUF,spread,-110.0,0.5129224652087475,-0.020784384601481964
2020_14_WAS_SF_spread,2020_14_WAS_SF,spread,-110.0,0.5129224652087475,-0.020784384601481964
2020_14_WAS_SF_spread,2020_14_WAS_SF,spread,-110.0,0.5129224652087475,-0.020784384601481964
2020_14_WAS_SF_spread,2020_14_WAS_SF,spread,-110.0,0.5129224652087475,-0.020784384601481964
2020_14_WAS_SF_spread,2020_14_WAS_SF,spread,-110.0,0.5129224652087475,-0.020784384601481964
2020_15_BUF_DEN_spread,2020_15_BUF_DEN,spread,-110.0,0.5275779376498799,0.00719424460431628
2020_15_BUF_DEN_spread,2020_15_BUF_DEN,spread,-110.0,0.5129224652087475,-0.020784384601481964
2020_15_BUF_DEN_spread,2020_15_BUF_DEN,spread,-110.0,0.5275779376498799,0.00719424460431628
2020_15_BUF_DEN_spread,2020_15_BUF_DEN,spread,-110.0,0.5129224652087475,-0.020784384601481964
2020_15_CAR_GB_spread,2020_15_CAR_GB,spread,-110.0,0.5275779376498799,0.00719424460431628
2020_15_CHI_MIN_spread,2020_15_CHI_MIN,spread,-110.0,0.5129224652087475,-0.020784384601481964
2020_15_CHI_MIN_spread,2020_15_CHI_MIN,spread,-110.0,0.5129224652087475,-0.020784384601481964
2020_15_CHI_MIN_spread,2020_15_CHI_MIN,spread,-110.0,0.5129224652087475,-0.020784384601481964
2020_15_CHI_MIN_spread,2020_15_CHI_MIN,spread,-110.0,0.5129224652087475,-0.020784384601481964
2020_15_CLE_NYG_spread,2020_15_CLE_NYG,spread,-110.0,0.5275779376498799,0.00719424460431628
2020_15_CLE_NYG_spread,2020_15_CLE_NYG,spread,-110.0,0.5275779376498799,0.00719424460431628
2020_15_CLE_NYG_spread,2020_15_CLE_NYG,spread,-110.0,0.5275779376498799,0.00719424460431628
2020_15_CLE_NYG_spread,2020_15_CLE_NYG,spread,-110.0,0.5275779376498799,0.00719424460431628
2020_15_NE_MIA_spread,2020_15_NE_MIA,spread,-110.0,0.5129224652087475,-0.020784384601481964
2020_15_NE_MIA_spread,2020_15_NE_MIA,spread,-110.0,0.5129224652087475,-0.020784384601481964
2020_15_NE_MIA_spread,2020_15_NE_MIA,spread,-110.0,0.5129224652087475,-0.020784384601481964
2020_15_NE_MIA_spread,2020_15_NE_MIA,spread,-110.0,0.5129224652087475,-0.020784384601481964
2020_16_BUF_NE_spread,2020_16_BUF_NE,spread,-110.0,0.5275779376498799,0.00719424460431628
2020_16_BUF_NE_spread,2020_16_BUF_NE,spread,-110.0,0.5275779376498799,0.00719424460431628
2020_16_BUF_NE_spread,2020_16_BUF_NE,spread,-110.0,0.5275779376498799,0.00719424460431628
2020_16_BUF_NE_spread,2020_16_BUF_NE,spread,-110.0,0.5275779376498799,0.00719424460431628
2020_16_LA_SEA_spread,2020_16_LA_SEA,spread,-110.0,0.5129224652087475,-0.020784384601481964
2020_16_LA_SEA_spread,2020_16_LA_SEA,spread,-110.0,0.5129224652087475,-0.020784384601481964
2020_16_LA_SEA_spread,2020_16_LA_SEA,spread,-110.0,0.5129224652087475,-0.020784384601481964
2020_16_LA_SEA_spread,2020_16_LA_SEA,spread,-110.0,0.5129224652087475,-0.020784384601481964
2020_16_MIN_NO_spread,2020_16_MIN_NO,spread,-110.0,0.5275779376498799,0.00719424460431628
2020_16_MIN_NO_spread,2020_16_MIN_NO,spread,-110.0,0.5159259126652387,-0.015050530366362447
2020_16_MIN_NO_spread,2020_16_MIN_NO,spread,-110.0,0.5275779376498799,0.00719424460431628
2020_16_MIN_NO_spread,2020_16_MIN_NO,spread,-110.0,0.5159259126652387,-0.015050530366362447
2020_16_NYG_BAL_spread,2020_16_NYG_BAL,spread,-110.0,0.5275779376498799,0.00719424460431628
2020_16_NYG_BAL_spread,2020_16_NYG_BAL,spread,-110.0,0.5275779376498799,0.00719424460431628
2020_16_NYG_BAL_spread,2020_16_NYG_BAL,spread,-110.0,0.5275779376498799,0.00719424460431628
2020_16_NYG_BAL_spread,2020_16_NYG_BAL,spread,-110.0,0.5275779376498799,0.00719424460431628
2020_16_PHI_DAL_spread,2020_16_PHI_DAL,spread,-110.0,0.5129224652087475,-0.020784384601481964
2020_17_ATL_TB_spread,2020_17_ATL_TB,spread,-110.0,0.5275779376498799,0.00719424460431628
2020_17_ATL_TB_spread,2020_17_ATL_TB,spread,-110.0,0.5256582731137057,0.003529430489801866
2020_17_ATL_TB_spread,2020_17_ATL_TB,spread,-110.0,0.5275779376498799,0.00719424460431628
2020_17_ATL_TB_spread,2020_17_ATL_TB,spread,-110.0,0.5256582731137057,0.003529430489801866
2020_17_BAL_CIN_spread,2020_17_BAL_CIN,spread,-110.0,0.56,0.0690909090909092
2020_17_BAL_CIN_spread,2020_17_BAL_CIN,spread,-110.0,0.56,0.0690909090909092
2020_17_BAL_CIN_spread,2020_17_BAL_CIN,spread,-110.0,0.56,0.0690909090909092
2020_17_BAL_CIN_spread,2020_17_BAL_CIN,spread,-110.0,0.56,0.0690909090909092
2020_17_DAL_NYG_spread,2020_17_DAL_NYG,spread,-110.0,0.5129224652087475,-0.020784384601481964
2020_17_DAL_NYG_spread,2020_17_DAL_NYG,spread,-110.0,0.5129224652087475,-0.020784384601481964
2020_17_DAL_NYG_spread,2020_17_DAL_NYG,spread,-110.0,0.5129224652087475,-0.020784384601481964
2020_17_DAL_NYG_spread,2020_17_DAL_NYG,spread,-110.0,0.5129224652087475,-0.020784384601481964
2020_17_GB_CHI_spread,2020_17_GB_CHI,spread,-110.0,0.5129224652087475,-0.020784384601481964
2020_17_GB_CHI_spread,2020_17_GB_CHI,spread,-110.0,0.5129224652087475,-0.020784384601481964
2020_17_GB_CHI_spread,2020_17_GB_CHI,spread,-110.0,0.5129224652087475,-0.020784384601481964
2020_17_GB_CHI_spread,2020_17_GB_CHI,spread,-110.0,0.5129224652087475,-0.020784384601481964
2020_17_LAC_KC_spread,2020_17_LAC_KC,spread,-110.0,0.5253164556962026,0.0028768699654776464
2020_18_BAL_TEN_spread,2020_18_BAL_TEN,spread,-110.0,0.5275779376498799,0.00719424460431628
2020_18_CHI_NO_spread,2020_18_CHI_NO,spread,-110.0,0.5275779376498799,0.00719424460431628
2020_18_CHI_NO_spread,2020_18_CHI_NO,spread,-110.0,0.5275779376498799,0.00719424460431628
2020_18_CHI_NO_spread,2020_18_CHI_NO,spread,-110.0,0.5275779376498799,0.00719424460431628
2020_18_CHI_NO_spread,2020_18_CHI_NO,spread,-110.0,0.5275779376498799,0.00719424460431628
2020_18_CLE_PIT_spread,2020_18_CLE_PIT,spread,-110.0,0.5275779376498799,0.00719424460431628
2020_18_CLE_PIT_spread,2020_18_CLE_PIT,spread,-110.0,0.5129224652087475,-0.020784384601481964
2020_18_CLE_PIT_spread,2020_18_CLE_PIT,spread,-110.0,0.5275779376498799,0.00719424460431628
2020_18_CLE_PIT_spread,2020_18_CLE_PIT,spread,-110.0,0.5129224652087475,-0.020784384601481964
2020_18_LA_SEA_spread,2020_18_LA_SEA,spread,-110.0,0.5129224652087475,-0.020784384601481964
2020_18_LA_SEA_spread,2020_18_LA_SEA,spread,-110.0,0.5129224652087475,-0.020784384601481964
2020_18_LA_SEA_spread,2020_18_LA_SEA,spread,-110.0,0.5129224652087475,-0.020784384601481964
2020_18_LA_SEA_spread,2020_18_LA_SEA,spread,-110.0,0.5129224652087475,-0.020784384601481964
2020_18_TB_WAS_spread,2020_18_TB_WAS,spread,-110.0,0.5492393315276091,0.04854781473452646
2020_18_TB_WAS_spread,2020_18_TB_WAS,spread,-110.0,0.5492393315276091,0.04854781473452646
2020_18_TB_WAS_spread,2020_18_TB_WAS,spread,-110.0,0.5492393315276091,0.04854781473452646
2020_18_TB_WAS_spread,2020_18_TB_WAS,spread,-110.0,0.5492393315276091,0.04854781473452646
2020_19_BAL_BUF_spread,2020_19_BAL_BUF,spread,-110.0,0.5129224652087475,-0.020784384601481964
2020_19_BAL_BUF_spread,2020_19_BAL_BUF,spread,-110.0,0.5129224652087475,-0.020784384601481964
2020_19_BAL_BUF_spread,2020_19_BAL_BUF,spread,-110.0,0.5129224652087475,-0.020784384601481964
2020_19_BAL_BUF_spread,2020_19_BAL_BUF,spread,-110.0,0.5129224652087475,-0.020784384601481964
2020_19_BAL_BUF_spread,2020_19_BAL_BUF,spread,-110.0,0.5129224652087475,-0.020784384601481964
2020_19_BAL_BUF_spread,2020_19_BAL_BUF,spread,-110.0,0.5129224652087475,-0.020784384601481964
2020_19_BAL_BUF_spread,2020_19_BAL_BUF,spread,-110.0,0.5129224652087475,-0.020784384601481964
2020_19_BAL_BUF_spread,2020_19_BAL_BUF,spread,-110.0,0.5129224652087475,-0.020784384601481964
2020_19_BAL_BUF_spread,2020_19_BAL_BUF,spread,-110.0,0.5129224652087475,-0.020784384601481964
2020_19_BAL_BUF_spread,2020_19_BAL_BUF,spread,-110.0,0.5129224652087475,-0.020784384601481964
2020_19_BAL_BUF_spread,2020_19_BAL_BUF,spread,-110.0,0.5129224652087475,-0.020784384601481964
2020_19_BAL_BUF_spread,2020_19_BAL_BUF,spread,-110.0,0.5129224652087475,-0.020784384601481964
2020_19_BAL_BUF_spread,2020_19_BAL_BUF,spread,-110.0,0.5129224652087475,-0.020784384601481964
2020_19_BAL_BUF_spread,2020_19_BAL_BUF,spread,-110.0,0.5129224652087475,-0.020784384601481964
2020_19_BAL_BUF_spread,2020_19_BAL_BUF,spread,-110.0,0.5129224652087475,-0.020784384601481964
2020_19_BAL_BUF_spread,2020_19_BAL_BUF,spread,-110.0,0.5129224652087475,-0.020784384601481964
2020_19_CLE_KC_spread,2020_19_CLE_KC,spread,-110.0,0.5257047294478066,0.0036181198549034566
2020_19_CLE_KC_spread,2020_19_CLE_KC,spread,-110.0,0.5257047294478066,0.0036181198549034566
2020_19_CLE_KC_spread,2020_19_CLE_KC,spread,-110.0,0.5257047294478066,0.0036181198549034566
2020_19_CLE_KC_spread,2020_19_CLE_KC,spread,-110.0,0.5257047294478066,0.0036181198549034566
2020_19_LA_GB_spread,2020_19_LA_GB,spread,-110.0,0.5253164556962026,0.0028768699654776464
2020_19_TB_NO_spread,2020_19_TB_NO,spread,-110.0,0.5129224652087475,-0.020784384601481964
2020_19_TB_NO_spread,2020_19_TB_NO,spread,-110.0,0.5129224652087475,-0.020784384601481964
2020_19_TB_NO_spread,2020_19_TB_NO,spread,-110.0,0.5129224652087475,-0.020784384601481964
2020_19_TB_NO_spread,2020_19_TB_NO,spread,-110.0,0.5129224652087475,-0.020784384601481964
2020_20_BUF_KC_spread,2020_20_BUF_KC,spread,-110.0,0.5129224652087475,-0.020784384601481964
2020_20_BUF_KC_spread,2020_20_BUF_KC,spread,-110.0,0.5129224652087475,-0.020784384601481964
2020_20_BUF_KC_spread,2020_20_BUF_KC,spread,-110.0,0.5129224652087475,-0.020784384601481964
2020_20_BUF_KC_spread,2020_20_BUF_KC,spread,-110.0,0.5129224652087475,-0.020784384601481964
2020_21_KC_TB_spread,2020_21_KC_TB,spread,-110.0,0.5153221740541447,-0.016203122260269154
2020_21_KC_TB_spread,2020_21_KC_TB,spread,-110.0,0.5153221740541447,-0.016203122260269154
2020_21_KC_TB_spread,2020_21_KC_TB,spread,-110.0,0.5153221740541447,-0.016203122260269154
2020_21_KC_TB_spread,2020_21_KC_TB,spread,-110.0,0.5153221740541447,-0.016203122260269154
2020_21_KC_TB_spread,2020_21_KC_TB,spread,-110.0,0.5153221740541447,-0.016203122260269154
2020_21_KC_TB_spread,2020_21_KC_TB,spread,-110.0,0.5153221740541447,-0.016203122260269154
2020_21_KC_TB_spread,2020_21_KC_TB,spread,-110.0,0.5153221740541447,-0.016203122260269154
2020_21_KC_TB_spread,2020_21_KC_TB,spread,-110.0,0.5153221740541447,-0.016203122260269154
2020_21_KC_TB_spread,2020_21_KC_TB,spread,-110.0,0.5153221740541447,-0.016203122260269154
2020_21_KC_TB_spread,2020_21_KC_TB,spread,-110.0,0.5153221740541447,-0.016203122260269154
2020_21_KC_TB_spread,2020_21_KC_TB,spread,-110.0,0.5153221740541447,-0.016203122260269154
2020_21_KC_TB_spread,2020_21_KC_TB,spread,-110.0,0.5153221740541447,-0.016203122260269154
2020_21_KC_TB_spread,2020_21_KC_TB,spread,-110.0,0.5153221740541447,-0.016203122260269154
2020_21_KC_TB_spread,2020_21_KC_TB,spread,-110.0,0.5153221740541447,-0.016203122260269154
2020_21_KC_TB_spread,2020_21_KC_TB,spread,-110.0,0.5153221740541447,-0.016203122260269154
2020_21_KC_TB_spread,2020_21_KC_TB,spread,-110.0,0.5153221740541447,-0.016203122260269154
2021_01_ARI_TEN_spread,2021_01_ARI_TEN,spread,-110.0,0.5129224652087475,-0.020784384601481964
2021_01_ARI_TEN_spread,2021_01_ARI_TEN,spread,-110.0,0.5129224652087475,-0.020784384601481964
2021_01_ARI_TEN_spread,2021_01_ARI_TEN,spread,-110.0,0.5129224652087475,-0.020784384601481964
2021_01_ARI_TEN_spread,2021_01_ARI_TEN,spread,-110.0,0.5129224652087475,-0.020784384601481964
2021_01_BAL_LV_spread,2021_01_BAL_LV,spread,-110.0,0.5129224652087475,-0.020784384601481964
2021_01_BAL_LV_spread,2021_01_BAL_LV,spread,-110.0,0.5129224652087475,-0.020784384601481964
2021_01_BAL_LV_spread,2021_01_BAL_LV,spread,-110.0,0.5129224652087475,-0.020784384601481964
2021_01_BAL_LV_spread,2021_01_BAL_LV,spread,-110.0,0.5129224652087475,-0.020784384601481964
2021_01_CHI_LA_spread,2021_01_CHI_LA,spread,-110.0,0.5275779376498799,0.00719424460431628
2021_01_JAX_HOU_spread,2021_01_JAX_HOU,spread,-110.0,0.5129224652087475,-0.020784384601481964
2021_01_JAX_HOU_spread,2021_01_JAX_HOU,spread,-110.0,0.5129224652087475,-0.020784384601481964
2021_01_JAX_HOU_spread,2021_01_JAX_HOU,spread,-110.0,0.5129224652087475,-0.020784384601481964
2021_01_JAX_HOU_spread,2021_01_JAX_HOU,spread,-110.0,0.5129224652087475,-0.020784384601481964
2021_01_PIT_BUF_spread,2021_01_PIT_BUF,spread,-110.0,0.5275779376498799,0.00719424460431628
2021_01_PIT_BUF_spread,2021_01_PIT_BUF,spread,-110.0,0.521673956540137,-0.004076992059738327
2021_01_PIT_BUF_spread,2021_01_PIT_BUF,spread,-110.0,0.5275779376498799,0.00719424460431628
2021_01_PIT_BUF_spread,2021_01_PIT_BUF,spread,-110.0,0.521673956540137,-0.004076992059738327
2021_02_ATL_TB_spread,2021_02_ATL_TB,spread,-110.0,0.5275779376498799,0.00719424460431628
2021_02_ATL_TB_spread,2021_02_ATL_TB,spread,-110.0,0.5275779376498799,0.00719424460431628
2021_02_ATL_TB_spread,2021_02_ATL_TB,spread,-110.0,0.5275779376498799,0.00719424460431628
2021_02_ATL_TB_spread,2021_02_ATL_TB,spread,-110.0,0.5275779376498799,0.00719424460431628
2021_02_BUF_MIA_spread,2021_02_BUF_MIA,spread,-110.0,0.5129224652087475,-0.020784384601481964
2021_02_KC_BAL_spread,2021_02_KC_BAL,spread,-110.0,0.5129224652087475,-0.020784384601481964
2021_02_KC_BAL_spread,2021_02_KC_BAL,spread,-110.0,0.5129224652087475,-0.020784384601481964
2021_02_KC_BAL_spread,2021_02_KC_BAL,spread,-110.0,0.5129224652087475,-0.020784384601481964
2021_02_KC_BAL_spread,2021_02_KC_BAL,spread,-110.0,0.5129224652087475,-0.020784384601481964
2021_02_NE_NYJ_spread,2021_02_NE_NYJ,spread,-110.0,0.5275779376498799,0.00719424460431628
2021_02_NE_NYJ_spread,2021_02_NE_NYJ,spread,-110.0,0.5275779376498799,0.00719424460431628
2021_02_NE_NYJ_spread,2021_02_NE_NYJ,spread,-110.0,0.5275779376498799,0.00719424460431628
2021_02_NE_NYJ_spread,2021_02_NE_NYJ,spread,-110.0,0.5275779376498799,0.00719424460431628
2021_02_NYG_WAS_spread,2021_02_NYG_WAS,spread,-110.0,0.5275779376498799,0.00719424460431628
2021_02_NYG_WAS_spread,2021_02_NYG_WAS,spread,-110.0,0.5129224652087475,-0.020784384601481964
2021_02_NYG_WAS_spread,2021_02_NYG_WAS,spread,-110.0,0.5275779376498799,0.00719424460431628
2021_02_NYG_WAS_spread,2021_02_NYG_WAS,spread,-110.0,0.5129224652087475,-0.020784384601481964
2021_03_ATL_NYG_spread,2021_03_ATL_NYG,spread,-110.0,0.5129224652087475,-0.020784384601481964
2021_03_ATL_NYG_spread,2021_03_ATL_NYG,spread,-110.0,0.5129224652087475,-0.020784384601481964
2021_03_ATL_NYG_spread,2021_03_ATL_NYG,spread,-110.0,0.5129224652087475,-0.020784384601481964
2021_03_ATL_NYG_spread,2021_03_ATL_NYG,spread,-110.0,0.5129224652087475,-0.020784384601481964
2021_03_LAC_KC_spread,2021_03_LAC_KC,spread,-110.0,0.5275779376498799,0.00719424460431628
2021_03_LAC_KC_spread,2021_03_LAC_KC,spread,-110.0,0.5253164556962026,0.0028768699654776464
2021_03_LAC_KC_spread,2021_03_LAC_KC,spread,-110.0,0.5275779376498799,0.00719424460431628
2021_03_LAC_KC_spread,2021_03_LAC_KC,spread,-110.0,0.5253164556962026,0.0028768699654776464
2021_03_NO_NE_spread,2021_03_NO_NE,spread,-110.0,0.5129224652087475,-0.020784384601481964
2021_03_NO_NE_spread,2021_03_NO_NE,spread,-110.0,0.5129224652087475,-0.020784384601481964
2021_03_NO_NE_spread,2021_03_NO_NE,spread,-110.0,0.5129224652087475,-0.020784384601481964
2021_03_NO_NE_spread,2021_03_NO_NE,spread,-110.0,0.5129224652087475,-0.020784384601481964
2021_03_TB_LA_spread,2021_03_TB_LA,spread,-110.0,0.5129224652087475,-0.020784384601481964
2021_03_TB_LA_spread,2021_03_TB_LA,spread,-110.0,0.5129224652087475,-0.020784384601481964
2021_03_TB_LA_spread,2021_03_TB_LA,spread,-110.0,0.5129224652087475,-0.020784384601481964
2021_03_TB_LA_spread,2021_03_TB_LA,spread,-110.0,0.5129224652087475,-0.020784384601481964
2021_03_WAS_BUF_spread,2021_03_WAS_BUF,spread,-110.0,0.5274325046168545,0.006916599723085948
2021_04_ARI_LA_spread,2021_04_ARI_LA,spread,-110.0,0.524860317616143,0.002006060903545881
2021_04_ARI_LA_spread,2021_04_ARI_LA,spread,-110.0,0.5129224652087475,-0.020784384601481964
2021_04_ARI_LA_spread,2021_04_ARI_LA,spread,-110.0,0.524860317616143,0.002006060903545881
2021_04_ARI_LA_spread,2021_04_ARI_LA,spread,-110.0,0.5129224652087475,-0.020784384601481964
2021_04_BAL_DEN_spread,2021_04_BAL_DEN,spread,-110.0,0.5129224652087475,-0.020784384601481964
2021_04_BAL_DEN_spread,2021_04_BAL_DEN,spread,-110.0,0.5129224652087475,-0.020784384601481964
2021_04_BAL_DEN_spread,2021_04_BAL_DEN,spread,-110.0,0.5129224652087475,-0.020784384601481964
2021_04_BAL_DEN_spread,2021_04_BAL_DEN,spread,-110.0,0.5129224652087475,-0.020784384601481964
2021_04_CAR_DAL_spread,2021_04_CAR_DAL,spread,-110.0,0.5275779376498799,0.00719424460431628
2021_04_CAR_DAL_spread,2021_04_CAR_DAL,spread,-110.0,0.5129224652087475,-0.020784384601481964
2021_04_CAR_DAL_spread,2021_04_CAR_DAL,spread,-110.0,0.5275779376498799,0.00719424460431628
2021_04_CAR_DAL_spread,2021_04_CAR_DAL,spread,-110.0,0.5129224652087475,-0.020784384601481964
2021_04_KC_PHI_spread,2021_04_KC_PHI,spread,-110.0,0.5341131586452464,0.01967057559547053
2021_04_KC_PHI_spread,2021_04_KC_PHI,spread,-110.0,0.5341131586452464,0.01967057559547053
2021_04_KC_PHI_spread,2021_04_KC_PHI,spread,-110.0,0.5341131586452464,0.01967057559547053
2021_04_KC_PHI_spread,2021_04_KC_PHI,spread,-110.0,0.5341131586452464,0.01967057559547053
2021_04_NYG_NO_spread,2021_04_NYG_NO,spread,-110.0,0.5275779376498799,0.00719424460431628
2021_05_BUF_KC_spread,2021_05_BUF_KC,spread,-110.0,0.5129224652087475,-0.020784384601481964
2021_05_BUF_KC_spread,2021_05_BUF_KC,spread,-110.0,0.5129224652087475,-0.020784384601481964
2021_05_BUF_KC_spread,2021_05_BUF_KC,spread,-110.0,0.5129224652087475,-0.020784384601481964
2021_05_BUF_KC_spread,2021_05_BUF_KC,spread,-110.0,0.5129224652087475,-0.020784384601481964
2021_05_CLE_LAC_spread,2021_05_CLE_LAC,spread,-110.0,0.5129224652087475,-0.020784384601481964
2021_05_CLE_LAC_spread,2021_05_CLE_LAC,spread,-110.0,0.5129224652087475,-0.020784384601481964
2021_05_CLE_LAC_spread,2021_05_CLE_LAC,spread,-110.0,0.5129224652087475,-0.020784384601481964
2021_05_CLE_LAC_spread,2021_05_CLE_LAC,spread,-110.0,0.5129224652087475,-0.020784384601481964
2021_05_IND_BAL_spread,2021_05_IND_BAL,spread,-110.0,0.5275779376498799,0.00719424460431628
2021_05_IND_BAL_spread,2021_05_IND_BAL,spread,-110.0,0.5275779376498799,0.00719424460431628
2021_05_IND_BAL_spread,2021_05_IND_BAL,spread,-110.0,0.5275779376498799,0.00719424460431628
2021_05_IND_BAL_spread,2021_05_IND_BAL,spread,-110.0,0.5275779376498799,0.00719424460431628
2021_05_LA_SEA_spread,2021_05_LA_SEA,spread,-110.0,0.5129224652087475,-0.020784384601481964
2021_05_LA_SEA_spread,2021_05_LA_SEA,spread,-110.0,0.5129224652087475,-0.020784384601481964
2021_05_LA_SEA_spread,2021_05_LA_SEA,spread,-110.0,0.5129224652087475,-0.020784384601481964
2021_05_LA_SEA_spread,2021_05_LA_SEA,spread,-110.0,0.5129224652087475,-0.020784384601481964
2021_05_NYG_DAL_spread,2021_05_NYG_DAL,spread,-110.0,0.5275779376498799,0.00719424460431628
2021_06_ARI_CLE_spread,2021_06_ARI_CLE,spread,-110.0,0.5129224652087475,-0.020784384601481964
2021_06_BUF_TEN_spread,2021_06_BUF_TEN,spread,-110.0,0.5275779376498799,0.00719424460431628
2021_06_BUF_TEN_spread,2021_06_BUF_TEN,spread,-110.0,0.5275779376498799,0.00719424460431628
2021_06_BUF_TEN_spread,2021_06_BUF_TEN,spread,-110.0,0.5275779376498799,0.00719424460431628
2021_06_BUF_TEN_spread,2021_06_BUF_TEN,spread,-110.0,0.5275779376498799,0.00719424460431628
2021_06_DAL_NE_spread,2021_06_DAL_NE,spread,-110.0,0.5275779376498799,0.00719424460431628
2021_06_DAL_NE_spread,2021_06_DAL_NE,spread,-110.0,0.5275779376498799,0.00719424460431628
2021_06_DAL_NE_spread,2021_06_DAL_NE,spread,-110.0,0.5275779376498799,0.00719424460431628
2021_06_DAL_NE_spread,2021_06_DAL_NE,spread,-110.0,0.5275779376498799,0.00719424460431628
2021_06_GB_CHI_spread,2021_06_GB_CHI,spread,-110.0,0.5129224652087475,-0.020784384601481964
2021_06_GB_CHI_spread,2021_06_GB_CHI,spread,-110.0,0.5129224652087475,-0.020784384601481964
2021_06_GB_CHI_spread,2021_06_GB_CHI,spread,-110.0,0.5129224652087475,-0.020784384601481964
2021_06_GB_CHI_spread,2021_06_GB_CHI,spread,-110.0,0.5129224652087475,-0.020784384601481964
2021_06_LAC_BAL_spread,2021_06_LAC_BAL,spread,-110.0,0.5129224652087475,-0.020784384601481964
2021_06_LAC_BAL_spread,2021_06_LAC_BAL,spread,-110.0,0.5129224652087475,-0.020784384601481964
2021_06_LAC_BAL_spread,2021_06_LAC_BAL,spread,-110.0,0.5129224652087475,-0.020784384601481964
2021_06_LAC_BAL_spread,2021_06_LAC_BAL,spread,-110.0,0.5129224652087475,-0.020784384601481964
2021_07_CAR_NYG_spread,2021_07_CAR_NYG,spread,-110.0,0.5253164556962026,0.0028768699654776464
2021_07_CAR_NYG_spread,2021_07_CAR_NYG,spread,-110.0,0.5253164556962026,0.0028768699654776464
2021_07_CAR_NYG_spread,2021_07_CAR_NYG,spread,-110.0,0.5129224652087475,-0.020784384601481964
2021_07_CAR_NYG_spread,2021_07_CAR_NYG,spread,-110.0,0.5129224652087475,-0.020784384601481964
2021_07_CAR_NYG_spread,2021_07_CAR_NYG,spread,-110.0,0.5253164556962026,0.0028768699654776464
2021_07_CAR_NYG_spread,2021_07_CAR_NYG,spread,-110.0,0.5253164556962026,0.0028768699654776464
2021_07_CAR_NYG_spread,2021_07_CAR_NYG,spread,-110.0,0.5129224652087475,-0.020784384601481964
2021_07_CAR_NYG_spread,2021_07_CAR_NYG,spread,-110.0,0.5129224652087475,-0.020784384601481964
2021_07_CAR_NYG_spread,2021_07_CAR_NYG,spread,-110.0,0.5253164556962026,0.0028768699654776464
2021_07_CAR_NYG_spread,2021_07_CAR_NYG,spread,-110.0,0.5253164556962026,0.0028768699654776464
2021_07_CAR_NYG_spread,2021_07_CAR_NYG,spread,-110.0,0.5129224652087475,-0.020784384601481964
2021_07_CAR_NYG_spread,2021_07_CAR_NYG,spread,-110.0,0.5129224652087475,-0.020784384601481964
2021_07_CAR_NYG_spread,2021_07_CAR_NYG,spread,-110.0,0.5253164556962026,0.0028768699654776464
2021_07_CAR_NYG_spread,2021_07_CAR_NYG,spread,-110.0,0.5253164556962026,0.0028768699654776464
2021_07_CAR_NYG_spread,2021_07_CAR_NYG,spread,-110.0,0.5129224652087475,-0.020784384601481964
2021_07_CAR_NYG_spread,2021_07_CAR_NYG,spread,-110.0,0.5129224652087475,-0.020784384601481964
2021_07_CHI_TB_spread,2021_07_CHI_TB,spread,-110.0,0.5275779376498799,0.00719424460431628
2021_07_CIN_BAL_spread,2021_07_CIN_BAL,spread,-110.0,0.5275779376498799,0.00719424460431628
2021_07_CIN_BAL_spread,2021_07_CIN_BAL,spread,-110.0,0.5253164556962026,0.0028768699654776464
2021_07_CIN_BAL_spread,2021_07_CIN_BAL,spread,-110.0,0.5275779376498799,0.00719424460431628
2021_07_CIN_BAL_spread,2021_07_CIN_BAL,spread,-110.0,0.5253164556962026,0.0028768699654776464
2021_07_NYJ_NE_spread,2021_07_NYJ_NE,spread,-110.0,0.5275779376498799,0.00719424460431628
2021_07_NYJ_NE_spread,2021_07_NYJ_NE,spread,-110.0,0.5259861866051344,0.00415544715525662
2021_07_NYJ_NE_spread,2021_07_NYJ_NE,spread,-110.0,0.5275779376498799,0.00719424460431628
2021_07_NYJ_NE_spread,2021_07_NYJ_NE,spread,-110.0,0.5259861866051344,0.00415544715525662
2021_08_CAR_ATL_spread,2021_08_CAR_ATL,spread,-110.0,0.5129224652087475,-0.020784384601481964
2021_08_CAR_ATL_spread,2021_08_CAR_ATL,spread,-110.0,0.5129224652087475,-0.020784384601481964
2021_08_CAR_ATL_spread,2021_08_CAR_ATL,spread,-110.0,0.5129224652087475,-0.020784384601481964
2021_08_CAR_ATL_spread,2021_08_CAR_ATL,spread,-110.0,0.5129224652087475,-0.020784384601481964
2021_08_CIN_NYJ_spread,2021_08_CIN_NYJ,spread,-110.0,0.56,0.0690909090909092
2021_08_CIN_NYJ_spread,2021_08_CIN_NYJ,spread,-110.0,0.56,0.0690909090909092
2021_08_CIN_NYJ_spread,2021_08_CIN_NYJ,spread,-110.0,0.56,0.0690909090909092
2021_08_CIN_NYJ_spread,2021_08_CIN_NYJ,spread,-110.0,0.56,0.0690909090909092
2021_08_GB_ARI_spread,2021_08_GB_ARI,spread,-110.0,0.5275779376498799,0.00719424460431628
2021_08_GB_ARI_spread,2021_08_GB_ARI,spread,-110.0,0.5253164556962026,0.0028768699654776464
2021_08_GB_ARI_spread,2021_08_GB_ARI,spread,-110.0,0.5275779376498799,0.00719424460431628
2021_08_GB_ARI_spread,2021_08_GB_ARI,spread,-110.0,0.5253164556962026,0.0028768699654776464
2021_08_MIA_BUF_spread,2021_08_MIA_BUF,spread,-110.0,0.5275779376498799,0.00719424460431628
2021_08_MIA_BUF_spread,2021_08_MIA_BUF,spread,-110.0,0.5275779376498799,0.00719424460431628
2021_08_MIA_BUF_spread,2021_08_MIA_BUF,spread,-110.0,0.5275779376498799,0.00719424460431628
2021_08_MIA_BUF_spread,2021_08_MIA_BUF,spread,-110.0,0.5275779376498799,0.00719424460431628
2021_08_NE_LAC_spread,2021_08_NE_LAC,spread,-110.0,0.5129224652087475,-0.020784384601481964
2021_09_ARI_SF_spread,2021_09_ARI_SF,spread,-110.0,0.5129224652087475,-0.020784384601481964
2021_09_CLE_CIN_spread,2021_09_CLE_CIN,spread,-110.0,0.5129224652087475,-0.020784384601481964
2021_09_CLE_CIN_spread,2021_09_CLE_CIN,spread,-110.0,0.5129224652087475,-0.020784384601481964
2021_09_CLE_CIN_spread,2021_09_CLE_CIN,spread,-110.0,0.5129224652087475,-0.020784384601481964
2021_09_CLE_CIN_spread,2021_09_CLE_CIN,spread,-110.0,0.5129224652087475,-0.020784384601481964
2021_09_DEN_DAL_spread,2021_09_DEN_DAL,spread,-110.0,0.5275779376498799,0.00719424460431628
2021_09_DEN_DAL_spread,2021_09_DEN_DAL,spread,-110.0,0.5275779376498799,0.00719424460431628
2021_09_DEN_DAL_spread,2021_09_DEN_DAL,spread,-110.0,0.5275779376498799,0.00719424460431628
2021_09_DEN_DAL_spread,2021_09_DEN_DAL,spread,-110.0,0.5275779376498799,0.00719424460431628
2021_09_NE_CAR_spread,2021_09_NE_CAR,spread,-110.0,0.5129224652087475,-0.020784384601481964
2021_09_NE_CAR_spread,2021_09_NE_CAR,spread,-110.0,0.5129224652087475,-0.020784384601481964
2021_09_NE_CAR_spread,2021_09_NE_CAR,spread,-110.0,0.5129224652087475,-0.020784384601481964
2021_09_NE_CAR_spread,2021_09_NE_CAR,spread,-110.0,0.5129224652087475,-0.020784384601481964
2021_09_NYJ_IND_spread,2021_09_NYJ_IND,spread,-110.0,0.5275779376498799,0.00719424460431628
2021_09_NYJ_IND_spread,2021_09_NYJ_IND,spread,-110.0,0.5275779376498799,0.00719424460431628
2021_09_NYJ_IND_spread,2021_09_NYJ_IND,spread,-110.0,0.5275779376498799,0.00719424460431628
2021_09_NYJ_IND_spread,2021_09_NYJ_IND,spread,-110.0,0.5275779376498799,0.00719424460431628
2021_10_BAL_MIA_spread,2021_10_BAL_MIA,spread,-110.0,0.56,0.0690909090909092
2021_10_BUF_NYJ_spread,2021_10_BUF_NYJ,spread,-110.0,0.56,0.0690909090909092
2021_10_BUF_NYJ_spread,2021_10_BUF_NYJ,spread,-110.0,0.56,0.0690909090909092
2021_10_BUF_NYJ_spread,2021_10_BUF_NYJ,spread,-110.0,0.56,0.0690909090909092
2021_10_BUF_NYJ_spread,2021_10_BUF_NYJ,spread,-110.0,0.56,0.0690909090909092
2021_10_CLE_NE_spread,2021_10_CLE_NE,spread,-110.0,0.5129224652087475,-0.020784384601481964
2021_10_CLE_NE_spread,2021_10_CLE_NE,spread,-110.0,0.5129224652087475,-0.020784384601481964
2021_10_CLE_NE_spread,2021_10_CLE_NE,spread,-110.0,0.5129224652087475,-0.020784384601481964
2021_10_CLE_NE_spread,2021_10_CLE_NE,spread,-110.0,0.5129224652087475,-0.020784384601481964
2021_10_JAX_IND_spread,2021_10_JAX_IND,spread,-110.0,0.5275779376498799,0.00719424460431628
2021_10_JAX_IND_spread,2021_10_JAX_IND,spread,-110.0,0.5275779376498799,0.00719424460431628
2021_10_JAX_IND_spread,2021_10_JAX_IND,spread,-110.0,0.5275779376498799,0.00719424460431628
2021_10_JAX_IND_spread,2021_10_JAX_IND,spread,-110.0,0.5275779376498799,0.00719424460431628
2021_10_PHI_DEN_spread,2021_10_PHI_DEN,spread,-110.0,0.5129224652087475,-0.020784384601481964
2021_10_PHI_DEN_spread,2021_10_PHI_DEN,spread,-110.0,0.5129224652087475,-0.020784384601481964
2021_10_PHI_DEN_spread,2021_10_PHI_DEN,spread,-110.0,0.5129224652087475,-0.020784384601481964
2021_10_PHI_DEN_spread,2021_10_PHI_DEN,spread,-110.0,0.5129224652087475,-0.020784384601481964
2021_11_ARI_SEA_spread,2021_11_ARI_SEA,spread,-110.0,0.5129224652087475,-0.020784384601481964
2021_11_ARI_SEA_spread,2021_11_ARI_SEA,spread,-110.0,0.5129224652087475,-0.020784384601481964
2021_11_ARI_SEA_spread,2021_11_ARI_SEA,spread,-110.0,0.5129224652087475,-0.020784384601481964
2021_11_ARI_SEA_spread,2021_11_ARI_SEA,spread,-110.0,0.5129224652087475,-0.020784384601481964
2021_11_ARI_SEA_spread,2021_11_ARI_SEA,spread,-110.0,0.5129224652087475,-0.020784384601481964
2021_11_ARI_SEA_spread,2021_11_ARI_SEA,spread,-110.0,0.5129224652087475,-0.020784384601481964
2021_11_ARI_SEA_spread,2021_11_ARI_SEA,spread,-110.0,0.5129224652087475,-0.020784384601481964
2021_11_ARI_SEA_spread,2021_11_ARI_SEA,spread,-110.0,0.5129224652087475,-0.020784384601481964
2021_11_ARI_SEA_spread,2021_11_ARI_SEA,spread,-110.0,0.5129224652087475,-0.020784384601481964
2021_11_ARI_SEA_spread,2021_11_ARI_SEA,spread,-110.0,0.5129224652087475,-0.020784384601481964
2021_11_ARI_SEA_spread,2021_11_ARI_SEA,spread,-110.0,0.5129224652087475,-0.020784384601481964
2021_11_ARI_SEA_spread,2021_11_ARI_SEA,spread,-110.0,0.5129224652087475,-0.020784384601481964
2021_11_ARI_SEA_spread,2021_11_ARI_SEA,spread,-110.0,0.5129224652087475,-0.020784384601481964
2021_11_ARI_SEA_spread,2021_11_ARI_SEA,spread,-110.0,0.5129224652087475,-0.020784384601481964
2021_11_ARI_SEA_spread,2021_11_ARI_SEA,spread,-110.0,0.5129224652087475,-0.020784384601481964
2021_11_ARI_SEA_spread,2021_11_ARI_SEA,spread,-110.0,0.5129224652087475,-0.020784384601481964
2021_11_BAL_CHI_spread,2021_11_BAL_CHI,spread,-110.0,0.5129224652087475,-0.020784384601481964
2021_11_GB_MIN_spread,2021_11_GB_MIN,spread,-110.0,0.5129224652087475,-0.020784384601481964
2021_11_GB_MIN_spread,2021_11_GB_MIN,spread,-110.0,0.5129224652087475,-0.020784384601481964
2021_11_GB_MIN_spread,2021_11_GB_MIN,spread,-110.0,0.5129224652087475,-0.020784384601481964
2021_11_GB_MIN_spread,2021_11_GB_MIN,spread,-110.0,0.5129224652087475,-0.020784384601481964
2021_11_HOU_TEN_spread,2021_11_HOU_TEN,spread,-110.0,0.5275779376498799,0.00719424460431628
2021_11_HOU_TEN_spread,2021_11_HOU_TEN,spread,-110.0,0.5275779376498799,0.00719424460431628
2021_11_HOU_TEN_spread,2021_11_HOU_TEN,spread,-110.0,0.5275779376498799,0.00719424460431628
2021_11_HOU_TEN_spread,2021_11_HOU_TEN,spread,-110.0,0.5275779376498799,0.00719424460431628
2021_12_CHI_DET_spread,2021_12_CHI_DET,spread,-110.0,0.5129224652087475,-0.020784384601481964
2021_12_CHI_DET_spread,2021_12_CHI_DET,spread,-110.0,0.5129224652087475,-0.020784384601481964
2021_12_CHI_DET_spread,2021_12_CHI_DET,spread,-110.0,0.5129224652087475,-0.020784384601481964
2021_12_CHI_DET_spread,2021_12_CHI_DET,spread,-110.0,0.5129224652087475,-0.020784384601481964
2021_12_CLE_BAL_spread,2021_12_CLE_BAL,spread,-110.0,0.5129224652087475,-0.020784384601481964
2021_12_CLE_BAL_spread,2021_12_CLE_BAL,spread,-110.0,0.5129224652087475,-0.020784384601481964
2021_12_CLE_BAL_spread,2021_12_CLE_BAL,spread,-110.0,0.5129224652087475,-0.020784384601481964
2021_12_CLE_BAL_spread,2021_12_CLE_BAL,spread,-110.0,0.5129224652087475,-0.020784384601481964
2021_12_LAC_DEN_spread,2021_12_LAC_DEN,spread,-110.0,0.5129224652087475,-0.020784384601481964
2021_12_LAC_DEN_spread,2021_12_LAC_DEN,spread,-110.0,0.5129224652087475,-0.020784384601481964
2021_12_LAC_DEN_spread,2021_12_LAC_DEN,spread,-110.0,0.5129224652087475,-0.020784384601481964
2021_12_LAC_DEN_spread,2021_12_LAC_DEN,spread,-110.0,0.5129224652087475,-0.020784384601481964
2021_12_LV_DAL_spread,2021_12_LV_DAL,spread,-110.0,0.5275779376498799,0.00719424460431628
2021_12_LV_DAL_spread,2021_12_LV_DAL,spread,-110.0,0.5259898549716875,0.004162450400494344
2021_12_LV_DAL_spread,2021_12_LV_DAL,spread,-110.0,0.5275779376498799,0.00719424460431628
2021_12_LV_DAL_spread,2021_12_LV_DAL,spread,-110.0,0.5259898549716875,0.004162450400494344
2021_12_MIN_SF_spread,2021_12_MIN_SF,spread,-110.0,0.5228785046153852,-0.0017774002797191213
2021_13_ARI_CHI_spread,2021_13_ARI_CHI,spread,-110.0,0.5357967357877261,0.022884677412931764
2021_13_ARI_CHI_spread,2021_13_ARI_CHI,spread,-110.0,0.5357967357877261,0.022884677412931764
2021_13_ARI_CHI_spread,2021_13_ARI_CHI,spread,-110.0,0.5357967357877261,0.022884677412931764
2021_13_ARI_CHI_spread,2021_13_ARI_CHI,spread,-110.0,0.5357967357877261,0.022884677412931764
2021_13_DEN_KC_spread,2021_13_DEN_KC,spread,-110.0,0.5275779376498799,0.00719424460431628
2021_13_DEN_KC_spread,2021_13_DEN_KC,spread,-110.0,0.5275779376498799,0.00719424460431628
2021_13_DEN_KC_spread,2021_13_DEN_KC,spread,-110.0,0.5275779376498799,0.00719424460431628
2021_13_DEN_KC_spread,2021_13_DEN_KC,spread,-110.0,0.5275779376498799,0.00719424460431628
2021_13_MIN_DET_spread,2021_13_MIN_DET,spread,-110.0,0.5260300389514206,0.004239165270894019
2021_13_MIN_DET_spread,2021_13_MIN_DET,spread,-110.0,0.5260300389514206,0.004239165270894019
2021_13_MIN_DET_spread,2021_13_MIN_DET,spread,-110.0,0.5260300389514206,0.004239165270894019
2021_13_MIN_DET_spread,2021_13_MIN_DET,spread,-110.0,0.5260300389514206,0.004239165270894019
2021_13_NE_BUF_spread,2021_13_NE_BUF,spread,-110.0,0.5129224652087475,-0.020784384601481964
2021_13_NE_BUF_spread,2021_13_NE_BUF,spread,-110.0,0.5129224652087475,-0.020784384601481964
2021_13_NE_BUF_spread,2021_13_NE_BUF,spread,-110.0,0.5129224652087475,-0.020784384601481964
2021_13_NE_BUF_spread,2021_13_NE_BUF,spread,-110.0,0.5129224652087475,-0.020784384601481964
2021_13_SF_SEA_spread,2021_13_SF_SEA,spread,-110.0,0.5129224652087475,-0.020784384601481964
2021_14_ATL_CAR_spread,2021_14_ATL_CAR,spread,-110.0,0.5129224652087475,-0.020784384601481964
2021_14_ATL_CAR_spread,2021_14_ATL_CAR,spread,-110.0,0.5129224652087475,-0.020784384601481964
2021_14_ATL_CAR_spread,2021_14_ATL_CAR,spread,-110.0,0.5129224652087475,-0.020784384601481964
2021_14_ATL_CAR_spread,2021_14_ATL_CAR,spread,-110.0,0.5129224652087475,-0.020784384601481964
2021_14_CHI_GB_spread,2021_14_CHI_GB,spread,-110.0,0.5275779376498799,0.00719424460431628
2021_14_CHI_GB_spread,2021_14_CHI_GB,spread,-110.0,0.5275779376498799,0.00719424460431628
2021_14_CHI_GB_spread,2021_14_CHI_GB,spread,-110.0,0.5275779376498799,0.00719424460431628
2021_14_CHI_GB_spread,2021_14_CHI_GB,spread,-110.0,0.5275779376498799,0.00719424460431628
2021_14_DAL_WAS_spread,2021_14_DAL_WAS,spread,-110.0,0.5275779376498799,0.00719424460431628
2021_14_DAL_WAS_spread,2021_14_DAL_WAS,spread,-110.0,0.5275779376498799,0.00719424460431628
2021_14_DAL_WAS_spread,2021_14_DAL_WAS,spread,-110.0,0.5275779376498799,0.00719424460431628
2021_14_DAL_WAS_spread,2021_14_DAL_WAS,spread,-110.0,0.5275779376498799,0.00719424460431628
2021_14_LV_KC_spread,2021_14_LV_KC,spread,-110.0,0.5275779376498799,0.00719424460431628
2021_14_LV_KC_spread,2021_14_LV_KC,spread,-110.0,0.5275779376498799,0.00719424460431628
2021_14_LV_KC_spread,2021_14_LV_KC,spread,-110.0,0.5275779376498799,0.00719424460431628
2021_14_LV_KC_spread,2021_14_LV_KC,spread,-110.0,0.5275779376498799,0.00719424460431628
2021_14_SEA_HOU_spread,2021_14_SEA_HOU,spread,-110.0,0.5275779376498799,0.00719424460431628
2021_15_ARI_DET_spread,2021_15_ARI_DET,spread,-110.0,0.56,0.0690909090909092
2021_15_ARI_DET_spread,2021_15_ARI_DET,spread,-110.0,0.56,0.0690909090909092
2021_15_ARI_DET_spread,2021_15_ARI_DET,spread,-110.0,0.56,0.0690909090909092
2021_15_ARI_DET_spread,2021_15_ARI_DET,spread,-110.0,0.56,0.0690909090909092
2021_15_DAL_NYG_spread,2021_15_DAL_NYG,spread,-110.0,0.56,0.0690909090909092
2021_15_DAL_NYG_spread,2021_15_DAL_NYG,spread,-110.0,0.56,0.0690909090909092
2021_15_DAL_NYG_spread,2021_15_DAL_NYG,spread,-110.0,0.56,0.0690909090909092
2021_15_DAL_NYG_spread,2021_15_DAL_NYG,spread,-110.0,0.56,0.0690909090909092
2021_15_GB_BAL_spread,2021_15_GB_BAL,spread,-110.0,0.5275779376498799,0.00719424460431628
2021_15_GB_BAL_spread,2021_15_GB_BAL,spread,-110.0,0.5275779376498799,0.00719424460431628
2021_15_GB_BAL_spread,2021_15_GB_BAL,spread,-110.0,0.5275779376498799,0.00719424460431628
2021_15_GB_BAL_spread,2021_15_GB_BAL,spread,-110.0,0.5275779376498799,0.00719424460431628
2021_15_HOU_JAX_spread,2021_15_HOU_JAX,spread,-110.0,0.5275779376498799,0.00719424460431628
2021_15_HOU_JAX_spread,2021_15_HOU_JAX,spread,-110.0,0.5176320400197677,-0.011793378144079825
2021_15_HOU_JAX_spread,2021_15_HOU_JAX,spread,-110.0,0.5275779376498799,0.00719424460431628
2021_15_HOU_JAX_spread,2021_15_HOU_JAX,spread,-110.0,0.5176320400197677,-0.011793378144079825
2021_15_KC_LAC_spread,2021_15_KC_LAC,spread,-110.0,0.5253164556962026,0.0028768699654776464
2021_16_BUF_NE_spread,2021_16_BUF_NE,spread,-110.0,0.5129224652087475,-0.020784384601481964
2021_16_BUF_NE_spread,2021_16_BUF_NE,spread,-110.0,0.5129224652087475,-0.020784384601481964
2021_16_BUF_NE_spread,2021_16_BUF_NE,spread,-110.0,0.5129224652087475,-0.020784384601481964
2021_16_BUF_NE_spread,2021_16_BUF_NE,spread,-110.0,0.5129224652087475,-0.020784384601481964
2021_16_CHI_SEA_spread,2021_16_CHI_SEA,spread,-110.0,0.5275779376498799,0.00719424460431628
2021_16_CHI_SEA_spread,2021_16_CHI_SEA,spread,-110.0,0.5259852695676299,0.00415369644729352
2021_16_CHI_SEA_spread,2021_16_CHI_SEA,spread,-110.0,0.5275779376498799,0.00719424460431628
2021_16_CHI_SEA_spread,2021_16_CHI_SEA,spread,-110.0,0.5259852695676299,0.00415369644729352
2021_16_CLE_GB_spread,2021_16_CLE_GB,spread,-110.0,0.5275779376498799,0.00719424460431628
2021_16_CLE_GB_spread,2021_16_CLE_GB,spread,-110.0,0.5275779376498799,0.00719424460431628
2021_16_CLE_GB_spread,2021_16_CLE_GB,spread,-110.0,0.5275779376498799,0.00719424460431628
2021_16_CLE_GB_spread,2021_16_CLE_GB,spread,-110.0,0.5275779376498799,0.00719424460431628
2021_16_DEN_LV_spread,2021_16_DEN_LV,spread,-110.0,0.5129224652087475,-0.020784384601481964
2021_16_DEN_LV_spread,2021_16_DEN_LV,spread,-110.0,0.5129224652087475,-0.020784384601481964
2021_16_DEN_LV_spread,2021_16_DEN_LV,spread,-110.0,0.5129224652087475,-0.020784384601481964
2021_16_DEN_LV_spread,2021_16_DEN_LV,spread,-110.0,0.5129224652087475,-0.020784384601481964
2021_16_DET_ATL_spread,2021_16_DET_ATL,spread,-110.0,0.5275779376498799,0.00719424460431628
2021_16_DET_ATL_spread,2021_16_DET_ATL,spread,-110.0,0.5275779376498799,0.00719424460431628
2021_16_DET_ATL_spread,2021_16_DET_ATL,spread,-110.0,0.5275779376498799,0.00719424460431628
2021_16_DET_ATL_spread,2021_16_DET_ATL,spread,-110.0,0.5275779376498799,0.00719424460431628
2021_17_ARI_DAL_spread,2021_17_ARI_DAL,spread,-110.0,0.5275779376498799,0.00719424460431628
2021_17_ARI_DAL_spread,2021_17_ARI_DAL,spread,-110.0,0.5253164556962026,0.0028768699654776464
2021_17_ARI_DAL_spread,2021_17_ARI_DAL,spread,-110.0,0.5275779376498799,0.00719424460431628
2021_17_ARI_DAL_spread,2021_17_ARI_DAL,spread,-110.0,0.5253164556962026,0.0028768699654776464
2021_17_ATL_BUF_spread,2021_17_ATL_BUF,spread,-110.0,0.5275779376498799,0.00719424460431628
2021_17_ATL_BUF_spread,2021_17_ATL_BUF,spread,-110.0,0.5275779376498799,0.00719424460431628
2021_17_ATL_BUF_spread,2021_17_ATL_BUF,spread,-110.0,0.5275779376498799,0.00719424460431628
2021_17_ATL_BUF_spread,2021_17_ATL_BUF,spread,-110.0,0.5275779376498799,0.00719424460431628
2021_17_CAR_NO_spread,2021_17_CAR_NO,spread,-110.0,0.5275779376498799,0.00719424460431628
2021_17_CAR_NO_spread,2021_17_CAR_NO,spread,-110.0,0.525983434928774,0.004150193954932158
2021_17_CAR_NO_spread,2021_17_CAR_NO,spread,-110.0,0.5275779376498799,0.00719424460431628
2021_17_CAR_NO_spread,2021_17_CAR_NO,spread,-110.0,0.525983434928774,0.004150193954932158
2021_17_CLE_PIT_spread,2021_17_CLE_PIT,spread,-110.0,0.5129224652087475,-0.020784384601481964
2021_17_CLE_PIT_spread,2021_17_CLE_PIT,spread,-110.0,0.5129224652087475,-0.020784384601481964
2021_17_CLE_PIT_spread,2021_17_CLE_PIT,spread,-110.0,0.5129224652087475,-0.020784384601481964
2021_17_CLE_PIT_spread,2021_17_CLE_PIT,spread,-110.0,0.5129224652087475,-0.020784384601481964
2021_17_DEN_LAC_spread,2021_17_DEN_LAC,spread,-110.0,0.5275779376498799,0.00719424460431628
2021_18_CIN_CLE_spread,2021_18_CIN_CLE,spread,-110.0,0.5275779376498799,0.00719424460431628
2021_18_CIN_CLE_spread,2021_18_CIN_CLE,spread,-110.0,0.5253164556962026,0.0028768699654776464
2021_18_CIN_CLE_spread,2021_18_CIN_CLE,spread,-110.0,0.5275779376498799,0.00719424460431628
2021_18_CIN_CLE_spread,2021_18_CIN_CLE,spread,-110.0,0.5253164556962026,0.0028768699654776464
2021_18_DAL_PHI_spread,2021_18_DAL_PHI,spread,-110.0,0.5275779376498799,0.00719424460431628
2021_18_DAL_PHI_spread,2021_18_DAL_PHI,spread,-110.0,0.5275779376498799,0.00719424460431628
2021_18_DAL_PHI_spread,2021_18_DAL_PHI,spread,-110.0,0.5275779376498799,0.00719424460431628
2021_18_DAL_PHI_spread,2021_18_DAL_PHI,spread,-110.0,0.5275779376498799,0.00719424460431628
2021_18_GB_DET_spread,2021_18_GB_DET,spread,-110.0,0.5129224652087475,-0.020784384601481964
2021_18_GB_DET_spread,2021_18_GB_DET,spread,-110.0,0.5129224652087475,-0.020784384601481964
2021_18_GB_DET_spread,2021_18_GB_DET,spread,-110.0,0.5129224652087475,-0.020784384601481964
2021_18_GB_DET_spread,2021_18_GB_DET,spread,-110.0,0.5129224652087475,-0.020784384601481964
2021_18_KC_DEN_spread,2021_18_KC_DEN,spread,-110.0,0.5275779376498799,0.00719424460431628
2021_18_KC_DEN_spread,2021_18_KC_DEN,spread,-110.0,0.5275779376498799,0.00719424460431628
2021_18_KC_DEN_spread,2021_18_KC_DEN,spread,-110.0,0.5275779376498799,0.00719424460431628
2021_18_KC_DEN_spread,2021_18_KC_DEN,spread,-110.0,0.5275779376498799,0.00719424460431628
2021_18_NE_MIA_spread,2021_18_NE_MIA,spread,-110.0,0.5178318480995585,-0.011411926355388236
2021_19_ARI_LA_spread,2021_19_ARI_LA,spread,-110.0,0.5272777559621118,0.006621170473122551
2021_19_LV_CIN_spread,2021_19_LV_CIN,spread,-110.0,0.5275779376498799,0.00719424460431628
2021_19_LV_CIN_spread,2021_19_LV_CIN,spread,-110.0,0.5176535061373213,-0.011752397374204748
2021_19_LV_CIN_spread,2021_19_LV_CIN,spread,-110.0,0.5275779376498799,0.00719424460431628
2021_19_LV_CIN_spread,2021_19_LV_CIN,spread,-110.0,0.5176535061373213,-0.011752397374204748
2021_19_NE_BUF_spread,2021_19_NE_BUF,spread,-110.0,0.5275779376498799,0.00719424460431628
2021_19_NE_BUF_spread,2021_19_NE_BUF,spread,-110.0,0.5129224652087475,-0.020784384601481964
2021_19_NE_BUF_spread,2021_19_NE_BUF,spread,-110.0,0.5275779376498799,0.00719424460431628
2021_19_NE_BUF_spread,2021_19_NE_BUF,spread,-110.0,0.5129224652087475,-0.020784384601481964
2021_19_PHI_TB_spread,2021_19_PHI_TB,spread,-110.0,0.5275779376498799,0.00719424460431628
2021_19_PHI_TB_spread,2021_19_PHI_TB,spread,-110.0,0.5275779376498799,0.00719424460431628
2021_19_PHI_TB_spread,2021_19_PHI_TB,spread,-110.0,0.5275779376498799,0.00719424460431628
2021_19_PHI_TB_spread,2021_19_PHI_TB,spread,-110.0,0.5275779376498799,0.00719424460431628
2021_19_SF_DAL_spread,2021_19_SF_DAL,spread,-110.0,0.5129224652087475,-0.020784384601481964
2021_19_SF_DAL_spread,2021_19_SF_DAL,spread,-110.0,0.5129224652087475,-0.020784384601481964
2021_19_SF_DAL_spread,2021_19_SF_DAL,spread,-110.0,0.5129224652087475,-0.020784384601481964
2021_19_SF_DAL_spread,2021_19_SF_DAL,spread,-110.0,0.5129224652087475,-0.020784384601481964
2021_20_BUF_KC_spread,2021_20_BUF_KC,spread,-110.0,0.5129224652087475,-0.020784384601481964
2021_20_BUF_KC_spread,2021_20_BUF_KC,spread,-110.0,0.5129224652087475,-0.020784384601481964
2021_20_BUF_KC_spread,2021_20_BUF_KC,spread,-110.0,0.5129224652087475,-0.020784384601481964
2021_20_BUF_KC_spread,2021_20_BUF_KC,spread,-110.0,0.5129224652087475,-0.020784384601481964
2021_20_CIN_TEN_spread,2021_20_CIN_TEN,spread,-110.0,0.5272782137022695,0.006622044340696298
2021_20_CIN_TEN_spread,2021_20_CIN_TEN,spread,-110.0,0.5129224652087475,-0.020784384601481964
2021_20_CIN_TEN_spread,2021_20_CIN_TEN,spread,-110.0,0.5129224652087475,-0.020784384601481964
2021_20_CIN_TEN_spread,2021_20_CIN_TEN,spread,-110.0,0.5129224652087475,-0.020784384601481964
2021_20_CIN_TEN_spread,2021_20_CIN_TEN,spread,-110.0,0.5272782137022695,0.006622044340696298
2021_20_CIN_TEN_spread,2021_20_CIN_TEN,spread,-110.0,0.5129224652087475,-0.020784384601481964
2021_20_CIN_TEN_spread,2021_20_CIN_TEN,spread,-110.0,0.5129224652087475,-0.020784384601481964
2021_20_CIN_TEN_spread,2021_20_CIN_TEN,spread,-110.0,0.5129224652087475,-0.020784384601481964
2021_20_CIN_TEN_spread,2021_20_CIN_TEN,spread,-110.0,0.5272782137022695,0.006622044340696298
2021_20_CIN_TEN_spread,2021_20_CIN_TEN,spread,-110.0,0.5129224652087475,-0.020784384601481964
2021_20_CIN_TEN_spread,2021_20_CIN_TEN,spread,-110.0,0.5129224652087475,-0.020784384601481964
2021_20_CIN_TEN_spread,2021_20_CIN_TEN,spread,-110.0,0.5129224652087475,-0.020784384601481964
2021_20_CIN_TEN_spread,2021_20_CIN_TEN,spread,-110.0,0.5272782137022695,0.006622044340696298
2021_20_CIN_TEN_spread,2021_20_CIN_TEN,spread,-110.0,0.5129224652087475,-0.020784384601481964
2021_20_CIN_TEN_spread,2021_20_CIN_TEN,spread,-110.0,0.5129224652087475,-0.020784384601481964
2021_20_CIN_TEN_spread,2021_20_CIN_TEN,spread,-110.0,0.5129224652087475,-0.020784384601481964
2021_20_LA_TB_spread,2021_20_LA_TB,spread,-110.0,0.5129224652087475,-0.020784384601481964
2021_20_LA_TB_spread,2021_20_LA_TB,spread,-110.0,0.5129224652087475,-0.020784384601481964
2021_20_LA_TB_spread,2021_20_LA_TB,spread,-110.0,0.5129224652087475,-0.020784384601481964
2021_20_LA_TB_spread,2021_20_LA_TB,spread,-110.0,0.5129224652087475,-0.020784384601481964
2021_20_LA_TB_spread,2021_20_LA_TB,spread,-110.0,0.5129224652087475,-0.020784384601481964
2021_20_LA_TB_spread,2021_20_LA_TB,spread,-110.0,0.5129224652087475,-0.020784384601481964
2021_20_LA_TB_spread,2021_20_LA_TB,spread,-110.0,0.5129224652087475,-0.020784384601481964
2021_20_LA_TB_spread,2021_20_LA_TB,spread,-110.0,0.5129224652087475,-0.020784384601481964
2021_20_LA_TB_spread,2021_20_LA_TB,spread,-110.0,0.5129224652087475,-0.020784384601481964
2021_21_CIN_KC_spread,2021_21_CIN_KC,spread,-110.0,0.5275779376498799,0.00719424460431628
2021_21_CIN_KC_spread,2021_21_CIN_KC,spread,-110.0,0.5259914595043692,0.004165513599250326
2021_21_CIN_KC_spread,2021_21_CIN_KC,spread,-110.0,0.5275779376498799,0.00719424460431628
2021_21_CIN_KC_spread,2021_21_CIN_KC,spread,-110.0,0.5259914595043692,0.004165513599250326
2021_21_SF_LA_spread,2021_21_SF_LA,spread,-110.0,0.5275779376498799,0.00719424460431628
2021_21_SF_LA_spread,2021_21_SF_LA,spread,-110.0,0.5275779376498799,0.00719424460431628
2021_21_SF_LA_spread,2021_21_SF_LA,spread,-110.0,0.5228919487375504,-0.0017517342283128179
2021_21_SF_LA_spread,2021_21_SF_LA,spread,-110.0,0.5228919487375504,-0.0017517342283128179
2021_21_SF_LA_spread,2021_21_SF_LA,spread,-110.0,0.5129224652087475,-0.020784384601481964
2021_21_SF_LA_spread,2021_21_SF_LA,spread,-110.0,0.5129224652087475,-0.020784384601481964
2021_21_SF_LA_spread,2021_21_SF_LA,spread,-110.0,0.5275779376498799,0.00719424460431628
2021_21_SF_LA_spread,2021_21_SF_LA,spread,-110.0,0.5275779376498799,0.00719424460431628
2021_21_SF_LA_spread,2021_21_SF_LA,spread,-110.0,0.5228919487375504,-0.0017517342283128179
2021_21_SF_LA_spread,2021_21_SF_LA,spread,-110.0,0.5228919487375504,-0.0017517342283128179
2021_21_SF_LA_spread,2021_21_SF_LA,spread,-110.0,0.5129224652087475,-0.020784384601481964
2021_21_SF_LA_spread,2021_21_SF_LA,spread,-110.0,0.5129224652087475,-0.020784384601481964
2021_21_SF_LA_spread,2021_21_SF_LA,spread,-110.0,0.5275779376498799,0.00719424460431628
2021_21_SF_LA_spread,2021_21_SF_LA,spread,-110.0,0.5275779376498799,0.00719424460431628
2021_21_SF_LA_spread,2021_21_SF_LA,spread,-110.0,0.5228919487375504,-0.0017517342283128179
2021_21_SF_LA_spread,2021_21_SF_LA,spread,-110.0,0.5228919487375504,-0.0017517342283128179
2021_21_SF_LA_spread,2021_21_SF_LA,spread,-110.0,0.5129224652087475,-0.020784384601481964
2021_21_SF_LA_spread,2021_21_SF_LA,spread,-110.0,0.5129224652087475,-0.020784384601481964
2021_21_SF_LA_spread,2021_21_SF_LA,spread,-110.0,0.5275779376498799,0.00719424460431628
2021_21_SF_LA_spread,2021_21_SF_LA,spread,-110.0,0.5275779376498799,0.00719424460431628
2021_21_SF_LA_spread,2021_21_SF_LA,spread,-110.0,0.5228919487375504,-0.0017517342283128179
2021_21_SF_LA_spread,2021_21_SF_LA,spread,-110.0,0.5228919487375504,-0.0017517342283128179
2021_21_SF_LA_spread,2021_21_SF_LA,spread,-110.0,0.5129224652087475,-0.020784384601481964
2021_21_SF_LA_spread,2021_21_SF_LA,spread,-110.0,0.5129224652087475,-0.020784384601481964
2021_21_SF_LA_spread,2021_21_SF_LA,spread,-110.0,0.5275779376498799,0.00719424460431628
2021_21_SF_LA_spread,2021_21_SF_LA,spread,-110.0,0.5275779376498799,0.00719424460431628
2021_21_SF_LA_spread,2021_21_SF_LA,spread,-110.0,0.5228919487375504,-0.0017517342283128179
2021_21_SF_LA_spread,2021_21_SF_LA,spread,-110.0,0.5228919487375504,-0.0017517342283128179
2021_21_SF_LA_spread,2021_21_SF_LA,spread,-110.0,0.5129224652087475,-0.020784384601481964
2021_21_SF_LA_spread,2021_21_SF_LA,spread,-110.0,0.5129224652087475,-0.020784384601481964
2021_21_SF_LA_spread,2021_21_SF_LA,spread,-110.0,0.5275779376498799,0.00719424460431628
2021_21_SF_LA_spread,2021_21_SF_LA,spread,-110.0,0.5275779376498799,0.00719424460431628
2021_21_SF_LA_spread,2021_21_SF_LA,spread,-110.0,0.5228919487375504,-0.0017517342283128179
2021_21_SF_LA_spread,2021_21_SF_LA,spread,-110.0,0.5228919487375504,-0.0017517342283128179
2021_21_SF_LA_spread,2021_21_SF_LA,spread,-110.0,0.5129224652087475,-0.020784384601481964
2021_21_SF_LA_spread,2021_21_SF_LA,spread,-110.0,0.5129224652087475,-0.020784384601481964
2022_01_BAL_NYJ_spread,2022_01_BAL_NYJ,spread,-110.0,0.5275779376498799,0.00719424460431628
2022_01_BAL_NYJ_spread,2022_01_BAL_NYJ,spread,-110.0,0.5275779376498799,0.00719424460431628
2022_01_BAL_NYJ_spread,2022_01_BAL_NYJ,spread,-110.0,0.5275779376498799,0.00719424460431628
2022_01_BAL_NYJ_spread,2022_01_BAL_NYJ,spread,-110.0,0.5275779376498799,0.00719424460431628
2022_01_CLE_CAR_spread,2022_01_CLE_CAR,spread,-110.0,0.5129224652087475,-0.020784384601481964
2022_01_CLE_CAR_spread,2022_01_CLE_CAR,spread,-110.0,0.5129224652087475,-0.020784384601481964
2022_01_CLE_CAR_spread,2022_01_CLE_CAR,spread,-110.0,0.5129224652087475,-0.020784384601481964
2022_01_CLE_CAR_spread,2022_01_CLE_CAR,spread,-110.0,0.5129224652087475,-0.020784384601481964
2022_01_DEN_SEA_spread,2022_01_DEN_SEA,spread,-110.0,0.5275779376498799,0.00719424460431628
2022_01_DEN_SEA_spread,2022_01_DEN_SEA,spread,-110.0,0.5275779376498799,0.00719424460431628
2022_01_DEN_SEA_spread,2022_01_DEN_SEA,spread,-110.0,0.5129224652087475,-0.020784384601481964
2022_01_DEN_SEA_spread,2022_01_DEN_SEA,spread,-110.0,0.5275779376498799,0.00719424460431628
2022_01_DEN_SEA_spread,2022_01_DEN_SEA,spread,-110.0,0.5275779376498799,0.00719424460431628
2022_01_DEN_SEA_spread,2022_01_DEN_SEA,spread,-110.0,0.5129224652087475,-0.020784384601481964
2022_01_DEN_SEA_spread,2022_01_DEN_SEA,spread,-110.0,0.5275779376498799,0.00719424460431628
2022_01_DEN_SEA_spread,2022_01_DEN_SEA,spread,-110.0,0.5275779376498799,0.00719424460431628
2022_01_DEN_SEA_spread,2022_01_DEN_SEA,spread,-110.0,0.5129224652087475,-0.020784384601481964
2022_01_NYG_TEN_spread,2022_01_NYG_TEN,spread,-110.0,0.5275779376498799,0.00719424460431628
2022_01_NYG_TEN_spread,2022_01_NYG_TEN,spread,-110.0,0.5129224652087475,-0.020784384601481964
2022_01_NYG_TEN_spread,2022_01_NYG_TEN,spread,-110.0,0.5275779376498799,0.00719424460431628
2022_01_NYG_TEN_spread,2022_01_NYG_TEN,spread,-110.0,0.5129224652087475,-0.020784384601481964
2022_02_HOU_DEN_spread,2022_02_HOU_DEN,spread,-110.0,0.5275779376498799,0.00719424460431628
2022_02_HOU_DEN_spread,2022_02_HOU_DEN,spread,-110.0,0.5275779376498799,0.00719424460431628
2022_02_HOU_DEN_spread,2022_02_HOU_DEN,spread,-110.0,0.5275779376498799,0.00719424460431628
2022_02_HOU_DEN_spread,2022_02_HOU_DEN,spread,-110.0,0.5275779376498799,0.00719424460431628
2022_02_IND_JAX_spread,2022_02_IND_JAX,spread,-110.0,0.5136706211543234,-0.019356086887200752
2022_02_IND_JAX_spread,2022_02_IND_JAX,spread,-110.0,0.5136706211543234,-0.019356086887200752
2022_02_IND_JAX_spread,2022_02_IND_JAX,spread,-110.0,0.5136706211543234,-0.019356086887200752
2022_02_IND_JAX_spread,2022_02_IND_JAX,spread,-110.0,0.5136706211543234,-0.019356086887200752
2022_02_MIA_BAL_spread,2022_02_MIA_BAL,spread,-110.0,0.5129224652087475,-0.020784384601481964
2022_02_MIA_BAL_spread,2022_02_MIA_BAL,spread,-110.0,0.5129224652087475,-0.020784384601481964
2022_02_MIA_BAL_spread,2022_02_MIA_BAL,spread,-110.0,0.5129224652087475,-0.020784384601481964
2022_02_MIA_BAL_spread,2022_02_MIA_BAL,spread,-110.0,0.5129224652087475,-0.020784384601481964
2022_02_SEA_SF_spread,2022_02_SEA_SF,spread,-110.0,0.5275779376498799,0.00719424460431628
2022_02_SEA_SF_spread,2022_02_SEA_SF,spread,-110.0,0.5275779376498799,0.00719424460431628
2022_02_SEA_SF_spread,2022_02_SEA_SF,spread,-110.0,0.5275779376498799,0.00719424460431628
2022_02_SEA_SF_spread,2022_02_SEA_SF,spread,-110.0,0.5275779376498799,0.00719424460431628
2022_02_TB_NO_spread,2022_02_TB_NO,spread,-110.0,0.5129224652087475,-0.020784384601481964
2022_03_BUF_MIA_spread,2022_03_BUF_MIA,spread,-110.0,0.5275779376498799,0.00719424460431628
2022_03_BUF_MIA_spread,2022_03_BUF_MIA,spread,-110.0,0.5275779376498799,0.00719424460431628
2022_03_BUF_MIA_spread,2022_03_BUF_MIA,spread,-110.0,0.5275779376498799,0.00719424460431628
2022_03_BUF_MIA_spread,2022_03_BUF_MIA,spread,-110.0,0.5275779376498799,0.00719424460431628
2022_03_DET_MIN_spread,2022_03_DET_MIN,spread,-110.0,0.5275779376498799,0.00719424460431628
2022_03_DET_MIN_spread,2022_03_DET_MIN,spread,-110.0,0.5162961652080019,-0.01434368460290536
2022_03_DET_MIN_spread,2022_03_DET_MIN,spread,-110.0,0.5275779376498799,0.00719424460431628
2022_03_DET_MIN_spread,2022_03_DET_MIN,spread,-110.0,0.5162961652080019,-0.01434368460290536
2022_03_LV_TEN_spread,2022_03_LV_TEN,spread,-110.0,0.5129224652087475,-0.020784384601481964
2022_03_LV_TEN_spread,2022_03_LV_TEN,spread,-110.0,0.5129224652087475,-0.020784384601481964
2022_03_LV_TEN_spread,2022_03_LV_TEN,spread,-110.0,0.5129224652087475,-0.020784384601481964
2022_03_LV_TEN_spread,2022_03_LV_TEN,spread,-110.0,0.5129224652087475,-0.020784384601481964
2022_03_NO_CAR_spread,2022_03_NO_CAR,spread,-110.0,0.5129224652087475,-0.020784384601481964
2022_03_NO_CAR_spread,2022_03_NO_CAR,spread,-110.0,0.5129224652087475,-0.020784384601481964
2022_03_NO_CAR_spread,2022_03_NO_CAR,spread,-110.0,0.5129224652087475,-0.020784384601481964
2022_03_NO_CAR_spread,2022_03_NO_CAR,spread,-110.0,0.5129224652087475,-0.020784384601481964
2022_03_PHI_WAS_spread,2022_03_PHI_WAS,spread,-110.0,0.5275779376498799,0.00719424460431628
2022_04_CHI_NYG_spread,2022_04_CHI_NYG,spread,-110.0,0.5129224652087475,-0.020784384601481964
2022_04_CHI_NYG_spread,2022_04_CHI_NYG,spread,-110.0,0.5129224652087475,-0.020784384601481964
2022_04_CHI_NYG_spread,2022_04_CHI_NYG,spread,-110.0,0.5129224652087475,-0.020784384601481964
2022_04_CHI_NYG_spread,2022_04_CHI_NYG,spread,-110.0,0.5129224652087475,-0.020784384601481964
2022_04_CLE_ATL_spread,2022_04_CLE_ATL,spread,-110.0,0.4130365754601264,-0.2114756286670314
2022_04_CLE_ATL_spread,2022_04_CLE_ATL,spread,-110.0,0.4130365754601264,-0.2114756286670314
2022_04_CLE_ATL_spread,2022_04_CLE_ATL,spread,-110.0,0.4130365754601264,-0.2114756286670314
2022_04_CLE_ATL_spread,2022_04_CLE_ATL,spread,-110.0,0.4130365754601264,-0.2114756286670314
2022_04_DEN_LV_spread,2022_04_DEN_LV,spread,-110.0,0.5129224652087475,-0.020784384601481964
2022_04_DEN_LV_spread,2022_04_DEN_LV,spread,-110.0,0.5129224652087475,-0.020784384601481964
2022_04_DEN_LV_spread,2022_04_DEN_LV,spread,-110.0,0.5129224652087475,-0.020784384601481964
2022_04_DEN_LV_spread,2022_04_DEN_LV,spread,-110.0,0.5129224652087475,-0.020784384601481964
2022_04_JAX_PHI_spread,2022_04_JAX_PHI,spread,-110.0,0.5275779376498799,0.00719424460431628
2022_04_JAX_PHI_spread,2022_04_JAX_PHI,spread,-110.0,0.51824394076865,-0.010625203987122689
2022_04_JAX_PHI_spread,2022_04_JAX_PHI,spread,-110.0,0.5275779376498799,0.00719424460431628
2022_04_JAX_PHI_spread,2022_04_JAX_PHI,spread,-110.0,0.51824394076865,-0.010625203987122689
2022_04_LA_SF_spread,2022_04_LA_SF,spread,-110.0,0.4112797563362734,-0.21482955608529625
2022_04_LA_SF_spread,2022_04_LA_SF,spread,-110.0,0.4042345246120535,-0.2282795439224432
2022_04_LA_SF_spread,2022_04_LA_SF,spread,-110.0,0.4112797563362734,-0.21482955608529625
2022_04_LA_SF_spread,2022_04_LA_SF,spread,-110.0,0.4042345246120535,-0.2282795439224432
2022_05_ATL_TB_spread,2022_05_ATL_TB,spread,-110.0,0.5275779376498799,0.00719424460431628
2022_05_ATL_TB_spread,2022_05_ATL_TB,spread,-110.0,0.5275779376498799,0.00719424460431628
2022_05_ATL_TB_spread,2022_05_ATL_TB,spread,-110.0,0.5275779376498799,0.00719424460431628
2022_05_ATL_TB_spread,2022_05_ATL_TB,spread,-110.0,0.5275779376498799,0.00719424460431628
2022_05_CHI_MIN_spread,2022_05_CHI_MIN,spread,-110.0,0.5275779376498799,0.00719424460431628
2022_05_CHI_MIN_spread,2022_05_CHI_MIN,spread,-110.0,0.5275779376498799,0.00719424460431628
2022_05_CHI_MIN_spread,2022_05_CHI_MIN,spread,-110.0,0.5275779376498799,0.00719424460431628
2022_05_CHI_MIN_spread,2022_05_CHI_MIN,spread,-110.0,0.5275779376498799,0.00719424460431628
2022_05_CIN_BAL_spread,2022_05_CIN_BAL,spread,-110.0,0.5129224652087475,-0.020784384601481964
2022_05_CIN_BAL_spread,2022_05_CIN_BAL,spread,-110.0,0.5129224652087475,-0.020784384601481964
2022_05_CIN_BAL_spread,2022_05_CIN_BAL,spread,-110.0,0.5129224652087475,-0.020784384601481964
2022_05_CIN_BAL_spread,2022_05_CIN_BAL,spread,-110.0,0.5129224652087475,-0.020784384601481964
2022_05_HOU_JAX_spread,2022_05_HOU_JAX,spread,-110.0,0.5275779376498799,0.00719424460431628
2022_05_HOU_JAX_spread,2022_05_HOU_JAX,spread,-110.0,0.5253164556962026,0.0028768699654776464
2022_05_HOU_JAX_spread,2022_05_HOU_JAX,spread,-110.0,0.5275779376498799,0.00719424460431628
2022_05_HOU_JAX_spread,2022_05_HOU_JAX,spread,-110.0,0.5253164556962026,0.0028768699654776464
2022_05_IND_DEN_spread,2022_05_IND_DEN,spread,-110.0,0.5129224652087475,-0.020784384601481964
2022_06_BAL_NYG_spread,2022_06_BAL_NYG,spread,-110.0,0.5275779376498799,0.00719424460431628
2022_06_BAL_NYG_spread,2022_06_BAL_NYG,spread,-110.0,0.5275779376498799,0.00719424460431628
2022_06_BAL_NYG_spread,2022_06_BAL_NYG,spread,-110.0,0.5275779376498799,0.00719424460431628
2022_06_BAL_NYG_spread,2022_06_BAL_NYG,spread,-110.0,0.5275779376498799,0.00719424460431628
2022_06_CIN_NO_spread,2022_06_CIN_NO,spread,-110.0,0.5195785986828063,-0.008077220696460607
2022_06_CIN_NO_spread,2022_06_CIN_NO,spread,-110.0,0.5195785986828063,-0.008077220696460607
2022_06_CIN_NO_spread,2022_06_CIN_NO,spread,-110.0,0.5195785986828063,-0.008077220696460607
2022_06_CIN_NO_spread,2022_06_CIN_NO,spread,-110.0,0.5195785986828063,-0.008077220696460607
2022_06_DAL_PHI_spread,2022_06_DAL_PHI,spread,-110.0,0.5275779376498799,0.00719424460431628
2022_06_DAL_PHI_spread,2022_06_DAL_PHI,spread,-110.0,0.5202022480499724,-0.0068866173591435875
2022_06_DAL_PHI_spread,2022_06_DAL_PHI,spread,-110.0,0.5275779376498799,0.00719424460431628
2022_06_DAL_PHI_spread,2022_06_DAL_PHI,spread,-110.0,0.5202022480499724,-0.0068866173591435875
2022_06_JAX_IND_spread,2022_06_JAX_IND,spread,-110.0,0.4938766906377496,-0.05714449969156887
2022_06_JAX_IND_spread,2022_06_JAX_IND,spread,-110.0,0.3212831264154174,-0.38664130411602127
2022_06_JAX_IND_spread,2022_06_JAX_IND,spread,-110.0,0.4938766906377496,-0.05714449969156887
2022_06_JAX_IND_spread,2022_06_JAX_IND,spread,-110.0,0.3212831264154174,-0.38664130411602127
2022_06_NYJ_GB_spread,2022_06_NYJ_GB,spread,-110.0,0.5275779376498799,0.00719424460431628
2022_06_NYJ_GB_spread,2022_06_NYJ_GB,spread,-110.0,0.5264401410960614,0.005022087547026377
2022_06_NYJ_GB_spread,2022_06_NYJ_GB,spread,-110.0,0.5275779376498799,0.00719424460431628
2022_06_NYJ_GB_spread,2022_06_NYJ_GB,spread,-110.0,0.5264401410960614,0.005022087547026377
2022_07_CHI_NE_spread,2022_07_CHI_NE,spread,-110.0,0.5275779376498799,0.00719424460431628
2022_07_CHI_NE_spread,2022_07_CHI_NE,spread,-110.0,0.5275779376498799,0.00719424460431628
2022_07_CHI_NE_spread,2022_07_CHI_NE,spread,-110.0,0.5275779376498799,0.00719424460431628
2022_07_CHI_NE_spread,2022_07_CHI_NE,spread,-110.0,0.5275779376498799,0.00719424460431628
2022_07_IND_TEN_spread,2022_07_IND_TEN,spread,-110.0,0.5129224652087475,-0.020784384601481964
2022_07_IND_TEN_spread,2022_07_IND_TEN,spread,-110.0,0.5129224652087475,-0.020784384601481964
2022_07_IND_TEN_spread,2022_07_IND_TEN,spread,-110.0,0.5129224652087475,-0.020784384601481964
2022_07_IND_TEN_spread,2022_07_IND_TEN,spread,-110.0,0.5129224652087475,-0.020784384601481964
2022_07_KC_SF_spread,2022_07_KC_SF,spread,-110.0,0.5129224652087475,-0.020784384601481964
2022_07_KC_SF_spread,2022_07_KC_SF,spread,-110.0,0.5129224652087475,-0.020784384601481964
2022_07_KC_SF_spread,2022_07_KC_SF,spread,-110.0,0.5129224652087475,-0.020784384601481964
2022_07_KC_SF_spread,2022_07_KC_SF,spread,-110.0,0.5129224652087475,-0.020784384601481964
2022_07_NYG_JAX_spread,2022_07_NYG_JAX,spread,-110.0,0.5129224652087475,-0.020784384601481964
2022_07_NYG_JAX_spread,2022_07_NYG_JAX,spread,-110.0,0.5129224652087475,-0.020784384601481964
2022_07_NYG_JAX_spread,2022_07_NYG_JAX,spread,-110.0,0.5129224652087475,-0.020784384601481964
2022_07_NYG_JAX_spread,2022_07_NYG_JAX,spread,-110.0,0.5129224652087475,-0.020784384601481964
2022_07_NYJ_DEN_spread,2022_07_NYJ_DEN,spread,-110.0,0.5129224652087475,-0.020784384601481964
2022_07_NYJ_DEN_spread,2022_07_NYJ_DEN,spread,-110.0,0.5129224652087475,-0.020784384601481964
2022_07_NYJ_DEN_spread,2022_07_NYJ_DEN,spread,-110.0,0.5129224652087475,-0.020784384601481964
2022_07_NYJ_DEN_spread,2022_07_NYJ_DEN,spread,-110.0,0.5129224652087475,-0.020784384601481964
2022_08_ARI_MIN_spread,2022_08_ARI_MIN,spread,-110.0,0.5255747456306012,0.003369968931147882
2022_08_ARI_MIN_spread,2022_08_ARI_MIN,spread,-110.0,0.5129224652087475,-0.020784384601481964
2022_08_ARI_MIN_spread,2022_08_ARI_MIN,spread,-110.0,0.5255747456306012,0.003369968931147882
2022_08_ARI_MIN_spread,2022_08_ARI_MIN,spread,-110.0,0.5129224652087475,-0.020784384601481964
2022_08_BAL_TB_spread,2022_08_BAL_TB,spread,-110.0,0.5129224652087475,-0.020784384601481964
2022_08_BAL_TB_spread,2022_08_BAL_TB,spread,-110.0,0.5129224652087475,-0.020784384601481964
2022_08_BAL_TB_spread,2022_08_BAL_TB,spread,-110.0,0.5129224652087475,-0.020784384601481964
2022_08_BAL_TB_spread,2022_08_BAL_TB,spread,-110.0,0.5129224652087475,-0.020784384601481964
2022_08_CHI_DAL_spread,2022_08_CHI_DAL,spread,-110.0,0.5275779376498799,0.00719424460431628
2022_08_CHI_DAL_spread,2022_08_CHI_DAL,spread,-110.0,0.5275779376498799,0.00719424460431628
2022_08_CHI_DAL_spread,2022_08_CHI_DAL,spread,-110.0,0.5275779376498799,0.00719424460431628
2022_08_CHI_DAL_spread,2022_08_CHI_DAL,spread,-110.0,0.5275779376498799,0.00719424460431628
2022_08_CIN_CLE_spread,2022_08_CIN_CLE,spread,-110.0,0.5195894962974659,-0.008056416159383295
2022_08_CIN_CLE_spread,2022_08_CIN_CLE,spread,-110.0,0.5195894962974659,-0.008056416159383295
2022_08_CIN_CLE_spread,2022_08_CIN_CLE,spread,-110.0,0.5195894962974659,-0.008056416159383295
2022_08_CIN_CLE_spread,2022_08_CIN_CLE,spread,-110.0,0.5195894962974659,-0.008056416159383295
2022_08_GB_BUF_spread,2022_08_GB_BUF,spread,-110.0,0.5275779376498799,0.00719424460431628
2022_09_BUF_NYJ_spread,2022_09_BUF_NYJ,spread,-110.0,0.56,0.0690909090909092
2022_09_BUF_NYJ_spread,2022_09_BUF_NYJ,spread,-110.0,0.56,0.0690909090909092
2022_09_BUF_NYJ_spread,2022_09_BUF_NYJ,spread,-110.0,0.56,0.0690909090909092
2022_09_BUF_NYJ_spread,2022_09_BUF_NYJ,spread,-110.0,0.56,0.0690909090909092
2022_09_CAR_CIN_spread,2022_09_CAR_CIN,spread,-110.0,0.5275779376498799,0.00719424460431628
2022_09_CAR_CIN_spread,2022_09_CAR_CIN,spread,-110.0,0.5253164556962026,0.0028768699654776464
2022_09_CAR_CIN_spread,2022_09_CAR_CIN,spread,-110.0,0.5275779376498799,0.00719424460431628
2022_09_CAR_CIN_spread,2022_09_CAR_CIN,spread,-110.0,0.5253164556962026,0.0028768699654776464
2022_09_IND_NE_spread,2022_09_IND_NE,spread,-110.0,0.5275779376498799,0.00719424460431628
2022_09_IND_NE_spread,2022_09_IND_NE,spread,-110.0,0.5129224652087475,-0.020784384601481964
2022_09_IND_NE_spread,2022_09_IND_NE,spread,-110.0,0.5275779376498799,0.00719424460431628
2022_09_IND_NE_spread,2022_09_IND_NE,spread,-110.0,0.5129224652087475,-0.020784384601481964
2022_09_LA_TB_spread,2022_09_LA_TB,spread,-110.0,0.5129224652087475,-0.020784384601481964
2022_09_LA_TB_spread,2022_09_LA_TB,spread,-110.0,0.5129224652087475,-0.020784384601481964
2022_09_LA_TB_spread,2022_09_LA_TB,spread,-110.0,0.5129224652087475,-0.020784384601481964
2022_09_LA_TB_spread,2022_09_LA_TB,spread,-110.0,0.5129224652087475,-0.020784384601481964
2022_09_MIN_WAS_spread,2022_09_MIN_WAS,spread,-110.0,0.519585720069689,-0.008063625321502899
2022_10_ARI_LA_spread,2022_10_ARI_LA,spread,-110.0,0.5135894032279995,-0.01951113929200088
2022_10_ARI_LA_spread,2022_10_ARI_LA,spread,-110.0,0.5129224652087475,-0.020784384601481964
2022_10_ARI_LA_spread,2022_10_ARI_LA,spread,-110.0,0.5135894032279995,-0.01951113929200088
2022_10_ARI_LA_spread,2022_10_ARI_LA,spread,-110.0,0.5129224652087475,-0.020784384601481964
2022_10_ATL_CAR_spread,2022_10_ATL_CAR,spread,-110.0,0.5129224652087475,-0.020784384601481964
2022_10_ATL_CAR_spread,2022_10_ATL_CAR,spread,-110.0,0.5129224652087475,-0.020784384601481964
2022_10_ATL_CAR_spread,2022_10_ATL_CAR,spread,-110.0,0.5129224652087475,-0.020784384601481964
2022_10_ATL_CAR_spread,2022_10_ATL_CAR,spread,-110.0,0.5129224652087475,-0.020784384601481964
2022_10_DAL_GB_spread,2022_10_DAL_GB,spread,-110.0,0.5275779376498799,0.00719424460431628
2022_10_DAL_GB_spread,2022_10_DAL_GB,spread,-110.0,0.5275779376498799,0.00719424460431628
2022_10_DAL_GB_spread,2022_10_DAL_GB,spread,-110.0,0.5275779376498799,0.00719424460431628
2022_10_DAL_GB_spread,2022_10_DAL_GB,spread,-110.0,0.5275779376498799,0.00719424460431628
2022_10_DEN_TEN_spread,2022_10_DEN_TEN,spread,-110.0,0.5129224652087475,-0.020784384601481964
2022_10_DEN_TEN_spread,2022_10_DEN_TEN,spread,-110.0,0.5129224652087475,-0.020784384601481964
2022_10_DEN_TEN_spread,2022_10_DEN_TEN,spread,-110.0,0.5129224652087475,-0.020784384601481964
2022_10_DEN_TEN_spread,2022_10_DEN_TEN,spread,-110.0,0.5129224652087475,-0.020784384601481964
2022_10_HOU_NYG_spread,2022_10_HOU_NYG,spread,-110.0,0.5275779376498799,0.00719424460431628
2022_11_CIN_PIT_spread,2022_11_CIN_PIT,spread,-110.0,0.5275779376498799,0.00719424460431628
2022_11_CIN_PIT_spread,2022_11_CIN_PIT,spread,-110.0,0.5275779376498799,0.00719424460431628
2022_11_CIN_PIT_spread,2022_11_CIN_PIT,spread,-110.0,0.5275779376498799,0.00719424460431628
2022_11_CIN_PIT_spread,2022_11_CIN_PIT,spread,-110.0,0.5275779376498799,0.00719424460431628
2022_11_DAL_MIN_spread,2022_11_DAL_MIN,spread,-110.0,0.5129224652087475,-0.020784384601481964
2022_11_DAL_MIN_spread,2022_11_DAL_MIN,spread,-110.0,0.5129224652087475,-0.020784384601481964
2022_11_DAL_MIN_spread,2022_11_DAL_MIN,spread,-110.0,0.5129224652087475,-0.020784384601481964
2022_11_DAL_MIN_spread,2022_11_DAL_MIN,spread,-110.0,0.5129224652087475,-0.020784384601481964
2022_11_KC_LAC_spread,2022_11_KC_LAC,spread,-110.0,0.5275779376498799,0.00719424460431628
2022_11_KC_LAC_spread,2022_11_KC_LAC,spread,-110.0,0.5275779376498799,0.00719424460431628
2022_11_KC_LAC_spread,2022_11_KC_LAC,spread,-110.0,0.5275779376498799,0.00719424460431628
2022_11_KC_LAC_spread,2022_11_KC_LAC,spread,-110.0,0.5275779376498799,0.00719424460431628
2022_11_LV_DEN_spread,2022_11_LV_DEN,spread,-110.0,0.5129224652087475,-0.020784384601481964
2022_11_LV_DEN_spread,2022_11_LV_DEN,spread,-110.0,0.5129224652087475,-0.020784384601481964
2022_11_LV_DEN_spread,2022_11_LV_DEN,spread,-110.0,0.5129224652087475,-0.020784384601481964
2022_11_LV_DEN_spread,2022_11_LV_DEN,spread,-110.0,0.5129224652087475,-0.020784384601481964
2022_11_PHI_IND_spread,2022_11_PHI_IND,spread,-110.0,0.5204228689172572,-0.006465432067054411
2022_12_ATL_WAS_spread,2022_12_ATL_WAS,spread,-110.0,0.5135830995153893,-0.019523173652438608
2022_12_ATL_WAS_spread,2022_12_ATL_WAS,spread,-110.0,0.5129224652087475,-0.020784384601481964
2022_12_ATL_WAS_spread,2022_12_ATL_WAS,spread,-110.0,0.5135830995153893,-0.019523173652438608
2022_12_ATL_WAS_spread,2022_12_ATL_WAS,spread,-110.0,0.5129224652087475,-0.020784384601481964
2022_12_BUF_DET_spread,2022_12_BUF_DET,spread,-110.0,0.56,0.0690909090909092
2022_12_BUF_DET_spread,2022_12_BUF_DET,spread,-110.0,0.56,0.0690909090909092
2022_12_BUF_DET_spread,2022_12_BUF_DET,spread,-110.0,0.56,0.0690909090909092
2022_12_BUF_DET_spread,2022_12_BUF_DET,spread,-110.0,0.56,0.0690909090909092
2022_12_CIN_TEN_spread,2022_12_CIN_TEN,spread,-110.0,0.5129224652087475,-0.020784384601481964
2022_12_CIN_TEN_spread,2022_12_CIN_TEN,spread,-110.0,0.5129224652087475,-0.020784384601481964
2022_12_CIN_TEN_spread,2022_12_CIN_TEN,spread,-110.0,0.5129224652087475,-0.020784384601481964
2022_12_CIN_TEN_spread,2022_12_CIN_TEN,spread,-110.0,0.5129224652087475,-0.020784384601481964
2022_12_HOU_MIA_spread,2022_12_HOU_MIA,spread,-110.0,0.5275779376498799,0.00719424460431628
2022_12_HOU_MIA_spread,2022_12_HOU_MIA,spread,-110.0,0.5275779376498799,0.00719424460431628
2022_12_HOU_MIA_spread,2022_12_HOU_MIA,spread,-110.0,0.5275779376498799,0.00719424460431628
2022_12_HOU_MIA_spread,2022_12_HOU_MIA,spread,-110.0,0.5275779376498799,0.00719424460431628
2022_12_NYG_DAL_spread,2022_12_NYG_DAL,spread,-110.0,0.5275779376498799,0.00719424460431628
2022_13_BUF_NE_spread,2022_13_BUF_NE,spread,-110.0,0.5275779376498799,0.00719424460431628
2022_13_BUF_NE_spread,2022_13_BUF_NE,spread,-110.0,0.5275779376498799,0.00719424460431628
2022_13_BUF_NE_spread,2022_13_BUF_NE,spread,-110.0,0.5275779376498799,0.00719424460431628
2022_13_BUF_NE_spread,2022_13_BUF_NE,spread,-110.0,0.5275779376498799,0.00719424460431628
2022_13_DEN_BAL_spread,2022_13_DEN_BAL,spread,-110.0,0.5275779376498799,0.00719424460431628
2022_13_DEN_BAL_spread,2022_13_DEN_BAL,spread,-110.0,0.5275779376498799,0.00719424460431628
2022_13_DEN_BAL_spread,2022_13_DEN_BAL,spread,-110.0,0.5275779376498799,0.00719424460431628
2022_13_DEN_BAL_spread,2022_13_DEN_BAL,spread,-110.0,0.5275779376498799,0.00719424460431628
2022_13_IND_DAL_spread,2022_13_IND_DAL,spread,-110.0,0.5275779376498799,0.00719424460431628
2022_13_IND_DAL_spread,2022_13_IND_DAL,spread,-110.0,0.5275779376498799,0.00719424460431628
2022_13_IND_DAL_spread,2022_13_IND_DAL,spread,-110.0,0.5275779376498799,0.00719424460431628
2022_13_IND_DAL_spread,2022_13_IND_DAL,spread,-110.0,0.5275779376498799,0.00719424460431628
2022_13_JAX_DET_spread,2022_13_JAX_DET,spread,-110.0,0.4949851545159163,-0.055028341378705214
2022_13_JAX_DET_spread,2022_13_JAX_DET,spread,-110.0,0.3201747385815999,-0.3887573172533093
2022_13_JAX_DET_spread,2022_13_JAX_DET,spread,-110.0,0.4949851545159163,-0.055028341378705214
2022_13_JAX_DET_spread,2022_13_JAX_DET,spread,-110.0,0.3201747385815999,-0.3887573172533093
2022_13_MIA_SF_spread,2022_13_MIA_SF,spread,-110.0,0.5275779376498799,0.00719424460431628
2022_13_MIA_SF_spread,2022_13_MIA_SF,spread,-110.0,0.5129224652087475,-0.020784384601481964
2022_13_MIA_SF_spread,2022_13_MIA_SF,spread,-110.0,0.5275779376498799,0.00719424460431628
2022_13_MIA_SF_spread,2022_13_MIA_SF,spread,-110.0,0.5129224652087475,-0.020784384601481964
2022_14_BAL_PIT_spread,2022_14_BAL_PIT,spread,-110.0,0.5129224652087475,-0.020784384601481964
2022_14_BAL_PIT_spread,2022_14_BAL_PIT,spread,-110.0,0.5129224652087475,-0.020784384601481964
2022_14_BAL_PIT_spread,2022_14_BAL_PIT,spread,-110.0,0.5129224652087475,-0.020784384601481964
2022_14_BAL_PIT_spread,2022_14_BAL_PIT,spread,-110.0,0.5129224652087475,-0.020784384601481964
2022_14_HOU_DAL_spread,2022_14_HOU_DAL,spread,-110.0,0.5275779376498799,0.00719424460431628
2022_14_HOU_DAL_spread,2022_14_HOU_DAL,spread,-110.0,0.5275779376498799,0.00719424460431628
2022_14_HOU_DAL_spread,2022_14_HOU_DAL,spread,-110.0,0.5275779376498799,0.00719424460431628
2022_14_HOU_DAL_spread,2022_14_HOU_DAL,spread,-110.0,0.5275779376498799,0.00719424460431628
2022_14_JAX_TEN_spread,2022_14_JAX_TEN,spread,-110.0,0.5129224652087475,-0.020784384601481964
2022_14_JAX_TEN_spread,2022_14_JAX_TEN,spread,-110.0,0.5129224652087475,-0.020784384601481964
2022_14_JAX_TEN_spread,2022_14_JAX_TEN,spread,-110.0,0.5129224652087475,-0.020784384601481964
2022_14_JAX_TEN_spread,2022_14_JAX_TEN,spread,-110.0,0.5129224652087475,-0.020784384601481964
2022_14_KC_DEN_spread,2022_14_KC_DEN,spread,-110.0,0.5275779376498799,0.00719424460431628
2022_14_KC_DEN_spread,2022_14_KC_DEN,spread,-110.0,0.5275779376498799,0.00719424460431628
2022_14_KC_DEN_spread,2022_14_KC_DEN,spread,-110.0,0.5275779376498799,0.00719424460431628
2022_14_KC_DEN_spread,2022_14_KC_DEN,spread,-110.0,0.5275779376498799,0.00719424460431628
2022_14_LV_LA_spread,2022_14_LV_LA,spread,-110.0,0.5204153177210484,-0.006479847987089338
2022_15_BAL_CLE_spread,2022_15_BAL_CLE,spread,-110.0,0.5129224652087475,-0.020784384601481964
2022_15_BAL_CLE_spread,2022_15_BAL_CLE,spread,-110.0,0.5129224652087475,-0.020784384601481964
2022_15_BAL_CLE_spread,2022_15_BAL_CLE,spread,-110.0,0.5129224652087475,-0.020784384601481964
2022_15_BAL_CLE_spread,2022_15_BAL_CLE,spread,-110.0,0.5129224652087475,-0.020784384601481964
2022_15_DET_NYJ_spread,2022_15_DET_NYJ,spread,-110.0,0.5129224652087475,-0.020784384601481964
2022_15_DET_NYJ_spread,2022_15_DET_NYJ,spread,-110.0,0.5129224652087475,-0.020784384601481964
2022_15_DET_NYJ_spread,2022_15_DET_NYJ,spread,-110.0,0.5129224652087475,-0.020784384601481964
2022_15_DET_NYJ_spread,2022_15_DET_NYJ,spread,-110.0,0.5129224652087475,-0.020784384601481964
2022_15_MIA_BUF_spread,2022_15_MIA_BUF,spread,-110.0,0.5275779376498799,0.00719424460431628
2022_15_MIA_BUF_spread,2022_15_MIA_BUF,spread,-110.0,0.5253164556962026,0.0028768699654776464
2022_15_MIA_BUF_spread,2022_15_MIA_BUF,spread,-110.0,0.5275779376498799,0.00719424460431628
2022_15_MIA_BUF_spread,2022_15_MIA_BUF,spread,-110.0,0.5253164556962026,0.0028768699654776464
2022_15_NE_LV_spread,2022_15_NE_LV,spread,-110.0,0.4942989324973708,-0.056338401595928456
2022_15_NE_LV_spread,2022_15_NE_LV,spread,-110.0,0.3210539243639156,-0.3870788716688883
2022_15_NE_LV_spread,2022_15_NE_LV,spread,-110.0,0.4942989324973708,-0.056338401595928456
2022_15_NE_LV_spread,2022_15_NE_LV,spread,-110.0,0.3210539243639156,-0.3870788716688883
2022_15_NYG_WAS_spread,2022_15_NYG_WAS,spread,-110.0,0.5275779376498799,0.00719424460431628
2022_15_NYG_WAS_spread,2022_15_NYG_WAS,spread,-110.0,0.5129224652087475,-0.020784384601481964
2022_15_NYG_WAS_spread,2022_15_NYG_WAS,spread,-110.0,0.5275779376498799,0.00719424460431628
2022_15_NYG_WAS_spread,2022_15_NYG_WAS,spread,-110.0,0.5129224652087475,-0.020784384601481964
2022_16_CIN_NE_spread,2022_16_CIN_NE,spread,-110.0,0.5195773390536115,-0.00807962544310531
2022_16_CIN_NE_spread,2022_16_CIN_NE,spread,-110.0,0.5195773390536115,-0.00807962544310531
2022_16_CIN_NE_spread,2022_16_CIN_NE,spread,-110.0,0.5195773390536115,-0.00807962544310531
2022_16_CIN_NE_spread,2022_16_CIN_NE,spread,-110.0,0.5195773390536115,-0.00807962544310531
2022_16_DEN_LA_spread,2022_16_DEN_LA,spread,-110.0,0.5195680918624008,-0.008097279171780214
2022_16_DEN_LA_spread,2022_16_DEN_LA,spread,-110.0,0.5195680918624008,-0.008097279171780214
2022_16_DEN_LA_spread,2022_16_DEN_LA,spread,-110.0,0.5195680918624008,-0.008097279171780214
2022_16_DEN_LA_spread,2022_16_DEN_LA,spread,-110.0,0.5195680918624008,-0.008097279171780214
2022_16_DET_CAR_spread,2022_16_DET_CAR,spread,-110.0,0.5129224652087475,-0.020784384601481964
2022_16_DET_CAR_spread,2022_16_DET_CAR,spread,-110.0,0.5129224652087475,-0.020784384601481964
2022_16_DET_CAR_spread,2022_16_DET_CAR,spread,-110.0,0.5129224652087475,-0.020784384601481964
2022_16_DET_CAR_spread,2022_16_DET_CAR,spread,-110.0,0.5129224652087475,-0.020784384601481964
2022_16_HOU_TEN_spread,2022_16_HOU_TEN,spread,-110.0,0.5129224652087475,-0.020784384601481964
2022_16_HOU_TEN_spread,2022_16_HOU_TEN,spread,-110.0,0.5129224652087475,-0.020784384601481964
2022_16_HOU_TEN_spread,2022_16_HOU_TEN,spread,-110.0,0.5129224652087475,-0.020784384601481964
2022_16_HOU_TEN_spread,2022_16_HOU_TEN,spread,-110.0,0.5129224652087475,-0.020784384601481964
2022_16_JAX_NYJ_spread,2022_16_JAX_NYJ,spread,-110.0,0.5129224652087475,-0.020784384601481964
2022_17_CAR_TB_spread,2022_17_CAR_TB,spread,-110.0,0.5135830995153893,-0.019523173652438608
2022_17_CAR_TB_spread,2022_17_CAR_TB,spread,-110.0,0.5129224652087475,-0.020784384601481964
2022_17_CAR_TB_spread,2022_17_CAR_TB,spread,-110.0,0.5135830995153893,-0.019523173652438608
2022_17_CAR_TB_spread,2022_17_CAR_TB,spread,-110.0,0.5129224652087475,-0.020784384601481964
2022_17_DEN_KC_spread,2022_17_DEN_KC,spread,-110.0,0.5275779376498799,0.00719424460431628
2022_17_DEN_KC_spread,2022_17_DEN_KC,spread,-110.0,0.5275779376498799,0.00719424460431628
2022_17_DEN_KC_spread,2022_17_DEN_KC,spread,-110.0,0.5275779376498799,0.00719424460431628
2022_17_DEN_KC_spread,2022_17_DEN_KC,spread,-110.0,0.5275779376498799,0.00719424460431628
2022_17_JAX_HOU_spread,2022_17_JAX_HOU,spread,-110.0,0.5129224652087475,-0.020784384601481964
2022_17_JAX_HOU_spread,2022_17_JAX_HOU,spread,-110.0,0.5129224652087475,-0.020784384601481964
2022_17_JAX_HOU_spread,2022_17_JAX_HOU,spread,-110.0,0.5129224652087475,-0.020784384601481964
2022_17_JAX_HOU_spread,2022_17_JAX_HOU,spread,-110.0,0.5129224652087475,-0.020784384601481964
2022_17_LA_LAC_spread,2022_17_LA_LAC,spread,-110.0,0.5275779376498799,0.00719424460431628
2022_17_LA_LAC_spread,2022_17_LA_LAC,spread,-110.0,0.5201997299831119,-0.006891424577695371
2022_17_LA_LAC_spread,2022_17_LA_LAC,spread,-110.0,0.5275779376498799,0.00719424460431628
2022_17_LA_LAC_spread,2022_17_LA_LAC,spread,-110.0,0.5201997299831119,-0.006891424577695371
2022_17_MIN_GB_spread,2022_17_MIN_GB,spread,-110.0,0.5129224652087475,-0.020784384601481964
2022_18_ARI_SF_spread,2022_18_ARI_SF,spread,-110.0,0.5275779376498799,0.00719424460431628
2022_18_ARI_SF_spread,2022_18_ARI_SF,spread,-110.0,0.5275779376498799,0.00719424460431628
2022_18_ARI_SF_spread,2022_18_ARI_SF,spread,-110.0,0.5275779376498799,0.00719424460431628
2022_18_ARI_SF_spread,2022_18_ARI_SF,spread,-110.0,0.5275779376498799,0.00719424460431628
2022_18_BAL_CIN_spread,2022_18_BAL_CIN,spread,-110.0,0.5275779376498799,0.00719424460431628
2022_18_BAL_CIN_spread,2022_18_BAL_CIN,spread,-110.0,0.5275779376498799,0.00719424460431628
2022_18_BAL_CIN_spread,2022_18_BAL_CIN,spread,-110.0,0.5275779376498799,0.00719424460431628
2022_18_BAL_CIN_spread,2022_18_BAL_CIN,spread,-110.0,0.5275779376498799,0.00719424460431628
2022_18_CAR_NO_spread,2022_18_CAR_NO,spread,-110.0,0.5135851878172937,-0.019519186894257468
2022_18_CAR_NO_spread,2022_18_CAR_NO,spread,-110.0,0.5129224652087475,-0.020784384601481964
2022_18_CAR_NO_spread,2022_18_CAR_NO,spread,-110.0,0.5135851878172937,-0.019519186894257468
2022_18_CAR_NO_spread,2022_18_CAR_NO,spread,-110.0,0.5129224652087475,-0.020784384601481964
2022_18_CLE_PIT_spread,2022_18_CLE_PIT,spread,-110.0,0.5129224652087475,-0.020784384601481964
2022_18_CLE_PIT_spread,2022_18_CLE_PIT,spread,-110.0,0.5129224652087475,-0.020784384601481964
2022_18_CLE_PIT_spread,2022_18_CLE_PIT,spread,-110.0,0.5129224652087475,-0.020784384601481964
2022_18_CLE_PIT_spread,2022_18_CLE_PIT,spread,-110.0,0.5129224652087475,-0.020784384601481964
2022_18_DET_GB_spread,2022_18_DET_GB,spread,-110.0,0.5275779376498799,0.00719424460431628
2022_19_BAL_CIN_spread,2022_19_BAL_CIN,spread,-110.0,0.5275779376498799,0.00719424460431628
2022_19_BAL_CIN_spread,2022_19_BAL_CIN,spread,-110.0,0.5275779376498799,0.00719424460431628
2022_19_BAL_CIN_spread,2022_19_BAL_CIN,spread,-110.0,0.5264820243330433,0.005102046453991704
2022_19_BAL_CIN_spread,2022_19_BAL_CIN,spread,-110.0,0.5264820243330433,0.005102046453991704
2022_19_BAL_CIN_spread,2022_19_BAL_CIN,spread,-110.0,0.526438085393291,0.005018163023555511
2022_19_BAL_CIN_spread,2022_19_BAL_CIN,spread,-110.0,0.5275779376498799,0.00719424460431628
2022_19_BAL_CIN_spread,2022_19_BAL_CIN,spread,-110.0,0.5275779376498799,0.00719424460431628
2022_19_BAL_CIN_spread,2022_19_BAL_CIN,spread,-110.0,0.5264820243330433,0.005102046453991704
2022_19_BAL_CIN_spread,2022_19_BAL_CIN,spread,-110.0,0.5264820243330433,0.005102046453991704
2022_19_BAL_CIN_spread,2022_19_BAL_CIN,spread,-110.0,0.526438085393291,0.005018163023555511
2022_19_BAL_CIN_spread,2022_19_BAL_CIN,spread,-110.0,0.5275779376498799,0.00719424460431628
2022_19_BAL_CIN_spread,2022_19_BAL_CIN,spread,-110.0,0.5275779376498799,0.00719424460431628
2022_19_BAL_CIN_spread,2022_19_BAL_CIN,spread,-110.0,0.5264820243330433,0.005102046453991704
2022_19_BAL_CIN_spread,2022_19_BAL_CIN,spread,-110.0,0.5264820243330433,0.005102046453991704
2022_19_BAL_CIN_spread,2022_19_BAL_CIN,spread,-110.0,0.526438085393291,0.005018163023555511
2022_19_BAL_CIN_spread,2022_19_BAL_CIN,spread,-110.0,0.5275779376498799,0.00719424460431628
2022_19_BAL_CIN_spread,2022_19_BAL_CIN,spread,-110.0,0.5275779376498799,0.00719424460431628
2022_19_BAL_CIN_spread,2022_19_BAL_CIN,spread,-110.0,0.5264820243330433,0.005102046453991704
2022_19_BAL_CIN_spread,2022_19_BAL_CIN,spread,-110.0,0.5264820243330433,0.005102046453991704
2022_19_BAL_CIN_spread,2022_19_BAL_CIN,spread,-110.0,0.526438085393291,0.005018163023555511
2022_19_BAL_CIN_spread,2022_19_BAL_CIN,spread,-110.0,0.5275779376498799,0.00719424460431628
2022_19_BAL_CIN_spread,2022_19_BAL_CIN,spread,-110.0,0.5275779376498799,0.00719424460431628
2022_19_BAL_CIN_spread,2022_19_BAL_CIN,spread,-110.0,0.5264820243330433,0.005102046453991704
2022_19_BAL_CIN_spread,2022_19_BAL_CIN,spread,-110.0,0.5264820243330433,0.005102046453991704
2022_19_BAL_CIN_spread,2022_19_BAL_CIN,spread,-110.0,0.526438085393291,0.005018163023555511
2022_19_MIA_BUF_spread,2022_19_MIA_BUF,spread,-110.0,0.5275779376498799,0.00719424460431628
2022_19_MIA_BUF_spread,2022_19_MIA_BUF,spread,-110.0,0.5275779376498799,0.00719424460431628
2022_19_MIA_BUF_spread,2022_19_MIA_BUF,spread,-110.0,0.5275779376498799,0.00719424460431628
2022_19_MIA_BUF_spread,2022_19_MIA_BUF,spread,-110.0,0.5275779376498799,0.00719424460431628
2022_19_SEA_SF_spread,2022_19_SEA_SF,spread,-110.0,0.5275779376498799,0.00719424460431628
2022_19_SEA_SF_spread,2022_19_SEA_SF,spread,-110.0,0.5275779376498799,0.00719424460431628
2022_19_SEA_SF_spread,2022_19_SEA_SF,spread,-110.0,0.5275779376498799,0.00719424460431628
2022_19_SEA_SF_spread,2022_19_SEA_SF,spread,-110.0,0.5275779376498799,0.00719424460431628
2022_20_CIN_BUF_spread,2022_20_CIN_BUF,spread,-110.0,0.5275779376498799,0.00719424460431628
2022_20_CIN_BUF_spread,2022_20_CIN_BUF,spread,-110.0,0.5275779376498799,0.00719424460431628
2022_20_CIN_BUF_spread,2022_20_CIN_BUF,spread,-110.0,0.5275779376498799,0.00719424460431628
2022_20_CIN_BUF_spread,2022_20_CIN_BUF,spread,-110.0,0.5275779376498799,0.00719424460431628
2022_20_CIN_BUF_spread,2022_20_CIN_BUF,spread,-110.0,0.5129224652087475,-0.020784384601481964
2022_20_CIN_BUF_spread,2022_20_CIN_BUF,spread,-110.0,0.5129224652087475,-0.020784384601481964
2022_20_CIN_BUF_spread,2022_20_CIN_BUF,spread,-110.0,0.5275779376498799,0.00719424460431628
2022_20_CIN_BUF_spread,2022_20_CIN_BUF,spread,-110.0,0.5275779376498799,0.00719424460431628
2022_20_CIN_BUF_spread,2022_20_CIN_BUF,spread,-110.0,0.5275779376498799,0.00719424460431628
2022_20_CIN_BUF_spread,2022_20_CIN_BUF,spread,-110.0,0.5275779376498799,0.00719424460431628
2022_20_CIN_BUF_spread,2022_20_CIN_BUF,spread,-110.0,0.5129224652087475,-0.020784384601481964
2022_20_CIN_BUF_spread,2022_20_CIN_BUF,spread,-110.0,0.5129224652087475,-0.020784384601481964
2022_20_CIN_BUF_spread,2022_20_CIN_BUF,spread,-110.0,0.5275779376498799,0.00719424460431628
2022_20_CIN_BUF_spread,2022_20_CIN_BUF,spread,-110.0,0.5275779376498799,0.00719424460431628
2022_20_CIN_BUF_spread,2022_20_CIN_BUF,spread,-110.0,0.5275779376498799,0.00719424460431628
2022_20_CIN_BUF_spread,2022_20_CIN_BUF,spread,-110.0,0.5275779376498799,0.00719424460431628
2022_20_CIN_BUF_spread,2022_20_CIN_BUF,spread,-110.0,0.5129224652087475,-0.020784384601481964
2022_20_CIN_BUF_spread,2022_20_CIN_BUF,spread,-110.0,0.5129224652087475,-0.020784384601481964
2022_20_CIN_BUF_spread,2022_20_CIN_BUF,spread,-110.0,0.5275779376498799,0.00719424460431628
2022_20_CIN_BUF_spread,2022_20_CIN_BUF,spread,-110.0,0.5275779376498799,0.00719424460431628
2022_20_CIN_BUF_spread,2022_20_CIN_BUF,spread,-110.0,0.5275779376498799,0.00719424460431628
2022_20_CIN_BUF_spread,2022_20_CIN_BUF,spread,-110.0,0.5275779376498799,0.00719424460431628
2022_20_CIN_BUF_spread,2022_20_CIN_BUF,spread,-110.0,0.5129224652087475,-0.020784384601481964
2022_20_CIN_BUF_spread,2022_20_CIN_BUF,spread,-110.0,0.5129224652087475,-0.020784384601481964
2022_20_CIN_BUF_spread,2022_20_CIN_BUF,spread,-110.0,0.5275779376498799,0.00719424460431628
2022_20_CIN_BUF_spread,2022_20_CIN_BUF,spread,-110.0,0.5275779376498799,0.00719424460431628
2022_20_CIN_BUF_spread,2022_20_CIN_BUF,spread,-110.0,0.5275779376498799,0.00719424460431628
2022_20_CIN_BUF_spread,2022_20_CIN_BUF,spread,-110.0,0.5275779376498799,0.00719424460431628
2022_20_CIN_BUF_spread,2022_20_CIN_BUF,spread,-110.0,0.5129224652087475,-0.020784384601481964
2022_20_CIN_BUF_spread,2022_20_CIN_BUF,spread,-110.0,0.5129224652087475,-0.020784384601481964
2022_20_CIN_BUF_spread,2022_20_CIN_BUF,spread,-110.0,0.5275779376498799,0.00719424460431628
2022_20_CIN_BUF_spread,2022_20_CIN_BUF,spread,-110.0,0.5275779376498799,0.00719424460431628
2022_20_CIN_BUF_spread,2022_20_CIN_BUF,spread,-110.0,0.5275779376498799,0.00719424460431628
2022_20_CIN_BUF_spread,2022_20_CIN_BUF,spread,-110.0,0.5275779376498799,0.00719424460431628
2022_20_CIN_BUF_spread,2022_20_CIN_BUF,spread,-110.0,0.5129224652087475,-0.020784384601481964
2022_20_CIN_BUF_spread,2022_20_CIN_BUF,spread,-110.0,0.5129224652087475,-0.020784384601481964
2022_20_DAL_SF_spread,2022_20_DAL_SF,spread,-110.0,0.5135713556471352,-0.019545593764560054
2022_20_DAL_SF_spread,2022_20_DAL_SF,spread,-110.0,0.5129224652087475,-0.020784384601481964
2022_20_DAL_SF_spread,2022_20_DAL_SF,spread,-110.0,0.5129224652087475,-0.020784384601481964
2022_20_DAL_SF_spread,2022_20_DAL_SF,spread,-110.0,0.5135713556471352,-0.019545593764560054
2022_20_DAL_SF_spread,2022_20_DAL_SF,spread,-110.0,0.5129224652087475,-0.020784384601481964
2022_20_DAL_SF_spread,2022_20_DAL_SF,spread,-110.0,0.5129224652087475,-0.020784384601481964
2022_20_DAL_SF_spread,2022_20_DAL_SF,spread,-110.0,0.5135713556471352,-0.019545593764560054
2022_20_DAL_SF_spread,2022_20_DAL_SF,spread,-110.0,0.5129224652087475,-0.020784384601481964
2022_20_DAL_SF_spread,2022_20_DAL_SF,spread,-110.0,0.5129224652087475,-0.020784384601481964
2022_21_CIN_KC_spread,2022_21_CIN_KC,spread,-110.0,0.5129224652087475,-0.020784384601481964
2022_21_CIN_KC_spread,2022_21_CIN_KC,spread,-110.0,0.5129224652087475,-0.020784384601481964
2022_21_CIN_KC_spread,2022_21_CIN_KC,spread,-110.0,0.5129224652087475,-0.020784384601481964
2022_21_CIN_KC_spread,2022_21_CIN_KC,spread,-110.0,0.5129224652087475,-0.020784384601481964
2022_21_SF_PHI_spread,2022_21_SF_PHI,spread,-110.0,0.5129224652087475,-0.020784384601481964
2022_21_SF_PHI_spread,2022_21_SF_PHI,spread,-110.0,0.5129224652087475,-0.020784384601481964
2022_21_SF_PHI_spread,2022_21_SF_PHI,spread,-110.0,0.5129224652087475,-0.020784384601481964
2022_21_SF_PHI_spread,2022_21_SF_PHI,spread,-110.0,0.5129224652087475,-0.020784384601481964
2022_21_SF_PHI_spread,2022_21_SF_PHI,spread,-110.0,0.5129224652087475,-0.020784384601481964
2022_21_SF_PHI_spread,2022_21_SF_PHI,spread,-110.0,0.5129224652087475,-0.020784384601481964
2022_21_SF_PHI_spread,2022_21_SF_PHI,spread,-110.0,0.5129224652087475,-0.020784384601481964
2022_21_SF_PHI_spread,2022_21_SF_PHI,spread,-110.0,0.5129224652087475,-0.020784384601481964
2022_21_SF_PHI_spread,2022_21_SF_PHI,spread,-110.0,0.5129224652087475,-0.020784384601481964
2022_21_SF_PHI_spread,2022_21_SF_PHI,spread,-110.0,0.5129224652087475,-0.020784384601481964
2022_21_SF_PHI_spread,2022_21_SF_PHI,spread,-110.0,0.5129224652087475,-0.020784384601481964
2022_21_SF_PHI_spread,2022_21_SF_PHI,spread,-110.0,0.5129224652087475,-0.020784384601481964
2022_21_SF_PHI_spread,2022_21_SF_PHI,spread,-110.0,0.5129224652087475,-0.020784384601481964
2022_21_SF_PHI_spread,2022_21_SF_PHI,spread,-110.0,0.5129224652087475,-0.020784384601481964
2022_21_SF_PHI_spread,2022_21_SF_PHI,spread,-110.0,0.5129224652087475,-0.020784384601481964
2022_21_SF_PHI_spread,2022_21_SF_PHI,spread,-110.0,0.5129224652087475,-0.020784384601481964
2023_01_ARI_WAS_spread,2023_01_ARI_WAS,spread,-110.0,0.5275779376498799,0.00719424460431628
2023_01_ARI_WAS_spread,2023_01_ARI_WAS,spread,-110.0,0.5252278865985799,0.002707783506379846
2023_01_ARI_WAS_spread,2023_01_ARI_WAS,spread,-110.0,0.5252278865985799,0.002707783506379846
2023_01_ARI_WAS_spread,2023_01_ARI_WAS,spread,-110.0,0.5251127092807002,0.002487899535882243
2023_01_ARI_WAS_spread,2023_01_ARI_WAS,spread,-110.0,0.5275779376498799,0.00719424460431628
2023_01_ARI_WAS_spread,2023_01_ARI_WAS,spread,-110.0,0.5252278865985799,0.002707783506379846
2023_01_ARI_WAS_spread,2023_01_ARI_WAS,spread,-110.0,0.5252278865985799,0.002707783506379846
2023_01_ARI_WAS_spread,2023_01_ARI_WAS,spread,-110.0,0.5251127092807002,0.002487899535882243
2023_01_ARI_WAS_spread,2023_01_ARI_WAS,spread,-110.0,0.5275779376498799,0.00719424460431628
2023_01_ARI_WAS_spread,2023_01_ARI_WAS,spread,-110.0,0.5252278865985799,0.002707783506379846
2023_01_ARI_WAS_spread,2023_01_ARI_WAS,spread,-110.0,0.5252278865985799,0.002707783506379846
2023_01_ARI_WAS_spread,2023_01_ARI_WAS,spread,-110.0,0.5251127092807002,0.002487899535882243
2023_01_ARI_WAS_spread,2023_01_ARI_WAS,spread,-110.0,0.5275779376498799,0.00719424460431628
2023_01_ARI_WAS_spread,2023_01_ARI_WAS,spread,-110.0,0.5252278865985799,0.002707783506379846
2023_01_ARI_WAS_spread,2023_01_ARI_WAS,spread,-110.0,0.5252278865985799,0.002707783506379846
2023_01_ARI_WAS_spread,2023_01_ARI_WAS,spread,-110.0,0.5251127092807002,0.002487899535882243
2023_01_BUF_NYJ_spread,2023_01_BUF_NYJ,spread,-110.0,0.5129224652087475,-0.020784384601481964
2023_01_CAR_ATL_spread,2023_01_CAR_ATL,spread,-110.0,0.522407360644005,-0.0026768569523541452
2023_01_CAR_ATL_spread,2023_01_CAR_ATL,spread,-110.0,0.5129224652087475,-0.020784384601481964
2023_01_CAR_ATL_spread,2023_01_CAR_ATL,spread,-110.0,0.522407360644005,-0.0026768569523541452
2023_01_CAR_ATL_spread,2023_01_CAR_ATL,spread,-110.0,0.5129224652087475,-0.020784384601481964
2023_01_CIN_CLE_spread,2023_01_CIN_CLE,spread,-110.0,0.5129224652087475,-0.020784384601481964
2023_01_CIN_CLE_spread,2023_01_CIN_CLE,spread,-110.0,0.5129224652087475,-0.020784384601481964
2023_01_CIN_CLE_spread,2023_01_CIN_CLE,spread,-110.0,0.5129224652087475,-0.020784384601481964
2023_01_CIN_CLE_spread,2023_01_CIN_CLE,spread,-110.0,0.5129224652087475,-0.020784384601481964
2023_02_BAL_CIN_spread,2023_02_BAL_CIN,spread,-110.0,0.5204181418595857,-0.006474456449881816
2023_02_BAL_CIN_spread,2023_02_BAL_CIN,spread,-110.0,0.5129224652087475,-0.020784384601481964
2023_02_BAL_CIN_spread,2023_02_BAL_CIN,spread,-110.0,0.5204181418595857,-0.006474456449881816
2023_02_BAL_CIN_spread,2023_02_BAL_CIN,spread,-110.0,0.5129224652087475,-0.020784384601481964
2023_02_CLE_PIT_spread,2023_02_CLE_PIT,spread,-110.0,0.5203071716669849,-0.006686308635756033
2023_02_CLE_PIT_spread,2023_02_CLE_PIT,spread,-110.0,0.5203071716669849,-0.006686308635756033
2023_02_CLE_PIT_spread,2023_02_CLE_PIT,spread,-110.0,0.5203071716669849,-0.006686308635756033
2023_02_CLE_PIT_spread,2023_02_CLE_PIT,spread,-110.0,0.5203071716669849,-0.006686308635756033
2023_02_GB_ATL_spread,2023_02_GB_ATL,spread,-110.0,0.5129224652087475,-0.020784384601481964
2023_02_GB_ATL_spread,2023_02_GB_ATL,spread,-110.0,0.5129224652087475,-0.020784384601481964
2023_02_GB_ATL_spread,2023_02_GB_ATL,spread,-110.0,0.5129224652087475,-0.020784384601481964
2023_02_GB_ATL_spread,2023_02_GB_ATL,spread,-110.0,0.5129224652087475,-0.020784384601481964
2023_02_LAC_TEN_spread,2023_02_LAC_TEN,spread,-110.0,0.5203174784212717,-0.006666632104844805
2023_02_LAC_TEN_spread,2023_02_LAC_TEN,spread,-110.0,0.5203174784212717,-0.006666632104844805
2023_02_LAC_TEN_spread,2023_02_LAC_TEN,spread,-110.0,0.5203174784212717,-0.006666632104844805
2023_02_LAC_TEN_spread,2023_02_LAC_TEN,spread,-110.0,0.5203174784212717,-0.006666632104844805
2023_02_MIA_NE_spread,2023_02_MIA_NE,spread,-110.0,0.5129224652087475,-0.020784384601481964
2023_03_ATL_DET_spread,2023_03_ATL_DET,spread,-110.0,0.5129224652087475,-0.020784384601481964
2023_03_ATL_DET_spread,2023_03_ATL_DET,spread,-110.0,0.5129224652087475,-0.020784384601481964
2023_03_ATL_DET_spread,2023_03_ATL_DET,spread,-110.0,0.5129224652087475,-0.020784384601481964
2023_03_ATL_DET_spread,2023_03_ATL_DET,spread,-110.0,0.5129224652087475,-0.020784384601481964
2023_03_HOU_JAX_spread,2023_03_HOU_JAX,spread,-110.0,0.5275779376498799,0.00719424460431628
2023_03_HOU_JAX_spread,2023_03_HOU_JAX,spread,-110.0,0.5258916809171247,0.003975027205419868
2023_03_HOU_JAX_spread,2023_03_HOU_JAX,spread,-110.0,0.5275779376498799,0.00719424460431628
2023_03_HOU_JAX_spread,2023_03_HOU_JAX,spread,-110.0,0.5258916809171247,0.003975027205419868
2023_03_IND_BAL_spread,2023_03_IND_BAL,spread,-110.0,0.5275779376498799,0.00719424460431628
2023_03_IND_BAL_spread,2023_03_IND_BAL,spread,-110.0,0.5258916809171247,0.003975027205419868
2023_03_IND_BAL_spread,2023_03_IND_BAL,spread,-110.0,0.5275779376498799,0.00719424460431628
2023_03_IND_BAL_spread,2023_03_IND_BAL,spread,-110.0,0.5258916809171247,0.003975027205419868
2023_03_NE_NYJ_spread,2023_03_NE_NYJ,spread,-110.0,0.5222843341096165,-0.0029117257907321226
2023_03_NE_NYJ_spread,2023_03_NE_NYJ,spread,-110.0,0.5222843341096165,-0.0029117257907321226
2023_03_NE_NYJ_spread,2023_03_NE_NYJ,spread,-110.0,0.5222843341096165,-0.0029117257907321226
2023_03_NE_NYJ_spread,2023_03_NE_NYJ,spread,-110.0,0.5222843341096165,-0.0029117257907321226
2023_03_NO_GB_spread,2023_03_NO_GB,spread,-110.0,0.5129224652087475,-0.020784384601481964
2023_04_ARI_SF_spread,2023_04_ARI_SF,spread,-110.0,0.5275779376498799,0.00719424460431628
2023_04_ARI_SF_spread,2023_04_ARI_SF,spread,-110.0,0.5275779376498799,0.00719424460431628
2023_04_ARI_SF_spread,2023_04_ARI_SF,spread,-110.0,0.5275779376498799,0.00719424460431628
2023_04_ARI_SF_spread,2023_04_ARI_SF,spread,-110.0,0.5275779376498799,0.00719424460431628
2023_04_ATL_JAX_spread,2023_04_ATL_JAX,spread,-110.0,0.5164604448556702,-0.014030059820993201
2023_04_ATL_JAX_spread,2023_04_ATL_JAX,spread,-110.0,0.5129224652087475,-0.020784384601481964
2023_04_ATL_JAX_spread,2023_04_ATL_JAX,spread,-110.0,0.5164604448556702,-0.014030059820993201
2023_04_ATL_JAX_spread,2023_04_ATL_JAX,spread,-110.0,0.5129224652087475,-0.020784384601481964
2023_04_BAL_CLE_spread,2023_04_BAL_CLE,spread,-110.0,0.5129224652087475,-0.020784384601481964
2023_04_BAL_CLE_spread,2023_04_BAL_CLE,spread,-110.0,0.5129224652087475,-0.020784384601481964
2023_04_BAL_CLE_spread,2023_04_BAL_CLE,spread,-110.0,0.5129224652087475,-0.020784384601481964
2023_04_BAL_CLE_spread,2023_04_BAL_CLE,spread,-110.0,0.5129224652087475,-0.020784384601481964
2023_04_DET_GB_spread,2023_04_DET_GB,spread,-110.0,0.5242875746468038,0.000912642507534478
2023_04_DET_GB_spread,2023_04_DET_GB,spread,-110.0,0.5242875746468038,0.000912642507534478
2023_04_DET_GB_spread,2023_04_DET_GB,spread,-110.0,0.5242875746468038,0.000912642507534478
2023_04_DET_GB_spread,2023_04_DET_GB,spread,-110.0,0.5242875746468038,0.000912642507534478
2023_04_KC_NYJ_spread,2023_04_KC_NYJ,spread,-110.0,0.56,0.0690909090909092
2023_05_BAL_PIT_spread,2023_05_BAL_PIT,spread,-110.0,0.5275779376498799,0.00719424460431628
2023_05_BAL_PIT_spread,2023_05_BAL_PIT,spread,-110.0,0.5275779376498799,0.00719424460431628
2023_05_BAL_PIT_spread,2023_05_BAL_PIT,spread,-110.0,0.5275779376498799,0.00719424460431628
2023_05_BAL_PIT_spread,2023_05_BAL_PIT,spread,-110.0,0.5275779376498799,0.00719424460431628
2023_05_CIN_ARI_spread,2023_05_CIN_ARI,spread,-110.0,0.5129224652087475,-0.020784384601481964
2023_05_CIN_ARI_spread,2023_05_CIN_ARI,spread,-110.0,0.5129224652087475,-0.020784384601481964
2023_05_CIN_ARI_spread,2023_05_CIN_ARI,spread,-110.0,0.5129224652087475,-0.020784384601481964
2023_05_CIN_ARI_spread,2023_05_CIN_ARI,spread,-110.0,0.5129224652087475,-0.020784384601481964
2023_05_DAL_SF_spread,2023_05_DAL_SF,spread,-110.0,0.514465667909288,-0.017838270354995522
2023_05_DAL_SF_spread,2023_05_DAL_SF,spread,-110.0,0.5129224652087475,-0.020784384601481964
2023_05_DAL_SF_spread,2023_05_DAL_SF,spread,-110.0,0.514465667909288,-0.017838270354995522
2023_05_DAL_SF_spread,2023_05_DAL_SF,spread,-110.0,0.5129224652087475,-0.020784384601481964
2023_05_HOU_ATL_spread,2023_05_HOU_ATL,spread,-110.0,0.5129224652087475,-0.020784384601481964
2023_05_HOU_ATL_spread,2023_05_HOU_ATL,spread,-110.0,0.5129224652087475,-0.020784384601481964
2023_05_HOU_ATL_spread,2023_05_HOU_ATL,spread,-110.0,0.5129224652087475,-0.020784384601481964
2023_05_HOU_ATL_spread,2023_05_HOU_ATL,spread,-110.0,0.5129224652087475,-0.020784384601481964
2023_05_JAX_BUF_spread,2023_05_JAX_BUF,spread,-110.0,0.5129224652087475,-0.020784384601481964
2023_06_BAL_TEN_spread,2023_06_BAL_TEN,spread,-110.0,0.5275779376498799,0.00719424460431628
2023_06_BAL_TEN_spread,2023_06_BAL_TEN,spread,-110.0,0.5275779376498799,0.00719424460431628
2023_06_BAL_TEN_spread,2023_06_BAL_TEN,spread,-110.0,0.5275779376498799,0.00719424460431628
2023_06_BAL_TEN_spread,2023_06_BAL_TEN,spread,-110.0,0.5275779376498799,0.00719424460431628
2023_06_DEN_KC_spread,2023_06_DEN_KC,spread,-110.0,0.5275779376498799,0.00719424460431628
2023_06_DEN_KC_spread,2023_06_DEN_KC,spread,-110.0,0.5275779376498799,0.00719424460431628
2023_06_DEN_KC_spread,2023_06_DEN_KC,spread,-110.0,0.5275779376498799,0.00719424460431628
2023_06_DEN_KC_spread,2023_06_DEN_KC,spread,-110.0,0.5275779376498799,0.00719424460431628
2023_06_IND_JAX_spread,2023_06_IND_JAX,spread,-110.0,0.5257402483615216,0.0036859286901775312
2023_06_IND_JAX_spread,2023_06_IND_JAX,spread,-110.0,0.5129224652087475,-0.020784384601481964
2023_06_IND_JAX_spread,2023_06_IND_JAX,spread,-110.0,0.5257402483615216,0.0036859286901775312
2023_06_IND_JAX_spread,2023_06_IND_JAX,spread,-110.0,0.5129224652087475,-0.020784384601481964
2023_06_NO_HOU_spread,2023_06_NO_HOU,spread,-110.0,0.5129224652087475,-0.020784384601481964
2023_06_NO_HOU_spread,2023_06_NO_HOU,spread,-110.0,0.5129224652087475,-0.020784384601481964
2023_06_NO_HOU_spread,2023_06_NO_HOU,spread,-110.0,0.5129224652087475,-0.020784384601481964
2023_06_NO_HOU_spread,2023_06_NO_HOU,spread,-110.0,0.5129224652087475,-0.020784384601481964
2023_06_PHI_NYJ_spread,2023_06_PHI_NYJ,spread,-110.0,0.5213109461906109,-0.00477001181792458
2023_07_ATL_TB_spread,2023_07_ATL_TB,spread,-110.0,0.5129224652087475,-0.020784384601481964
2023_07_ATL_TB_spread,2023_07_ATL_TB,spread,-110.0,0.5129224652087475,-0.020784384601481964
2023_07_ATL_TB_spread,2023_07_ATL_TB,spread,-110.0,0.5129224652087475,-0.020784384601481964
2023_07_ATL_TB_spread,2023_07_ATL_TB,spread,-110.0,0.5129224652087475,-0.020784384601481964
2023_07_DET_BAL_spread,2023_07_DET_BAL,spread,-110.0,0.5129224652087475,-0.020784384601481964
2023_07_DET_BAL_spread,2023_07_DET_BAL,spread,-110.0,0.5129224652087475,-0.020784384601481964
2023_07_DET_BAL_spread,2023_07_DET_BAL,spread,-110.0,0.5129224652087475,-0.020784384601481964
2023_07_DET_BAL_spread,2023_07_DET_BAL,spread,-110.0,0.5129224652087475,-0.020784384601481964
2023_07_JAX_NO_spread,2023_07_JAX_NO,spread,-110.0,0.5129224652087475,-0.020784384601481964
2023_07_JAX_NO_spread,2023_07_JAX_NO,spread,-110.0,0.5129224652087475,-0.020784384601481964
2023_07_JAX_NO_spread,2023_07_JAX_NO,spread,-110.0,0.5129224652087475,-0.020784384601481964
2023_07_JAX_NO_spread,2023_07_JAX_NO,spread,-110.0,0.5129224652087475,-0.020784384601481964
2023_07_PIT_LA_spread,2023_07_PIT_LA,spread,-110.0,0.5144681887570551,-0.01783345782744017
2023_07_PIT_LA_spread,2023_07_PIT_LA,spread,-110.0,0.5129224652087475,-0.020784384601481964
2023_07_PIT_LA_spread,2023_07_PIT_LA,spread,-110.0,0.5144681887570551,-0.01783345782744017
2023_07_PIT_LA_spread,2023_07_PIT_LA,spread,-110.0,0.5129224652087475,-0.020784384601481964
2023_07_SF_MIN_spread,2023_07_SF_MIN,spread,-110.0,0.5253164556962026,0.0028768699654776464
2023_08_ATL_TEN_spread,2023_08_ATL_TEN,spread,-110.0,0.5253164556962026,0.0028768699654776464
2023_08_ATL_TEN_spread,2023_08_ATL_TEN,spread,-110.0,0.5253164556962026,0.0028768699654776464
2023_08_ATL_TEN_spread,2023_08_ATL_TEN,spread,-110.0,0.5253164556962026,0.0028768699654776464
2023_08_ATL_TEN_spread,2023_08_ATL_TEN,spread,-110.0,0.5253164556962026,0.0028768699654776464
2023_08_CIN_SF_spread,2023_08_CIN_SF,spread,-110.0,0.5257402483615216,0.0036859286901775312
2023_08_CIN_SF_spread,2023_08_CIN_SF,spread,-110.0,0.5129224652087475,-0.020784384601481964
2023_08_CIN_SF_spread,2023_08_CIN_SF,spread,-110.0,0.5257402483615216,0.0036859286901775312
2023_08_CIN_SF_spread,2023_08_CIN_SF,spread,-110.0,0.5129224652087475,-0.020784384601481964
2023_08_JAX_PIT_spread,2023_08_JAX_PIT,spread,-110.0,0.5253164556962026,0.0028768699654776464
2023_08_JAX_PIT_spread,2023_08_JAX_PIT,spread,-110.0,0.5253164556962026,0.0028768699654776464
2023_08_JAX_PIT_spread,2023_08_JAX_PIT,spread,-110.0,0.5253164556962026,0.0028768699654776464
2023_08_JAX_PIT_spread,2023_08_JAX_PIT,spread,-110.0,0.5253164556962026,0.0028768699654776464
2023_08_LA_DAL_spread,2023_08_LA_DAL,spread,-110.0,0.5275779376498799,0.00719424460431628
2023_08_LA_DAL_spread,2023_08_LA_DAL,spread,-110.0,0.5211016379467233,-0.005169600283528253
2023_08_LA_DAL_spread,2023_08_LA_DAL,spread,-110.0,0.5275779376498799,0.00719424460431628
2023_08_LA_DAL_spread,2023_08_LA_DAL,spread,-110.0,0.5211016379467233,-0.005169600283528253
2023_08_NE_MIA_spread,2023_08_NE_MIA,spread,-110.0,0.526604568395641,0.005335994209860029
2023_09_BUF_CIN_spread,2023_09_BUF_CIN,spread,-110.0,0.5129224652087475,-0.020784384601481964
2023_09_BUF_CIN_spread,2023_09_BUF_CIN,spread,-110.0,0.5129224652087475,-0.020784384601481964
2023_09_BUF_CIN_spread,2023_09_BUF_CIN,spread,-110.0,0.5129224652087475,-0.020784384601481964
2023_09_BUF_CIN_spread,2023_09_BUF_CIN,spread,-110.0,0.5129224652087475,-0.020784384601481964
2023_09_DAL_PHI_spread,2023_09_DAL_PHI,spread,-110.0,0.5144618866352347,-0.017845489150915494
2023_09_DAL_PHI_spread,2023_09_DAL_PHI,spread,-110.0,0.5129224652087475,-0.020784384601481964
2023_09_DAL_PHI_spread,2023_09_DAL_PHI,spread,-110.0,0.5144618866352347,-0.017845489150915494
2023_09_DAL_PHI_spread,2023_09_DAL_PHI,spread,-110.0,0.5129224652087475,-0.020784384601481964
2023_09_MIN_ATL_spread,2023_09_MIN_ATL,spread,-110.0,0.5144866666625282,-0.017798181826082504
2023_09_MIN_ATL_spread,2023_09_MIN_ATL,spread,-110.0,0.5129224652087475,-0.020784384601481964
2023_09_MIN_ATL_spread,2023_09_MIN_ATL,spread,-110.0,0.5144866666625282,-0.017798181826082504
2023_09_MIN_ATL_spread,2023_09_MIN_ATL,spread,-110.0,0.5129224652087475,-0.020784384601481964
2023_09_NYG_LV_spread,2023_09_NYG_LV,spread,-110.0,0.5129224652087475,-0.020784384601481964
2023_09_NYG_LV_spread,2023_09_NYG_LV,spread,-110.0,0.3583854407624989,-0.3158096130897748
2023_09_NYG_LV_spread,2023_09_NYG_LV,spread,-110.0,0.5129224652087475,-0.020784384601481964
2023_09_NYG_LV_spread,2023_09_NYG_LV,spread,-110.0,0.3583854407624989,-0.3158096130897748
2023_09_SEA_BAL_spread,2023_09_SEA_BAL,spread,-110.0,0.5275779376498799,0.00719424460431628
2023_09_SEA_BAL_spread,2023_09_SEA_BAL,spread,-110.0,0.5129224652087475,-0.020784384601481964
2023_09_SEA_BAL_spread,2023_09_SEA_BAL,spread,-110.0,0.5275779376498799,0.00719424460431628
2023_09_SEA_BAL_spread,2023_09_SEA_BAL,spread,-110.0,0.5129224652087475,-0.020784384601481964
2023_10_CLE_BAL_spread,2023_10_CLE_BAL,spread,-110.0,0.5275779376498799,0.00719424460431628
2023_10_CLE_BAL_spread,2023_10_CLE_BAL,spread,-110.0,0.5129224652087475,-0.020784384601481964
2023_10_CLE_BAL_spread,2023_10_CLE_BAL,spread,-110.0,0.5275779376498799,0.00719424460431628
2023_10_CLE_BAL_spread,2023_10_CLE_BAL,spread,-110.0,0.5129224652087475,-0.020784384601481964
2023_10_HOU_CIN_spread,2023_10_HOU_CIN,spread,-110.0,0.5275779376498799,0.00719424460431628
2023_10_HOU_CIN_spread,2023_10_HOU_CIN,spread,-110.0,0.5129224652087475,-0.020784384601481964
2023_10_HOU_CIN_spread,2023_10_HOU_CIN,spread,-110.0,0.5275779376498799,0.00719424460431628
2023_10_HOU_CIN_spread,2023_10_HOU_CIN,spread,-110.0,0.5129224652087475,-0.020784384601481964
2023_10_NO_MIN_spread,2023_10_NO_MIN,spread,-110.0,0.5129224652087475,-0.020784384601481964
2023_10_NO_MIN_spread,2023_10_NO_MIN,spread,-110.0,0.5129224652087475,-0.020784384601481964
2023_10_NO_MIN_spread,2023_10_NO_MIN,spread,-110.0,0.5129224652087475,-0.020784384601481964
2023_10_NO_MIN_spread,2023_10_NO_MIN,spread,-110.0,0.5129224652087475,-0.020784384601481964
2023_10_NYG_DAL_spread,2023_10_NYG_DAL,spread,-110.0,0.5275779376498799,0.00719424460431628
2023_10_NYG_DAL_spread,2023_10_NYG_DAL,spread,-110.0,0.5275779376498799,0.00719424460431628
2023_10_NYG_DAL_spread,2023_10_NYG_DAL,spread,-110.0,0.5275779376498799,0.00719424460431628
2023_10_NYG_DAL_spread,2023_10_NYG_DAL,spread,-110.0,0.5275779376498799,0.00719424460431628
2023_10_TEN_TB_spread,2023_10_TEN_TB,spread,-110.0,0.5129224652087475,-0.020784384601481964
2023_11_CIN_BAL_spread,2023_11_CIN_BAL,spread,-110.0,0.5257391050135286,0.00368374593491827
2023_11_CIN_BAL_spread,2023_11_CIN_BAL,spread,-110.0,0.5129224652087475,-0.020784384601481964
2023_11_CIN_BAL_spread,2023_11_CIN_BAL,spread,-110.0,0.5257391050135286,0.00368374593491827
2023_11_CIN_BAL_spread,2023_11_CIN_BAL,spread,-110.0,0.5129224652087475,-0.020784384601481964
2023_11_LAC_GB_spread,2023_11_LAC_GB,spread,-110.0,0.5129224652087475,-0.020784384601481964
2023_11_LAC_GB_spread,2023_11_LAC_GB,spread,-110.0,0.5129224652087475,-0.020784384601481964
2023_11_LAC_GB_spread,2023_11_LAC_GB,spread,-110.0,0.5129224652087475,-0.020784384601481964
2023_11_LAC_GB_spread,2023_11_LAC_GB,spread,-110.0,0.5129224652087475,-0.020784384601481964
2023_11_NYG_WAS_spread,2023_11_NYG_WAS,spread,-110.0,0.5275779376498799,0.00719424460431628
2023_11_NYG_WAS_spread,2023_11_NYG_WAS,spread,-110.0,0.5266011420214498,0.0053294529500405585
2023_11_NYG_WAS_spread,2023_11_NYG_WAS,spread,-110.0,0.5275779376498799,0.00719424460431628
2023_11_NYG_WAS_spread,2023_11_NYG_WAS,spread,-110.0,0.5266011420214498,0.0053294529500405585
2023_11_NYJ_BUF_spread,2023_11_NYJ_BUF,spread,-110.0,0.5275779376498799,0.00719424460431628
2023_11_NYJ_BUF_spread,2023_11_NYJ_BUF,spread,-110.0,0.5275779376498799,0.00719424460431628
2023_11_NYJ_BUF_spread,2023_11_NYJ_BUF,spread,-110.0,0.5275779376498799,0.00719424460431628
2023_11_NYJ_BUF_spread,2023_11_NYJ_BUF,spread,-110.0,0.5275779376498799,0.00719424460431628
2023_11_PHI_KC_spread,2023_11_PHI_KC,spread,-110.0,0.5129224652087475,-0.020784384601481964
2023_12_BAL_LAC_spread,2023_12_BAL_LAC,spread,-110.0,0.5275779376498799,0.00719424460431628
2023_12_BAL_LAC_spread,2023_12_BAL_LAC,spread,-110.0,0.5275779376498799,0.00719424460431628
2023_12_BAL_LAC_spread,2023_12_BAL_LAC,spread,-110.0,0.5275779376498799,0.00719424460431628
2023_12_BAL_LAC_spread,2023_12_BAL_LAC,spread,-110.0,0.5275779376498799,0.00719424460431628
2023_12_BUF_PHI_spread,2023_12_BUF_PHI,spread,-110.0,0.5129224652087475,-0.020784384601481964
2023_12_BUF_PHI_spread,2023_12_BUF_PHI,spread,-110.0,0.5129224652087475,-0.020784384601481964
2023_12_BUF_PHI_spread,2023_12_BUF_PHI,spread,-110.0,0.5129224652087475,-0.020784384601481964
2023_12_BUF_PHI_spread,2023_12_BUF_PHI,spread,-110.0,0.5129224652087475,-0.020784384601481964
2023_12_CHI_MIN_spread,2023_12_CHI_MIN,spread,-110.0,0.5129224652087475,-0.020784384601481964
2023_12_CHI_MIN_spread,2023_12_CHI_MIN,spread,-110.0,0.5129224652087475,-0.020784384601481964
2023_12_CHI_MIN_spread,2023_12_CHI_MIN,spread,-110.0,0.5129224652087475,-0.020784384601481964
2023_12_CHI_MIN_spread,2023_12_CHI_MIN,spread,-110.0,0.5129224652087475,-0.020784384601481964
2023_12_GB_DET_spread,2023_12_GB_DET,spread,-110.0,0.5275779376498799,0.00719424460431628
2023_12_GB_DET_spread,2023_12_GB_DET,spread,-110.0,0.5275779376498799,0.00719424460431628
2023_12_GB_DET_spread,2023_12_GB_DET,spread,-110.0,0.5275779376498799,0.00719424460431628
2023_12_GB_DET_spread,2023_12_GB_DET,spread,-110.0,0.5275779376498799,0.00719424460431628
2023_12_JAX_HOU_spread,2023_12_JAX_HOU,spread,-110.0,0.5129224652087475,-0.020784384601481964
2023_13_ARI_PIT_spread,2023_13_ARI_PIT,spread,-110.0,0.5275779376498799,0.00719424460431628
2023_13_ARI_PIT_spread,2023_13_ARI_PIT,spread,-110.0,0.5129224652087475,-0.020784384601481964
2023_13_ARI_PIT_spread,2023_13_ARI_PIT,spread,-110.0,0.5275779376498799,0.00719424460431628
2023_13_ARI_PIT_spread,2023_13_ARI_PIT,spread,-110.0,0.5129224652087475,-0.020784384601481964
2023_13_DEN_HOU_spread,2023_13_DEN_HOU,spread,-110.0,0.5144593656517622,-0.017850301937544832
2023_13_DEN_HOU_spread,2023_13_DEN_HOU,spread,-110.0,0.5129224652087475,-0.020784384601481964
2023_13_DEN_HOU_spread,2023_13_DEN_HOU,spread,-110.0,0.5144593656517622,-0.017850301937544832
2023_13_DEN_HOU_spread,2023_13_DEN_HOU,spread,-110.0,0.5129224652087475,-0.020784384601481964
2023_13_KC_GB_spread,2023_13_KC_GB,spread,-110.0,0.5129224652087475,-0.020784384601481964
2023_13_KC_GB_spread,2023_13_KC_GB,spread,-110.0,0.5129224652087475,-0.020784384601481964
2023_13_KC_GB_spread,2023_13_KC_GB,spread,-110.0,0.5129224652087475,-0.020784384601481964
2023_13_KC_GB_spread,2023_13_KC_GB,spread,-110.0,0.5129224652087475,-0.020784384601481964
2023_13_SEA_DAL_spread,2023_13_SEA_DAL,spread,-110.0,0.5275779376498799,0.00719424460431628
2023_13_SEA_DAL_spread,2023_13_SEA_DAL,spread,-110.0,0.5275779376498799,0.00719424460431628
2023_13_SEA_DAL_spread,2023_13_SEA_DAL,spread,-110.0,0.5275779376498799,0.00719424460431628
2023_13_SEA_DAL_spread,2023_13_SEA_DAL,spread,-110.0,0.5275779376498799,0.00719424460431628
2023_13_SF_PHI_spread,2023_13_SF_PHI,spread,-110.0,0.5129224652087475,-0.020784384601481964
2023_14_BUF_KC_spread,2023_14_BUF_KC,spread,-110.0,0.5129224652087475,-0.020784384601481964
2023_14_BUF_KC_spread,2023_14_BUF_KC,spread,-110.0,0.5129224652087475,-0.020784384601481964
2023_14_BUF_KC_spread,2023_14_BUF_KC,spread,-110.0,0.5129224652087475,-0.020784384601481964
2023_14_BUF_KC_spread,2023_14_BUF_KC,spread,-110.0,0.5129224652087475,-0.020784384601481964
2023_14_DEN_LAC_spread,2023_14_DEN_LAC,spread,-110.0,0.5129224652087475,-0.020784384601481964
2023_14_DEN_LAC_spread,2023_14_DEN_LAC,spread,-110.0,0.5129224652087475,-0.020784384601481964
2023_14_DEN_LAC_spread,2023_14_DEN_LAC,spread,-110.0,0.5129224652087475,-0.020784384601481964
2023_14_DEN_LAC_spread,2023_14_DEN_LAC,spread,-110.0,0.5129224652087475,-0.020784384601481964
2023_14_GB_NYG_spread,2023_14_GB_NYG,spread,-110.0,0.5275779376498799,0.00719424460431628
2023_14_GB_NYG_spread,2023_14_GB_NYG,spread,-110.0,0.5275779376498799,0.00719424460431628
2023_14_GB_NYG_spread,2023_14_GB_NYG,spread,-110.0,0.5275779376498799,0.00719424460431628
2023_14_GB_NYG_spread,2023_14_GB_NYG,spread,-110.0,0.5275779376498799,0.00719424460431628
2023_14_LA_BAL_spread,2023_14_LA_BAL,spread,-110.0,0.5275779376498799,0.00719424460431628
2023_14_LA_BAL_spread,2023_14_LA_BAL,spread,-110.0,0.526602512675829,0.005332069653855465
2023_14_LA_BAL_spread,2023_14_LA_BAL,spread,-110.0,0.5275779376498799,0.00719424460431628
2023_14_LA_BAL_spread,2023_14_LA_BAL,spread,-110.0,0.526602512675829,0.005332069653855465
2023_14_MIN_LV_spread,2023_14_MIN_LV,spread,-110.0,0.5129224652087475,-0.020784384601481964
2023_15_DAL_BUF_spread,2023_15_DAL_BUF,spread,-110.0,0.5129224652087475,-0.020784384601481964
2023_15_DAL_BUF_spread,2023_15_DAL_BUF,spread,-110.0,0.5129224652087475,-0.020784384601481964
2023_15_DAL_BUF_spread,2023_15_DAL_BUF,spread,-110.0,0.5129224652087475,-0.020784384601481964
2023_15_DAL_BUF_spread,2023_15_DAL_BUF,spread,-110.0,0.5129224652087475,-0.020784384601481964
2023_15_DEN_DET_spread,2023_15_DEN_DET,spread,-110.0,0.5275779376498799,0.00719424460431628
2023_15_DEN_DET_spread,2023_15_DEN_DET,spread,-110.0,0.5129224652087475,-0.020784384601481964
2023_15_DEN_DET_spread,2023_15_DEN_DET,spread,-110.0,0.5275779376498799,0.00719424460431628
2023_15_DEN_DET_spread,2023_15_DEN_DET,spread,-110.0,0.5129224652087475,-0.020784384601481964
2023_15_HOU_TEN_spread,2023_15_HOU_TEN,spread,-110.0,0.5129224652087475,-0.020784384601481964
2023_15_HOU_TEN_spread,2023_15_HOU_TEN,spread,-110.0,0.5129224652087475,-0.020784384601481964
2023_15_HOU_TEN_spread,2023_15_HOU_TEN,spread,-110.0,0.5129224652087475,-0.020784384601481964
2023_15_HOU_TEN_spread,2023_15_HOU_TEN,spread,-110.0,0.5129224652087475,-0.020784384601481964
2023_15_KC_NE_spread,2023_15_KC_NE,spread,-110.0,0.56,0.0690909090909092
2023_15_KC_NE_spread,2023_15_KC_NE,spread,-110.0,0.56,0.0690909090909092
2023_15_KC_NE_spread,2023_15_KC_NE,spread,-110.0,0.56,0.0690909090909092
2023_15_KC_NE_spread,2023_15_KC_NE,spread,-110.0,0.56,0.0690909090909092
2023_15_LAC_LV_spread,2023_15_LAC_LV,spread,-110.0,0.5129224652087475,-0.020784384601481964
2023_16_ARI_CHI_spread,2023_16_ARI_CHI,spread,-110.0,0.5275779376498799,0.00719424460431628
2023_16_ARI_CHI_spread,2023_16_ARI_CHI,spread,-110.0,0.5129224652087475,-0.020784384601481964
2023_16_ARI_CHI_spread,2023_16_ARI_CHI,spread,-110.0,0.5275779376498799,0.00719424460431628
2023_16_ARI_CHI_spread,2023_16_ARI_CHI,spread,-110.0,0.5129224652087475,-0.020784384601481964
2023_16_BAL_SF_spread,2023_16_BAL_SF,spread,-110.0,0.5275779376498799,0.00719424460431628
2023_16_BAL_SF_spread,2023_16_BAL_SF,spread,-110.0,0.5211091902111543,-0.0051551823241599015
2023_16_BAL_SF_spread,2023_16_BAL_SF,spread,-110.0,0.5275779376498799,0.00719424460431628
2023_16_BAL_SF_spread,2023_16_BAL_SF,spread,-110.0,0.5211091902111543,-0.0051551823241599015
2023_16_CIN_PIT_spread,2023_16_CIN_PIT,spread,-110.0,0.5275779376498799,0.00719424460431628
2023_16_CIN_PIT_spread,2023_16_CIN_PIT,spread,-110.0,0.5275779376498799,0.00719424460431628
2023_16_CIN_PIT_spread,2023_16_CIN_PIT,spread,-110.0,0.5275779376498799,0.00719424460431628
2023_16_CIN_PIT_spread,2023_16_CIN_PIT,spread,-110.0,0.5275779376498799,0.00719424460431628
2023_16_DET_MIN_spread,2023_16_DET_MIN,spread,-110.0,0.5253164556962026,0.0028768699654776464
2023_16_DET_MIN_spread,2023_16_DET_MIN,spread,-110.0,0.5253164556962026,0.0028768699654776464
2023_16_DET_MIN_spread,2023_16_DET_MIN,spread,-110.0,0.5253164556962026,0.0028768699654776464
2023_16_DET_MIN_spread,2023_16_DET_MIN,spread,-110.0,0.5253164556962026,0.0028768699654776464
2023_16_GB_CAR_spread,2023_16_GB_CAR,spread,-110.0,0.5129224652087475,-0.020784384601481964
2023_17_ATL_CHI_spread,2023_17_ATL_CHI,spread,-110.0,0.5129224652087475,-0.020784384601481964
2023_17_ATL_CHI_spread,2023_17_ATL_CHI,spread,-110.0,0.5129224652087475,-0.020784384601481964
2023_17_ATL_CHI_spread,2023_17_ATL_CHI,spread,-110.0,0.5129224652087475,-0.020784384601481964
2023_17_ATL_CHI_spread,2023_17_ATL_CHI,spread,-110.0,0.5129224652087475,-0.020784384601481964
2023_17_CIN_KC_spread,2023_17_CIN_KC,spread,-110.0,0.5275779376498799,0.00719424460431628
2023_17_CIN_KC_spread,2023_17_CIN_KC,spread,-110.0,0.5266043399982442,0.005335558178466204
2023_17_CIN_KC_spread,2023_17_CIN_KC,spread,-110.0,0.5275779376498799,0.00719424460431628
2023_17_CIN_KC_spread,2023_17_CIN_KC,spread,-110.0,0.5266043399982442,0.005335558178466204
2023_17_GB_MIN_spread,2023_17_GB_MIN,spread,-110.0,0.5129224652087475,-0.020784384601481964
2023_17_GB_MIN_spread,2023_17_GB_MIN,spread,-110.0,0.3581561271606485,-0.31624739360239834
2023_17_GB_MIN_spread,2023_17_GB_MIN,spread,-110.0,0.5129224652087475,-0.020784384601481964
2023_17_GB_MIN_spread,2023_17_GB_MIN,spread,-110.0,0.3581561271606485,-0.31624739360239834
2023_17_LA_NYG_spread,2023_17_LA_NYG,spread,-110.0,0.5275779376498799,0.00719424460431628
2023_17_LAC_DEN_spread,2023_17_LAC_DEN,spread,-110.0,0.5144795341496474,-0.01781179844158215
2023_17_LAC_DEN_spread,2023_17_LAC_DEN,spread,-110.0,0.5129224652087475,-0.020784384601481964
2023_17_LAC_DEN_spread,2023_17_LAC_DEN,spread,-110.0,0.5144795341496474,-0.01781179844158215
2023_17_LAC_DEN_spread,2023_17_LAC_DEN,spread,-110.0,0.5129224652087475,-0.020784384601481964
2023_18_ATL_NO_spread,2023_18_ATL_NO,spread,-110.0,0.5144791015260036,-0.017812624359447582
2023_18_ATL_NO_spread,2023_18_ATL_NO,spread,-110.0,0.5129224652087475,-0.020784384601481964
2023_18_ATL_NO_spread,2023_18_ATL_NO,spread,-110.0,0.5144791015260036,-0.017812624359447582
2023_18_ATL_NO_spread,2023_18_ATL_NO,spread,-110.0,0.5129224652087475,-0.020784384601481964
2023_18_BUF_MIA_spread,2023_18_BUF_MIA,spread,-110.0,0.5253164556962026,0.0028768699654776464
2023_18_BUF_MIA_spread,2023_18_BUF_MIA,spread,-110.0,0.5253164556962026,0.0028768699654776464
2023_18_BUF_MIA_spread,2023_18_BUF_MIA,spread,-110.0,0.5253164556962026,0.0028768699654776464
2023_18_BUF_MIA_spread,2023_18_BUF_MIA,spread,-110.0,0.5253164556962026,0.0028768699654776464
2023_18_CHI_GB_spread,2023_18_CHI_GB,spread,-110.0,0.5129224652087475,-0.020784384601481964
2023_18_CHI_GB_spread,2023_18_CHI_GB,spread,-110.0,0.5129224652087475,-0.020784384601481964
2023_18_CHI_GB_spread,2023_18_CHI_GB,spread,-110.0,0.5129224652087475,-0.020784384601481964
2023_18_CHI_GB_spread,2023_18_CHI_GB,spread,-110.0,0.5129224652087475,-0.020784384601481964
2023_18_DEN_LV_spread,2023_18_DEN_LV,spread,-110.0,0.5144845776298238,-0.01780216997942724
2023_18_DEN_LV_spread,2023_18_DEN_LV,spread,-110.0,0.5129224652087475,-0.020784384601481964
2023_18_DEN_LV_spread,2023_18_DEN_LV,spread,-110.0,0.5144845776298238,-0.01780216997942724
2023_18_DEN_LV_spread,2023_18_DEN_LV,spread,-110.0,0.5129224652087475,-0.020784384601481964
2023_18_HOU_IND_spread,2023_18_HOU_IND,spread,-110.0,0.5129224652087475,-0.020784384601481964
2023_19_CLE_HOU_spread,2023_19_CLE_HOU,spread,-110.0,0.5253164556962026,0.0028768699654776464
2023_19_CLE_HOU_spread,2023_19_CLE_HOU,spread,-110.0,0.5253164556962026,0.0028768699654776464
2023_19_CLE_HOU_spread,2023_19_CLE_HOU,spread,-110.0,0.5253164556962026,0.0028768699654776464
2023_19_CLE_HOU_spread,2023_19_CLE_HOU,spread,-110.0,0.5129224652087475,-0.020784384601481964
2023_19_CLE_HOU_spread,2023_19_CLE_HOU,spread,-110.0,0.5129224652087475,-0.020784384601481964
2023_19_CLE_HOU_spread,2023_19_CLE_HOU,spread,-110.0,0.5253164556962026,0.0028768699654776464
2023_19_CLE_HOU_spread,2023_19_CLE_HOU,spread,-110.0,0.5253164556962026,0.0028768699654776464
2023_19_CLE_HOU_spread,2023_19_CLE_HOU,spread,-110.0,0.5253164556962026,0.0028768699654776464
2023_19_CLE_HOU_spread,2023_19_CLE_HOU,spread,-110.0,0.5129224652087475,-0.020784384601481964
2023_19_CLE_HOU_spread,2023_19_CLE_HOU,spread,-110.0,0.5129224652087475,-0.020784384601481964
2023_19_CLE_HOU_spread,2023_19_CLE_HOU,spread,-110.0,0.5253164556962026,0.0028768699654776464
2023_19_CLE_HOU_spread,2023_19_CLE_HOU,spread,-110.0,0.5253164556962026,0.0028768699654776464
2023_19_CLE_HOU_spread,2023_19_CLE_HOU,spread,-110.0,0.5253164556962026,0.0028768699654776464
2023_19_CLE_HOU_spread,2023_19_CLE_HOU,spread,-110.0,0.5129224652087475,-0.020784384601481964
2023_19_CLE_HOU_spread,2023_19_CLE_HOU,spread,-110.0,0.5129224652087475,-0.020784384601481964
2023_19_CLE_HOU_spread,2023_19_CLE_HOU,spread,-110.0,0.5253164556962026,0.0028768699654776464
2023_19_CLE_HOU_spread,2023_19_CLE_HOU,spread,-110.0,0.5253164556962026,0.0028768699654776464
2023_19_CLE_HOU_spread,2023_19_CLE_HOU,spread,-110.0,0.5253164556962026,0.0028768699654776464
2023_19_CLE_HOU_spread,2023_19_CLE_HOU,spread,-110.0,0.5129224652087475,-0.020784384601481964
2023_19_CLE_HOU_spread,2023_19_CLE_HOU,spread,-110.0,0.5129224652087475,-0.020784384601481964
2023_19_CLE_HOU_spread,2023_19_CLE_HOU,spread,-110.0,0.5253164556962026,0.0028768699654776464
2023_19_CLE_HOU_spread,2023_19_CLE_HOU,spread,-110.0,0.5253164556962026,0.0028768699654776464
2023_19_CLE_HOU_spread,2023_19_CLE_HOU,spread,-110.0,0.5253164556962026,0.0028768699654776464
2023_19_CLE_HOU_spread,2023_19_CLE_HOU,spread,-110.0,0.5129224652087475,-0.020784384601481964
2023_19_CLE_HOU_spread,2023_19_CLE_HOU,spread,-110.0,0.5129224652087475,-0.020784384601481964
2023_19_PHI_TB_spread,2023_19_PHI_TB,spread,-110.0,0.5253164556962026,0.0028768699654776464
2023_19_PHI_TB_spread,2023_19_PHI_TB,spread,-110.0,0.5253164556962026,0.0028768699654776464
2023_19_PHI_TB_spread,2023_19_PHI_TB,spread,-110.0,0.5253164556962026,0.0028768699654776464
2023_19_PHI_TB_spread,2023_19_PHI_TB,spread,-110.0,0.5253164556962026,0.0028768699654776464
2023_19_PIT_BUF_spread,2023_19_PIT_BUF,spread,-110.0,0.5275779376498799,0.00719424460431628
2023_19_PIT_BUF_spread,2023_19_PIT_BUF,spread,-110.0,0.5275779376498799,0.00719424460431628
2023_19_PIT_BUF_spread,2023_19_PIT_BUF,spread,-110.0,0.5275779376498799,0.00719424460431628
2023_19_PIT_BUF_spread,2023_19_PIT_BUF,spread,-110.0,0.5275779376498799,0.00719424460431628
2023_20_GB_SF_spread,2023_20_GB_SF,spread,-110.0,0.5275779376498799,0.00719424460431628
2023_20_GB_SF_spread,2023_20_GB_SF,spread,-110.0,0.5275779376498799,0.00719424460431628
2023_20_GB_SF_spread,2023_20_GB_SF,spread,-110.0,0.5275779376498799,0.00719424460431628
2023_20_GB_SF_spread,2023_20_GB_SF,spread,-110.0,0.5275779376498799,0.00719424460431628
2023_20_HOU_BAL_spread,2023_20_HOU_BAL,spread,-110.0,0.5275779376498799,0.00719424460431628
2023_20_HOU_BAL_spread,2023_20_HOU_BAL,spread,-110.0,0.5275779376498799,0.00719424460431628
2023_20_HOU_BAL_spread,2023_20_HOU_BAL,spread,-110.0,0.5275779376498799,0.00719424460431628
2023_20_HOU_BAL_spread,2023_20_HOU_BAL,spread,-110.0,0.5275779376498799,0.00719424460431628
2023_20_HOU_BAL_spread,2023_20_HOU_BAL,spread,-110.0,0.5275779376498799,0.00719424460431628
2023_20_HOU_BAL_spread,2023_20_HOU_BAL,spread,-110.0,0.5275779376498799,0.00719424460431628
2023_20_HOU_BAL_spread,2023_20_HOU_BAL,spread,-110.0,0.5275779376498799,0.00719424460431628
2023_20_HOU_BAL_spread,2023_20_HOU_BAL,spread,-110.0,0.5275779376498799,0.00719424460431628
2023_20_HOU_BAL_spread,2023_20_HOU_BAL,spread,-110.0,0.5275779376498799,0.00719424460431628
2023_20_HOU_BAL_spread,2023_20_HOU_BAL,spread,-110.0,0.5275779376498799,0.00719424460431628
2023_20_HOU_BAL_spread,2023_20_HOU_BAL,spread,-110.0,0.5275779376498799,0.00719424460431628
2023_20_HOU_BAL_spread,2023_20_HOU_BAL,spread,-110.0,0.5275779376498799,0.00719424460431628
2023_20_HOU_BAL_spread,2023_20_HOU_BAL,spread,-110.0,0.5275779376498799,0.00719424460431628
2023_20_HOU_BAL_spread,2023_20_HOU_BAL,spread,-110.0,0.5275779376498799,0.00719424460431628
2023_20_HOU_BAL_spread,2023_20_HOU_BAL,spread,-110.0,0.5275779376498799,0.00719424460431628
2023_20_HOU_BAL_spread,2023_20_HOU_BAL,spread,-110.0,0.5275779376498799,0.00719424460431628
2023_20_HOU_BAL_spread,2023_20_HOU_BAL,spread,-110.0,0.5275779376498799,0.00719424460431628
2023_20_HOU_BAL_spread,2023_20_HOU_BAL,spread,-110.0,0.5275779376498799,0.00719424460431628
2023_20_HOU_BAL_spread,2023_20_HOU_BAL,spread,-110.0,0.5275779376498799,0.00719424460431628
2023_20_HOU_BAL_spread,2023_20_HOU_BAL,spread,-110.0,0.5275779376498799,0.00719424460431628
2023_20_HOU_BAL_spread,2023_20_HOU_BAL,spread,-110.0,0.5275779376498799,0.00719424460431628
2023_20_HOU_BAL_spread,2023_20_HOU_BAL,spread,-110.0,0.5275779376498799,0.00719424460431628
2023_20_HOU_BAL_spread,2023_20_HOU_BAL,spread,-110.0,0.5275779376498799,0.00719424460431628
2023_20_HOU_BAL_spread,2023_20_HOU_BAL,spread,-110.0,0.5275779376498799,0.00719424460431628
2023_20_HOU_BAL_spread,2023_20_HOU_BAL,spread,-110.0,0.5275779376498799,0.00719424460431628
2023_20_KC_BUF_spread,2023_20_KC_BUF,spread,-110.0,0.5129224652087475,-0.020784384601481964
2023_20_KC_BUF_spread,2023_20_KC_BUF,spread,-110.0,0.5129224652087475,-0.020784384601481964
2023_20_KC_BUF_spread,2023_20_KC_BUF,spread,-110.0,0.5129224652087475,-0.020784384601481964
2023_20_KC_BUF_spread,2023_20_KC_BUF,spread,-110.0,0.5129224652087475,-0.020784384601481964
2023_21_DET_SF_spread,2023_21_DET_SF,spread,-110.0,0.5266525655244729,0.0054276250921756475
2023_21_DET_SF_spread,2023_21_DET_SF,spread,-110.0,0.5266525655244729,0.0054276250921756475
2023_21_DET_SF_spread,2023_21_DET_SF,spread,-110.0,0.5266525655244729,0.0054276250921756475
2023_21_DET_SF_spread,2023_21_DET_SF,spread,-110.0,0.5266525655244729,0.0054276250921756475
2023_21_KC_BAL_spread,2023_21_KC_BAL,spread,-110.0,0.5275779376498799,0.00719424460431628
2023_21_KC_BAL_spread,2023_21_KC_BAL,spread,-110.0,0.5275779376498799,0.00719424460431628
2023_21_KC_BAL_spread,2023_21_KC_BAL,spread,-110.0,0.5275779376498799,0.00719424460431628
2023_21_KC_BAL_spread,2023_21_KC_BAL,spread,-110.0,0.5275779376498799,0.00719424460431628
2023_21_KC_BAL_spread,2023_21_KC_BAL,spread,-110.0,0.5129224652087475,-0.020784384601481964
2023_21_KC_BAL_spread,2023_21_KC_BAL,spread,-110.0,0.5129224652087475,-0.020784384601481964
2023_21_KC_BAL_spread,2023_21_KC_BAL,spread,-110.0,0.5275779376498799,0.00719424460431628
2023_21_KC_BAL_spread,2023_21_KC_BAL,spread,-110.0,0.5275779376498799,0.00719424460431628
2023_21_KC_BAL_spread,2023_21_KC_BAL,spread,-110.0,0.5275779376498799,0.00719424460431628
2023_21_KC_BAL_spread,2023_21_KC_BAL,spread,-110.0,0.5275779376498799,0.00719424460431628
2023_21_KC_BAL_spread,2023_21_KC_BAL,spread,-110.0,0.5129224652087475,-0.020784384601481964
2023_21_KC_BAL_spread,2023_21_KC_BAL,spread,-110.0,0.5129224652087475,-0.020784384601481964
2023_21_KC_BAL_spread,2023_21_KC_BAL,spread,-110.0,0.5275779376498799,0.00719424460431628
2023_21_KC_BAL_spread,2023_21_KC_BAL,spread,-110.0,0.5275779376498799,0.00719424460431628
2023_21_KC_BAL_spread,2023_21_KC_BAL,spread,-110.0,0.5275779376498799,0.00719424460431628
2023_21_KC_BAL_spread,2023_21_KC_BAL,spread,-110.0,0.5275779376498799,0.00719424460431628
2023_21_KC_BAL_spread,2023_21_KC_BAL,spread,-110.0,0.5129224652087475,-0.020784384601481964
2023_21_KC_BAL_spread,2023_21_KC_BAL,spread,-110.0,0.5129224652087475,-0.020784384601481964
2023_21_KC_BAL_spread,2023_21_KC_BAL,spread,-110.0,0.5275779376498799,0.00719424460431628
2023_21_KC_BAL_spread,2023_21_KC_BAL,spread,-110.0,0.5275779376498799,0.00719424460431628
2023_21_KC_BAL_spread,2023_21_KC_BAL,spread,-110.0,0.5275779376498799,0.00719424460431628
2023_21_KC_BAL_spread,2023_21_KC_BAL,spread,-110.0,0.5275779376498799,0.00719424460431628
2023_21_KC_BAL_spread,2023_21_KC_BAL,spread,-110.0,0.5129224652087475,-0.020784384601481964
2023_21_KC_BAL_spread,2023_21_KC_BAL,spread,-110.0,0.5129224652087475,-0.020784384601481964
2023_21_KC_BAL_spread,2023_21_KC_BAL,spread,-110.0,0.5275779376498799,0.00719424460431628
2023_21_KC_BAL_spread,2023_21_KC_BAL,spread,-110.0,0.5275779376498799,0.00719424460431628
2023_21_KC_BAL_spread,2023_21_KC_BAL,spread,-110.0,0.5275779376498799,0.00719424460431628
2023_21_KC_BAL_spread,2023_21_KC_BAL,spread,-110.0,0.5275779376498799,0.00719424460431628
2023_21_KC_BAL_spread,2023_21_KC_BAL,spread,-110.0,0.5129224652087475,-0.020784384601481964
2023_21_KC_BAL_spread,2023_21_KC_BAL,spread,-110.0,0.5129224652087475,-0.020784384601481964
2023_21_KC_BAL_spread,2023_21_KC_BAL,spread,-110.0,0.5275779376498799,0.00719424460431628
2023_21_KC_BAL_spread,2023_21_KC_BAL,spread,-110.0,0.5275779376498799,0.00719424460431628
2023_21_KC_BAL_spread,2023_21_KC_BAL,spread,-110.0,0.5275779376498799,0.00719424460431628
2023_21_KC_BAL_spread,2023_21_KC_BAL,spread,-110.0,0.5275779376498799,0.00719424460431628
2023_21_KC_BAL_spread,2023_21_KC_BAL,spread,-110.0,0.5129224652087475,-0.020784384601481964
2023_21_KC_BAL_spread,2023_21_KC_BAL,spread,-110.0,0.5129224652087475,-0.020784384601481964
2024_01_BAL_KC_spread,2024_01_BAL_KC,spread,-110.0,0.5129224652087475,-0.020784384601481964
2024_01_BAL_KC_spread,2024_01_BAL_KC,spread,-110.0,0.5129224652087475,-0.020784384601481964
2024_01_BAL_KC_spread,2024_01_BAL_KC,spread,-110.0,0.5129224652087475,-0.020784384601481964
2024_01_BAL_KC_spread,2024_01_BAL_KC,spread,-110.0,0.5129224652087475,-0.020784384601481964
2024_01_CAR_NO_spread,2024_01_CAR_NO,spread,-110.0,0.5226258440210494,-0.002259752323451103
2024_01_CAR_NO_spread,2024_01_CAR_NO,spread,-110.0,0.5226258440210494,-0.002259752323451103
2024_01_CAR_NO_spread,2024_01_CAR_NO,spread,-110.0,0.5129224652087475,-0.020784384601481964
2024_01_CAR_NO_spread,2024_01_CAR_NO,spread,-110.0,0.5129224652087475,-0.020784384601481964
2024_01_CAR_NO_spread,2024_01_CAR_NO,spread,-110.0,0.5226258440210494,-0.002259752323451103
2024_01_CAR_NO_spread,2024_01_CAR_NO,spread,-110.0,0.5226258440210494,-0.002259752323451103
2024_01_CAR_NO_spread,2024_01_CAR_NO,spread,-110.0,0.5129224652087475,-0.020784384601481964
2024_01_CAR_NO_spread,2024_01_CAR_NO,spread,-110.0,0.5129224652087475,-0.020784384601481964
2024_01_CAR_NO_spread,2024_01_CAR_NO,spread,-110.0,0.5226258440210494,-0.002259752323451103
2024_01_CAR_NO_spread,2024_01_CAR_NO,spread,-110.0,0.5226258440210494,-0.002259752323451103
2024_01_CAR_NO_spread,2024_01_CAR_NO,spread,-110.0,0.5129224652087475,-0.020784384601481964
2024_01_CAR_NO_spread,2024_01_CAR_NO,spread,-110.0,0.5129224652087475,-0.020784384601481964
2024_01_CAR_NO_spread,2024_01_CAR_NO,spread,-110.0,0.5226258440210494,-0.002259752323451103
2024_01_CAR_NO_spread,2024_01_CAR_NO,spread,-110.0,0.5226258440210494,-0.002259752323451103
2024_01_CAR_NO_spread,2024_01_CAR_NO,spread,-110.0,0.5129224652087475,-0.020784384601481964
2024_01_CAR_NO_spread,2024_01_CAR_NO,spread,-110.0,0.5129224652087475,-0.020784384601481964
2024_01_DAL_CLE_spread,2024_01_DAL_CLE,spread,-110.0,0.5129224652087475,-0.020784384601481964
2024_01_WAS_TB_spread,2024_01_WAS_TB,spread,-110.0,0.5272209100896427,0.006512646534772404
2024_01_WAS_TB_spread,2024_01_WAS_TB,spread,-110.0,0.5129224652087475,-0.020784384601481964
2024_01_WAS_TB_spread,2024_01_WAS_TB,spread,-110.0,0.5272209100896427,0.006512646534772404
2024_01_WAS_TB_spread,2024_01_WAS_TB,spread,-110.0,0.5129224652087475,-0.020784384601481964
2024_02_BUF_MIA_spread,2024_02_BUF_MIA,spread,-110.0,0.5129224652087475,-0.020784384601481964
2024_02_BUF_MIA_spread,2024_02_BUF_MIA,spread,-110.0,0.5129224652087475,-0.020784384601481964
2024_02_BUF_MIA_spread,2024_02_BUF_MIA,spread,-110.0,0.5129224652087475,-0.020784384601481964
2024_02_BUF_MIA_spread,2024_02_BUF_MIA,spread,-110.0,0.5129224652087475,-0.020784384601481964
2024_02_CHI_HOU_spread,2024_02_CHI_HOU,spread,-110.0,0.5275779376498799,0.00719424460431628
2024_02_CHI_HOU_spread,2024_02_CHI_HOU,spread,-110.0,0.5129224652087475,-0.020784384601481964
2024_02_CHI_HOU_spread,2024_02_CHI_HOU,spread,-110.0,0.5275779376498799,0.00719424460431628
2024_02_CHI_HOU_spread,2024_02_CHI_HOU,spread,-110.0,0.5129224652087475,-0.020784384601481964
2024_02_CIN_KC_spread,2024_02_CIN_KC,spread,-110.0,0.5275779376498799,0.00719424460431628
2024_02_CIN_KC_spread,2024_02_CIN_KC,spread,-110.0,0.5154364539329043,-0.01598495158263724
2024_02_CIN_KC_spread,2024_02_CIN_KC,spread,-110.0,0.5275779376498799,0.00719424460431628
2024_02_CIN_KC_spread,2024_02_CIN_KC,spread,-110.0,0.5154364539329043,-0.01598495158263724
2024_02_NO_DAL_spread,2024_02_NO_DAL,spread,-110.0,0.5275779376498799,0.00719424460431628
2024_02_NO_DAL_spread,2024_02_NO_DAL,spread,-110.0,0.5154356662748135,-0.01598645529353776
2024_02_NO_DAL_spread,2024_02_NO_DAL,spread,-110.0,0.5275779376498799,0.00719424460431628
2024_02_NO_DAL_spread,2024_02_NO_DAL,spread,-110.0,0.5154356662748135,-0.01598645529353776
2024_02_SEA_NE_spread,2024_02_SEA_NE,spread,-110.0,0.5129224652087475,-0.020784384601481964
2024_03_CAR_LV_spread,2024_03_CAR_LV,spread,-110.0,0.5275779376498799,0.00719424460431628
2024_03_CAR_LV_spread,2024_03_CAR_LV,spread,-110.0,0.5129224652087475,-0.020784384601481964
2024_03_CAR_LV_spread,2024_03_CAR_LV,spread,-110.0,0.5275779376498799,0.00719424460431628
2024_03_CAR_LV_spread,2024_03_CAR_LV,spread,-110.0,0.5129224652087475,-0.020784384601481964
2024_03_DEN_TB_spread,2024_03_DEN_TB,spread,-110.0,0.5275779376498799,0.00719424460431628
2024_03_DEN_TB_spread,2024_03_DEN_TB,spread,-110.0,0.5129224652087475,-0.020784384601481964
2024_03_DEN_TB_spread,2024_03_DEN_TB,spread,-110.0,0.5275779376498799,0.00719424460431628
2024_03_DEN_TB_spread,2024_03_DEN_TB,spread,-110.0,0.5129224652087475,-0.020784384601481964
2024_03_HOU_MIN_spread,2024_03_HOU_MIN,spread,-110.0,0.5129224652087475,-0.020784384601481964
2024_03_HOU_MIN_spread,2024_03_HOU_MIN,spread,-110.0,0.5129224652087475,-0.020784384601481964
2024_03_HOU_MIN_spread,2024_03_HOU_MIN,spread,-110.0,0.5129224652087475,-0.020784384601481964
2024_03_HOU_MIN_spread,2024_03_HOU_MIN,spread,-110.0,0.5129224652087475,-0.020784384601481964
2024_03_KC_ATL_spread,2024_03_KC_ATL,spread,-110.0,0.5129224652087475,-0.020784384601481964
2024_03_KC_ATL_spread,2024_03_KC_ATL,spread,-110.0,0.5129224652087475,-0.020784384601481964
2024_03_KC_ATL_spread,2024_03_KC_ATL,spread,-110.0,0.5129224652087475,-0.020784384601481964
2024_03_KC_ATL_spread,2024_03_KC_ATL,spread,-110.0,0.5129224652087475,-0.020784384601481964
2024_03_LAC_PIT_spread,2024_03_LAC_PIT,spread,-110.0,0.5129224652087475,-0.020784384601481964
2024_04_BUF_BAL_spread,2024_04_BUF_BAL,spread,-110.0,0.5129224652087475,-0.020784384601481964
2024_04_BUF_BAL_spread,2024_04_BUF_BAL,spread,-110.0,0.5129224652087475,-0.020784384601481964
2024_04_BUF_BAL_spread,2024_04_BUF_BAL,spread,-110.0,0.5129224652087475,-0.020784384601481964
2024_04_BUF_BAL_spread,2024_04_BUF_BAL,spread,-110.0,0.5129224652087475,-0.020784384601481964
2024_04_CIN_CAR_spread,2024_04_CIN_CAR,spread,-110.0,0.5129224652087475,-0.020784384601481964
2024_04_CIN_CAR_spread,2024_04_CIN_CAR,spread,-110.0,0.5129224652087475,-0.020784384601481964
2024_04_CIN_CAR_spread,2024_04_CIN_CAR,spread,-110.0,0.5129224652087475,-0.020784384601481964
2024_04_CIN_CAR_spread,2024_04_CIN_CAR,spread,-110.0,0.5129224652087475,-0.020784384601481964
2024_04_DAL_NYG_spread,2024_04_DAL_NYG,spread,-110.0,0.5275779376498799,0.00719424460431628
2024_04_DAL_NYG_spread,2024_04_DAL_NYG,spread,-110.0,0.5275779376498799,0.00719424460431628
2024_04_DAL_NYG_spread,2024_04_DAL_NYG,spread,-110.0,0.5275779376498799,0.00719424460431628
2024_04_DAL_NYG_spread,2024_04_DAL_NYG,spread,-110.0,0.5275779376498799,0.00719424460431628
2024_04_DEN_NYJ_spread,2024_04_DEN_NYJ,spread,-110.0,0.5275779376498799,0.00719424460431628
2024_04_DEN_NYJ_spread,2024_04_DEN_NYJ,spread,-110.0,0.5262860909017746,0.00472799172156968
2024_04_DEN_NYJ_spread,2024_04_DEN_NYJ,spread,-110.0,0.5275779376498799,0.00719424460431628
2024_04_DEN_NYJ_spread,2024_04_DEN_NYJ,spread,-110.0,0.5262860909017746,0.00472799172156968
2024_04_KC_LAC_spread,2024_04_KC_LAC,spread,-110.0,0.5275779376498799,0.00719424460431628
2024_05_BAL_CIN_spread,2024_05_BAL_CIN,spread,-110.0,0.5129224652087475,-0.020784384601481964
2024_05_BAL_CIN_spread,2024_05_BAL_CIN,spread,-110.0,0.5129224652087475,-0.020784384601481964
2024_05_BAL_CIN_spread,2024_05_BAL_CIN,spread,-110.0,0.5129224652087475,-0.020784384601481964
2024_05_BAL_CIN_spread,2024_05_BAL_CIN,spread,-110.0,0.5129224652087475,-0.020784384601481964
2024_05_CAR_CHI_spread,2024_05_CAR_CHI,spread,-110.0,0.525782231996465,0.003766079265978717
2024_05_CAR_CHI_spread,2024_05_CAR_CHI,spread,-110.0,0.5129224652087475,-0.020784384601481964
2024_05_CAR_CHI_spread,2024_05_CAR_CHI,spread,-110.0,0.525782231996465,0.003766079265978717
2024_05_CAR_CHI_spread,2024_05_CAR_CHI,spread,-110.0,0.5129224652087475,-0.020784384601481964
2024_05_IND_JAX_spread,2024_05_IND_JAX,spread,-110.0,0.5146852792632853,-0.017419012315546156
2024_05_IND_JAX_spread,2024_05_IND_JAX,spread,-110.0,0.5129224652087475,-0.020784384601481964
2024_05_IND_JAX_spread,2024_05_IND_JAX,spread,-110.0,0.5146852792632853,-0.017419012315546156
2024_05_IND_JAX_spread,2024_05_IND_JAX,spread,-110.0,0.5129224652087475,-0.020784384601481964
2024_05_NYG_SEA_spread,2024_05_NYG_SEA,spread,-110.0,0.5275779376498799,0.00719424460431628
2024_05_NYG_SEA_spread,2024_05_NYG_SEA,spread,-110.0,0.5253164556962026,0.0028768699654776464
2024_05_NYG_SEA_spread,2024_05_NYG_SEA,spread,-110.0,0.5275779376498799,0.00719424460431628
2024_05_NYG_SEA_spread,2024_05_NYG_SEA,spread,-110.0,0.5253164556962026,0.0028768699654776464
2024_05_NYJ_MIN_spread,2024_05_NYJ_MIN,spread,-110.0,0.5129224652087475,-0.020784384601481964
2024_06_ATL_CAR_spread,2024_06_ATL_CAR,spread,-110.0,0.5275779376498799,0.00719424460431628
2024_06_ATL_CAR_spread,2024_06_ATL_CAR,spread,-110.0,0.5275779376498799,0.00719424460431628
2024_06_ATL_CAR_spread,2024_06_ATL_CAR,spread,-110.0,0.5275779376498799,0.00719424460431628
2024_06_ATL_CAR_spread,2024_06_ATL_CAR,spread,-110.0,0.5275779376498799,0.00719424460431628
2024_06_BUF_NYJ_spread,2024_06_BUF_NYJ,spread,-110.0,0.5129224652087475,-0.020784384601481964
2024_06_BUF_NYJ_spread,2024_06_BUF_NYJ,spread,-110.0,0.5129224652087475,-0.020784384601481964
2024_06_BUF_NYJ_spread,2024_06_BUF_NYJ,spread,-110.0,0.5129224652087475,-0.020784384601481964
2024_06_BUF_NYJ_spread,2024_06_BUF_NYJ,spread,-110.0,0.5129224652087475,-0.020784384601481964
2024_06_CIN_NYG_spread,2024_06_CIN_NYG,spread,-110.0,0.5275779376498799,0.00719424460431628
2024_06_CIN_NYG_spread,2024_06_CIN_NYG,spread,-110.0,0.5275779376498799,0.00719424460431628
2024_06_CIN_NYG_spread,2024_06_CIN_NYG,spread,-110.0,0.5275779376498799,0.00719424460431628
2024_06_CIN_NYG_spread,2024_06_CIN_NYG,spread,-110.0,0.5275779376498799,0.00719424460431628
2024_06_IND_TEN_spread,2024_06_IND_TEN,spread,-110.0,0.5129224652087475,-0.020784384601481964
2024_06_IND_TEN_spread,2024_06_IND_TEN,spread,-110.0,0.5129224652087475,-0.020784384601481964
2024_06_IND_TEN_spread,2024_06_IND_TEN,spread,-110.0,0.5129224652087475,-0.020784384601481964
2024_06_IND_TEN_spread,2024_06_IND_TEN,spread,-110.0,0.5129224652087475,-0.020784384601481964
2024_06_JAX_CHI_spread,2024_06_JAX_CHI,spread,-110.0,0.5129224652087475,-0.020784384601481964
2024_06_JAX_CHI_spread,2024_06_JAX_CHI,spread,-110.0,0.5129224652087475,-0.020784384601481964
2024_06_JAX_CHI_spread,2024_06_JAX_CHI,spread,-110.0,0.5129224652087475,-0.020784384601481964
2024_06_JAX_CHI_spread,2024_06_JAX_CHI,spread,-110.0,0.5129224652087475,-0.020784384601481964
2024_07_BAL_TB_spread,2024_07_BAL_TB,spread,-110.0,0.5275779376498799,0.00719424460431628
2024_07_BAL_TB_spread,2024_07_BAL_TB,spread,-110.0,0.5275779376498799,0.00719424460431628
2024_07_BAL_TB_spread,2024_07_BAL_TB,spread,-110.0,0.5275779376498799,0.00719424460431628
2024_07_BAL_TB_spread,2024_07_BAL_TB,spread,-110.0,0.5275779376498799,0.00719424460431628
2024_07_CAR_WAS_spread,2024_07_CAR_WAS,spread,-110.0,0.5275779376498799,0.00719424460431628
2024_07_CAR_WAS_spread,2024_07_CAR_WAS,spread,-110.0,0.5275779376498799,0.00719424460431628
2024_07_CAR_WAS_spread,2024_07_CAR_WAS,spread,-110.0,0.5275779376498799,0.00719424460431628
2024_07_CAR_WAS_spread,2024_07_CAR_WAS,spread,-110.0,0.5275779376498799,0.00719424460431628
2024_07_DET_MIN_spread,2024_07_DET_MIN,spread,-110.0,0.5129224652087475,-0.020784384601481964
2024_07_DET_MIN_spread,2024_07_DET_MIN,spread,-110.0,0.3663620167023251,-0.30058160447737925
2024_07_DET_MIN_spread,2024_07_DET_MIN,spread,-110.0,0.5129224652087475,-0.020784384601481964
2024_07_DET_MIN_spread,2024_07_DET_MIN,spread,-110.0,0.3663620167023251,-0.30058160447737925
2024_07_NE_JAX_spread,2024_07_NE_JAX,spread,-110.0,0.5275779376498799,0.00719424460431628
2024_07_NE_JAX_spread,2024_07_NE_JAX,spread,-110.0,0.5213150635735796,-0.004762151359529843
2024_07_NE_JAX_spread,2024_07_NE_JAX,spread,-110.0,0.5275779376498799,0.00719424460431628
2024_07_NE_JAX_spread,2024_07_NE_JAX,spread,-110.0,0.5213150635735796,-0.004762151359529843
2024_07_NYJ_PIT_spread,2024_07_NYJ_PIT,spread,-110.0,0.5206909288379498,-0.005953681309368575
2024_08_ATL_TB_spread,2024_08_ATL_TB,spread,-110.0,0.5129224652087475,-0.020784384601481964
2024_08_ATL_TB_spread,2024_08_ATL_TB,spread,-110.0,0.5129224652087475,-0.020784384601481964
2024_08_ATL_TB_spread,2024_08_ATL_TB,spread,-110.0,0.5129224652087475,-0.020784384601481964
2024_08_ATL_TB_spread,2024_08_ATL_TB,spread,-110.0,0.5129224652087475,-0.020784384601481964
2024_08_BAL_CLE_spread,2024_08_BAL_CLE,spread,-110.0,0.5275779376498799,0.00719424460431628
2024_08_BAL_CLE_spread,2024_08_BAL_CLE,spread,-110.0,0.5275779376498799,0.00719424460431628
2024_08_BAL_CLE_spread,2024_08_BAL_CLE,spread,-110.0,0.5275779376498799,0.00719424460431628
2024_08_BAL_CLE_spread,2024_08_BAL_CLE,spread,-110.0,0.5275779376498799,0.00719424460431628
2024_08_CAR_DEN_spread,2024_08_CAR_DEN,spread,-110.0,0.5275779376498799,0.00719424460431628
2024_08_CAR_DEN_spread,2024_08_CAR_DEN,spread,-110.0,0.5275779376498799,0.00719424460431628
2024_08_CAR_DEN_spread,2024_08_CAR_DEN,spread,-110.0,0.5275779376498799,0.00719424460431628
2024_08_CAR_DEN_spread,2024_08_CAR_DEN,spread,-110.0,0.5275779376498799,0.00719424460431628
2024_08_CHI_WAS_spread,2024_08_CHI_WAS,spread,-110.0,0.5129224652087475,-0.020784384601481964
2024_08_CHI_WAS_spread,2024_08_CHI_WAS,spread,-110.0,0.5129224652087475,-0.020784384601481964
2024_08_CHI_WAS_spread,2024_08_CHI_WAS,spread,-110.0,0.5129224652087475,-0.020784384601481964
2024_08_CHI_WAS_spread,2024_08_CHI_WAS,spread,-110.0,0.5129224652087475,-0.020784384601481964
2024_08_GB_JAX_spread,2024_08_GB_JAX,spread,-110.0,0.5268734768025755,0.005849364804916823
2024_09_CHI_ARI_spread,2024_09_CHI_ARI,spread,-110.0,0.5129224652087475,-0.020784384601481964
2024_09_CHI_ARI_spread,2024_09_CHI_ARI,spread,-110.0,0.5129224652087475,-0.020784384601481964
2024_09_CHI_ARI_spread,2024_09_CHI_ARI,spread,-110.0,0.5129224652087475,-0.020784384601481964
2024_09_CHI_ARI_spread,2024_09_CHI_ARI,spread,-110.0,0.5129224652087475,-0.020784384601481964
2024_09_DEN_BAL_spread,2024_09_DEN_BAL,spread,-110.0,0.5275779376498799,0.00719424460431628
2024_09_DEN_BAL_spread,2024_09_DEN_BAL,spread,-110.0,0.5275779376498799,0.00719424460431628
2024_09_DEN_BAL_spread,2024_09_DEN_BAL,spread,-110.0,0.5275779376498799,0.00719424460431628
2024_09_DEN_BAL_spread,2024_09_DEN_BAL,spread,-110.0,0.5275779376498799,0.00719424460431628
2024_09_DET_GB_spread,2024_09_DET_GB,spread,-110.0,0.5129224652087475,-0.020784384601481964
2024_09_DET_GB_spread,2024_09_DET_GB,spread,-110.0,0.5129224652087475,-0.020784384601481964
2024_09_DET_GB_spread,2024_09_DET_GB,spread,-110.0,0.5129224652087475,-0.020784384601481964
2024_09_DET_GB_spread,2024_09_DET_GB,spread,-110.0,0.5129224652087475,-0.020784384601481964
2024_09_HOU_NYJ_spread,2024_09_HOU_NYJ,spread,-110.0,0.5129224652087475,-0.020784384601481964
2024_09_HOU_NYJ_spread,2024_09_HOU_NYJ,spread,-110.0,0.5129224652087475,-0.020784384601481964
2024_09_HOU_NYJ_spread,2024_09_HOU_NYJ,spread,-110.0,0.5129224652087475,-0.020784384601481964
2024_09_HOU_NYJ_spread,2024_09_HOU_NYJ,spread,-110.0,0.5129224652087475,-0.020784384601481964
2024_09_JAX_PHI_spread,2024_09_JAX_PHI,spread,-110.0,0.5275779376498799,0.00719424460431628
2024_10_BUF_IND_spread,2024_10_BUF_IND,spread,-110.0,0.5275779376498799,0.00719424460431628
2024_10_BUF_IND_spread,2024_10_BUF_IND,spread,-110.0,0.5275779376498799,0.00719424460431628
2024_10_BUF_IND_spread,2024_10_BUF_IND,spread,-110.0,0.5275779376498799,0.00719424460431628
2024_10_BUF_IND_spread,2024_10_BUF_IND,spread,-110.0,0.5275779376498799,0.00719424460431628
2024_10_DEN_KC_spread,2024_10_DEN_KC,spread,-110.0,0.5275779376498799,0.00719424460431628
2024_10_DEN_KC_spread,2024_10_DEN_KC,spread,-110.0,0.5266429121861003,0.005409195991646021
2024_10_DEN_KC_spread,2024_10_DEN_KC,spread,-110.0,0.5275779376498799,0.00719424460431628
2024_10_DEN_KC_spread,2024_10_DEN_KC,spread,-110.0,0.5266429121861003,0.005409195991646021
2024_10_DET_HOU_spread,2024_10_DET_HOU,spread,-110.0,0.5275779376498799,0.00719424460431628
2024_10_DET_HOU_spread,2024_10_DET_HOU,spread,-110.0,0.5275779376498799,0.00719424460431628
2024_10_DET_HOU_spread,2024_10_DET_HOU,spread,-110.0,0.5275779376498799,0.00719424460431628
2024_10_DET_HOU_spread,2024_10_DET_HOU,spread,-110.0,0.5275779376498799,0.00719424460431628
2024_10_MIA_LA_spread,2024_10_MIA_LA,spread,-110.0,0.5129224652087475,-0.020784384601481964
2024_10_MIA_LA_spread,2024_10_MIA_LA,spread,-110.0,0.5129224652087475,-0.020784384601481964
2024_10_MIA_LA_spread,2024_10_MIA_LA,spread,-110.0,0.5129224652087475,-0.020784384601481964
2024_10_MIA_LA_spread,2024_10_MIA_LA,spread,-110.0,0.5129224652087475,-0.020784384601481964
2024_10_NYJ_ARI_spread,2024_10_NYJ_ARI,spread,-110.0,0.5129224652087475,-0.020784384601481964
2024_11_BAL_PIT_spread,2024_11_BAL_PIT,spread,-110.0,0.5207110725931323,-0.005915225049474615
2024_11_BAL_PIT_spread,2024_11_BAL_PIT,spread,-110.0,0.5207110725931323,-0.005915225049474615
2024_11_BAL_PIT_spread,2024_11_BAL_PIT,spread,-110.0,0.5207110725931323,-0.005915225049474615
2024_11_BAL_PIT_spread,2024_11_BAL_PIT,spread,-110.0,0.5207110725931323,-0.005915225049474615
2024_11_CIN_LAC_spread,2024_11_CIN_LAC,spread,-110.0,0.5129224652087475,-0.020784384601481964
2024_11_CIN_LAC_spread,2024_11_CIN_LAC,spread,-110.0,0.3666260034210263,-0.3000776298325862
2024_11_CIN_LAC_spread,2024_11_CIN_LAC,spread,-110.0,0.5129224652087475,-0.020784384601481964
2024_11_CIN_LAC_spread,2024_11_CIN_LAC,spread,-110.0,0.3666260034210263,-0.3000776298325862
2024_11_KC_BUF_spread,2024_11_KC_BUF,spread,-110.0,0.5129224652087475,-0.020784384601481964
2024_11_KC_BUF_spread,2024_11_KC_BUF,spread,-110.0,0.5129224652087475,-0.020784384601481964
2024_11_KC_BUF_spread,2024_11_KC_BUF,spread,-110.0,0.5129224652087475,-0.020784384601481964
2024_11_KC_BUF_spread,2024_11_KC_BUF,spread,-110.0,0.5129224652087475,-0.020784384601481964
2024_11_LA_NE_spread,2024_11_LA_NE,spread,-110.0,0.5275779376498799,0.00719424460431628
2024_11_LA_NE_spread,2024_11_LA_NE,spread,-110.0,0.5275779376498799,0.00719424460431628
2024_11_LA_NE_spread,2024_11_LA_NE,spread,-110.0,0.5275779376498799,0.00719424460431628
2024_11_LA_NE_spread,2024_11_LA_NE,spread,-110.0,0.5275779376498799,0.00719424460431628
2024_11_LV_MIA_spread,2024_11_LV_MIA,spread,-110.0,0.5275779376498799,0.00719424460431628
2024_11_LV_MIA_spread,2024_11_LV_MIA,spread,-110.0,0.5275779376498799,0.00719424460431628
2024_11_LV_MIA_spread,2024_11_LV_MIA,spread,-110.0,0.5275779376498799,0.00719424460431628
2024_11_LV_MIA_spread,2024_11_LV_MIA,spread,-110.0,0.5275779376498799,0.00719424460431628
2024_12_ARI_SEA_spread,2024_12_ARI_SEA,spread,-110.0,0.5129224652087475,-0.020784384601481964
2024_12_ARI_SEA_spread,2024_12_ARI_SEA,spread,-110.0,0.5129224652087475,-0.020784384601481964
2024_12_ARI_SEA_spread,2024_12_ARI_SEA,spread,-110.0,0.5129224652087475,-0.020784384601481964
2024_12_ARI_SEA_spread,2024_12_ARI_SEA,spread,-110.0,0.5129224652087475,-0.020784384601481964
2024_12_BAL_LAC_spread,2024_12_BAL_LAC,spread,-110.0,0.5207140246256123,-0.0059095893511036945
2024_12_BAL_LAC_spread,2024_12_BAL_LAC,spread,-110.0,0.5207140246256123,-0.0059095893511036945
2024_12_BAL_LAC_spread,2024_12_BAL_LAC,spread,-110.0,0.5207140246256123,-0.0059095893511036945
2024_12_BAL_LAC_spread,2024_12_BAL_LAC,spread,-110.0,0.5207140246256123,-0.0059095893511036945
2024_12_DEN_LV_spread,2024_12_DEN_LV,spread,-110.0,0.5275779376498799,0.00719424460431628
2024_12_DEN_LV_spread,2024_12_DEN_LV,spread,-110.0,0.5275779376498799,0.00719424460431628
2024_12_DEN_LV_spread,2024_12_DEN_LV,spread,-110.0,0.5275779376498799,0.00719424460431628
2024_12_DEN_LV_spread,2024_12_DEN_LV,spread,-110.0,0.5275779376498799,0.00719424460431628
2024_12_NE_MIA_spread,2024_12_NE_MIA,spread,-110.0,0.5275779376498799,0.00719424460431628
2024_12_NE_MIA_spread,2024_12_NE_MIA,spread,-110.0,0.5266445109871064,0.005412248248112261
2024_12_NE_MIA_spread,2024_12_NE_MIA,spread,-110.0,0.5275779376498799,0.00719424460431628
2024_12_NE_MIA_spread,2024_12_NE_MIA,spread,-110.0,0.5266445109871064,0.005412248248112261
2024_12_PHI_LA_spread,2024_12_PHI_LA,spread,-110.0,0.5129224652087475,-0.020784384601481964
2024_13_CHI_DET_spread,2024_13_CHI_DET,spread,-110.0,0.5275779376498799,0.00719424460431628
2024_13_CHI_DET_spread,2024_13_CHI_DET,spread,-110.0,0.5275779376498799,0.00719424460431628
2024_13_CHI_DET_spread,2024_13_CHI_DET,spread,-110.0,0.5275779376498799,0.00719424460431628
2024_13_CHI_DET_spread,2024_13_CHI_DET,spread,-110.0,0.5275779376498799,0.00719424460431628
2024_13_CHI_DET_spread,2024_13_CHI_DET,spread,-110.0,0.5275779376498799,0.00719424460431628
2024_13_CHI_DET_spread,2024_13_CHI_DET,spread,-110.0,0.5275779376498799,0.00719424460431628
2024_13_CHI_DET_spread,2024_13_CHI_DET,spread,-110.0,0.5275779376498799,0.00719424460431628
2024_13_CHI_DET_spread,2024_13_CHI_DET,spread,-110.0,0.5275779376498799,0.00719424460431628
2024_13_CHI_DET_spread,2024_13_CHI_DET,spread,-110.0,0.5275779376498799,0.00719424460431628
2024_13_LV_KC_spread,2024_13_LV_KC,spread,-110.0,0.5275779376498799,0.00719424460431628
2024_13_LV_KC_spread,2024_13_LV_KC,spread,-110.0,0.5275779376498799,0.00719424460431628
2024_13_LV_KC_spread,2024_13_LV_KC,spread,-110.0,0.5275779376498799,0.00719424460431628
2024_13_LV_KC_spread,2024_13_LV_KC,spread,-110.0,0.5275779376498799,0.00719424460431628
2024_13_MIA_GB_spread,2024_13_MIA_GB,spread,-110.0,0.5146789769054574,-0.017431044089581293
2024_13_MIA_GB_spread,2024_13_MIA_GB,spread,-110.0,0.5129224652087475,-0.020784384601481964
2024_13_MIA_GB_spread,2024_13_MIA_GB,spread,-110.0,0.5146789769054574,-0.017431044089581293
2024_13_MIA_GB_spread,2024_13_MIA_GB,spread,-110.0,0.5129224652087475,-0.020784384601481964
2024_13_NYG_DAL_spread,2024_13_NYG_DAL,spread,-110.0,0.5275779376498799,0.00719424460431628
2024_13_NYG_DAL_spread,2024_13_NYG_DAL,spread,-110.0,0.5129224652087475,-0.020784384601481964
2024_13_NYG_DAL_spread,2024_13_NYG_DAL,spread,-110.0,0.5275779376498799,0.00719424460431628
2024_13_NYG_DAL_spread,2024_13_NYG_DAL,spread,-110.0,0.5129224652087475,-0.020784384601481964
2024_14_BUF_LA_spread,2024_14_BUF_LA,spread,-110.0,0.5268737051310277,0.005849800704689323
2024_14_BUF_LA_spread,2024_14_BUF_LA,spread,-110.0,0.5268737051310277,0.005849800704689323
2024_14_BUF_LA_spread,2024_14_BUF_LA,spread,-110.0,0.5268737051310277,0.005849800704689323
2024_14_BUF_LA_spread,2024_14_BUF_LA,spread,-110.0,0.5268737051310277,0.005849800704689323
2024_14_CLE_PIT_spread,2024_14_CLE_PIT,spread,-110.0,0.5275779376498799,0.00719424460431628
2024_14_CLE_PIT_spread,2024_14_CLE_PIT,spread,-110.0,0.5129224652087475,-0.020784384601481964
2024_14_CLE_PIT_spread,2024_14_CLE_PIT,spread,-110.0,0.5275779376498799,0.00719424460431628
2024_14_CLE_PIT_spread,2024_14_CLE_PIT,spread,-110.0,0.5129224652087475,-0.020784384601481964
2024_14_GB_DET_spread,2024_14_GB_DET,spread,-110.0,0.5129224652087475,-0.020784384601481964
2024_14_GB_DET_spread,2024_14_GB_DET,spread,-110.0,0.5129224652087475,-0.020784384601481964
2024_14_GB_DET_spread,2024_14_GB_DET,spread,-110.0,0.5129224652087475,-0.020784384601481964
2024_14_GB_DET_spread,2024_14_GB_DET,spread,-110.0,0.5129224652087475,-0.020784384601481964
2024_14_LAC_KC_spread,2024_14_LAC_KC,spread,-110.0,0.5275779376498799,0.00719424460431628
2024_14_LAC_KC_spread,2024_14_LAC_KC,spread,-110.0,0.5129224652087475,-0.020784384601481964
2024_14_LAC_KC_spread,2024_14_LAC_KC,spread,-110.0,0.5275779376498799,0.00719424460431628
2024_14_LAC_KC_spread,2024_14_LAC_KC,spread,-110.0,0.5129224652087475,-0.020784384601481964
2024_14_LV_TB_spread,2024_14_LV_TB,spread,-110.0,0.5275779376498799,0.00719424460431628
2024_15_ATL_LV_spread,2024_15_ATL_LV,spread,-110.0,0.5275779376498799,0.00719424460431628
2024_15_ATL_LV_spread,2024_15_ATL_LV,spread,-110.0,0.5275779376498799,0.00719424460431628
2024_15_ATL_LV_spread,2024_15_ATL_LV,spread,-110.0,0.5275779376498799,0.00719424460431628
2024_15_ATL_LV_spread,2024_15_ATL_LV,spread,-110.0,0.5275779376498799,0.00719424460431628
2024_15_BAL_NYG_spread,2024_15_BAL_NYG,spread,-110.0,0.56,0.0690909090909092
2024_15_CHI_MIN_spread,2024_15_CHI_MIN,spread,-110.0,0.5275779376498799,0.00719424460431628
2024_15_CHI_MIN_spread,2024_15_CHI_MIN,spread,-110.0,0.5253164556962026,0.0028768699654776464
2024_15_CHI_MIN_spread,2024_15_CHI_MIN,spread,-110.0,0.5275779376498799,0.00719424460431628
2024_15_CHI_MIN_spread,2024_15_CHI_MIN,spread,-110.0,0.5253164556962026,0.0028768699654776464
2024_15_GB_SEA_spread,2024_15_GB_SEA,spread,-110.0,0.520706468370124,-0.005924014929763188
2024_15_GB_SEA_spread,2024_15_GB_SEA,spread,-110.0,0.520706468370124,-0.005924014929763188
2024_15_GB_SEA_spread,2024_15_GB_SEA,spread,-110.0,0.520706468370124,-0.005924014929763188
2024_15_GB_SEA_spread,2024_15_GB_SEA,spread,-110.0,0.520706468370124,-0.005924014929763188
2024_15_IND_DEN_spread,2024_15_IND_DEN,spread,-110.0,0.5275779376498799,0.00719424460431628
2024_15_IND_DEN_spread,2024_15_IND_DEN,spread,-110.0,0.5129224652087475,-0.020784384601481964
2024_15_IND_DEN_spread,2024_15_IND_DEN,spread,-110.0,0.5275779376498799,0.00719424460431628
2024_15_IND_DEN_spread,2024_15_IND_DEN,spread,-110.0,0.5129224652087475,-0.020784384601481964
2024_16_ARI_CAR_spread,2024_16_ARI_CAR,spread,-110.0,0.5275779376498799,0.00719424460431628
2024_16_ARI_CAR_spread,2024_16_ARI_CAR,spread,-110.0,0.5275779376498799,0.00719424460431628
2024_16_ARI_CAR_spread,2024_16_ARI_CAR,spread,-110.0,0.5275779376498799,0.00719424460431628
2024_16_ARI_CAR_spread,2024_16_ARI_CAR,spread,-110.0,0.5275779376498799,0.00719424460431628
2024_16_DEN_LAC_spread,2024_16_DEN_LAC,spread,-110.0,0.5129224652087475,-0.020784384601481964
2024_16_DEN_LAC_spread,2024_16_DEN_LAC,spread,-110.0,0.5129224652087475,-0.020784384601481964
2024_16_DEN_LAC_spread,2024_16_DEN_LAC,spread,-110.0,0.5129224652087475,-0.020784384601481964
2024_16_DEN_LAC_spread,2024_16_DEN_LAC,spread,-110.0,0.5129224652087475,-0.020784384601481964
2024_16_DET_CHI_spread,2024_16_DET_CHI,spread,-110.0,0.5253164556962026,0.0028768699654776464
2024_16_DET_CHI_spread,2024_16_DET_CHI,spread,-110.0,0.5253164556962026,0.0028768699654776464
2024_16_DET_CHI_spread,2024_16_DET_CHI,spread,-110.0,0.5253164556962026,0.0028768699654776464
2024_16_DET_CHI_spread,2024_16_DET_CHI,spread,-110.0,0.5253164556962026,0.0028768699654776464
2024_16_HOU_KC_spread,2024_16_HOU_KC,spread,-110.0,0.5146915813986924,-0.017406980966132635
2024_16_HOU_KC_spread,2024_16_HOU_KC,spread,-110.0,0.5129224652087475,-0.020784384601481964
2024_16_HOU_KC_spread,2024_16_HOU_KC,spread,-110.0,0.5146915813986924,-0.017406980966132635
2024_16_HOU_KC_spread,2024_16_HOU_KC,spread,-110.0,0.5129224652087475,-0.020784384601481964
2024_16_MIN_SEA_spread,2024_16_MIN_SEA,spread,-110.0,0.5129224652087475,-0.020784384601481964
2024_17_ARI_LA_spread,2024_17_ARI_LA,spread,-110.0,0.5275779376498799,0.00719424460431628
2024_17_ARI_LA_spread,2024_17_ARI_LA,spread,-110.0,0.5213301690071614,-0.004733313713600806
2024_17_ARI_LA_spread,2024_17_ARI_LA,spread,-110.0,0.5275779376498799,0.00719424460431628
2024_17_ARI_LA_spread,2024_17_ARI_LA,spread,-110.0,0.5213301690071614,-0.004733313713600806
2024_17_ATL_WAS_spread,2024_17_ATL_WAS,spread,-110.0,0.5146814979290517,-0.01742623122635578
2024_17_ATL_WAS_spread,2024_17_ATL_WAS,spread,-110.0,0.5129224652087475,-0.020784384601481964
2024_17_ATL_WAS_spread,2024_17_ATL_WAS,spread,-110.0,0.5146814979290517,-0.01742623122635578
2024_17_ATL_WAS_spread,2024_17_ATL_WAS,spread,-110.0,0.5129224652087475,-0.020784384601481964
2024_17_BAL_HOU_spread,2024_17_BAL_HOU,spread,-110.0,0.5275779376498799,0.00719424460431628
2024_17_BAL_HOU_spread,2024_17_BAL_HOU,spread,-110.0,0.5275779376498799,0.00719424460431628
2024_17_BAL_HOU_spread,2024_17_BAL_HOU,spread,-110.0,0.5275779376498799,0.00719424460431628
2024_17_BAL_HOU_spread,2024_17_BAL_HOU,spread,-110.0,0.5275779376498799,0.00719424460431628
2024_17_CAR_TB_spread,2024_17_CAR_TB,spread,-110.0,0.5275779376498799,0.00719424460431628
2024_17_CAR_TB_spread,2024_17_CAR_TB,spread,-110.0,0.5275779376498799,0.00719424460431628
2024_17_CAR_TB_spread,2024_17_CAR_TB,spread,-110.0,0.5275779376498799,0.00719424460431628
2024_17_CAR_TB_spread,2024_17_CAR_TB,spread,-110.0,0.5275779376498799,0.00719424460431628
2024_17_DET_SF_spread,2024_17_DET_SF,spread,-110.0,0.5275779376498799,0.00719424460431628
2024_18_CAR_ATL_spread,2024_18_CAR_ATL,spread,-110.0,0.5275779376498799,0.00719424460431628
2024_18_CAR_ATL_spread,2024_18_CAR_ATL,spread,-110.0,0.5266456537964608,0.00541442997506153
2024_18_CAR_ATL_spread,2024_18_CAR_ATL,spread,-110.0,0.5275779376498799,0.00719424460431628
2024_18_CAR_ATL_spread,2024_18_CAR_ATL,spread,-110.0,0.5266456537964608,0.00541442997506153
2024_18_CHI_GB_spread,2024_18_CHI_GB,spread,-110.0,0.5275779376498799,0.00719424460431628
2024_18_CHI_GB_spread,2024_18_CHI_GB,spread,-110.0,0.5275779376498799,0.00719424460431628
2024_18_CHI_GB_spread,2024_18_CHI_GB,spread,-110.0,0.5275779376498799,0.00719424460431628
2024_18_CHI_GB_spread,2024_18_CHI_GB,spread,-110.0,0.5275779376498799,0.00719424460431628
2024_18_JAX_IND_spread,2024_18_JAX_IND,spread,-110.0,0.5146840188188614,-0.0174214186185373
2024_18_JAX_IND_spread,2024_18_JAX_IND,spread,-110.0,0.5129224652087475,-0.020784384601481964
2024_18_JAX_IND_spread,2024_18_JAX_IND,spread,-110.0,0.5146840188188614,-0.0174214186185373
2024_18_JAX_IND_spread,2024_18_JAX_IND,spread,-110.0,0.5129224652087475,-0.020784384601481964
2024_18_KC_DEN_spread,2024_18_KC_DEN,spread,-110.0,0.5275779376498799,0.00719424460431628
2024_18_KC_DEN_spread,2024_18_KC_DEN,spread,-110.0,0.5275779376498799,0.00719424460431628
2024_18_KC_DEN_spread,2024_18_KC_DEN,spread,-110.0,0.5275779376498799,0.00719424460431628
2024_18_KC_DEN_spread,2024_18_KC_DEN,spread,-110.0,0.5275779376498799,0.00719424460431628
2024_18_LAC_LV_spread,2024_18_LAC_LV,spread,-110.0,0.5275779376498799,0.00719424460431628
2024_19_DEN_BUF_spread,2024_19_DEN_BUF,spread,-110.0,0.5275779376498799,0.00719424460431628
2024_19_DEN_BUF_spread,2024_19_DEN_BUF,spread,-110.0,0.5275779376498799,0.00719424460431628
2024_19_DEN_BUF_spread,2024_19_DEN_BUF,spread,-110.0,0.5275779376498799,0.00719424460431628
2024_19_DEN_BUF_spread,2024_19_DEN_BUF,spread,-110.0,0.5266456537964608,0.00541442997506153
2024_19_DEN_BUF_spread,2024_19_DEN_BUF,spread,-110.0,0.5275779376498799,0.00719424460431628
2024_19_DEN_BUF_spread,2024_19_DEN_BUF,spread,-110.0,0.5275779376498799,0.00719424460431628
2024_19_DEN_BUF_spread,2024_19_DEN_BUF,spread,-110.0,0.5275779376498799,0.00719424460431628
2024_19_DEN_BUF_spread,2024_19_DEN_BUF,spread,-110.0,0.5266456537964608,0.00541442997506153
2024_19_DEN_BUF_spread,2024_19_DEN_BUF,spread,-110.0,0.5275779376498799,0.00719424460431628
2024_19_DEN_BUF_spread,2024_19_DEN_BUF,spread,-110.0,0.5275779376498799,0.00719424460431628
2024_19_DEN_BUF_spread,2024_19_DEN_BUF,spread,-110.0,0.5275779376498799,0.00719424460431628
2024_19_DEN_BUF_spread,2024_19_DEN_BUF,spread,-110.0,0.5266456537964608,0.00541442997506153
2024_19_DEN_BUF_spread,2024_19_DEN_BUF,spread,-110.0,0.5275779376498799,0.00719424460431628
2024_19_DEN_BUF_spread,2024_19_DEN_BUF,spread,-110.0,0.5275779376498799,0.00719424460431628
2024_19_DEN_BUF_spread,2024_19_DEN_BUF,spread,-110.0,0.5275779376498799,0.00719424460431628
2024_19_DEN_BUF_spread,2024_19_DEN_BUF,spread,-110.0,0.5266456537964608,0.00541442997506153
2024_19_GB_PHI_spread,2024_19_GB_PHI,spread,-110.0,0.5275779376498799,0.00719424460431628
2024_19_GB_PHI_spread,2024_19_GB_PHI,spread,-110.0,0.5129224652087475,-0.020784384601481964
2024_19_GB_PHI_spread,2024_19_GB_PHI,spread,-110.0,0.5129224652087475,-0.020784384601481964
2024_19_GB_PHI_spread,2024_19_GB_PHI,spread,-110.0,0.5275779376498799,0.00719424460431628
2024_19_GB_PHI_spread,2024_19_GB_PHI,spread,-110.0,0.5129224652087475,-0.020784384601481964
2024_19_GB_PHI_spread,2024_19_GB_PHI,spread,-110.0,0.5129224652087475,-0.020784384601481964
2024_19_GB_PHI_spread,2024_19_GB_PHI,spread,-110.0,0.5275779376498799,0.00719424460431628
2024_19_GB_PHI_spread,2024_19_GB_PHI,spread,-110.0,0.5129224652087475,-0.020784384601481964
2024_19_GB_PHI_spread,2024_19_GB_PHI,spread,-110.0,0.5129224652087475,-0.020784384601481964
2024_19_PIT_BAL_spread,2024_19_PIT_BAL,spread,-110.0,0.5275779376498799,0.00719424460431628
2024_19_PIT_BAL_spread,2024_19_PIT_BAL,spread,-110.0,0.5275779376498799,0.00719424460431628
2024_19_PIT_BAL_spread,2024_19_PIT_BAL,spread,-110.0,0.5275779376498799,0.00719424460431628
2024_19_PIT_BAL_spread,2024_19_PIT_BAL,spread,-110.0,0.5275779376498799,0.00719424460431628
2024_20_BAL_BUF_spread,2024_20_BAL_BUF,spread,-110.0,0.5129224652087475,-0.020784384601481964
2024_20_BAL_BUF_spread,2024_20_BAL_BUF,spread,-110.0,0.5129224652087475,-0.020784384601481964
2024_20_BAL_BUF_spread,2024_20_BAL_BUF,spread,-110.0,0.5129224652087475,-0.020784384601481964
2024_20_BAL_BUF_spread,2024_20_BAL_BUF,spread,-110.0,0.5129224652087475,-0.020784384601481964
2024_20_HOU_KC_spread,2024_20_HOU_KC,spread,-110.0,0.5275779376498799,0.00719424460431628
2024_20_HOU_KC_spread,2024_20_HOU_KC,spread,-110.0,0.5275779376498799,0.00719424460431628
2024_20_HOU_KC_spread,2024_20_HOU_KC,spread,-110.0,0.5275779376498799,0.00719424460431628
2024_20_HOU_KC_spread,2024_20_HOU_KC,spread,-110.0,0.5275779376498799,0.00719424460431628
2024_20_HOU_KC_spread,2024_20_HOU_KC,spread,-110.0,0.5275779376498799,0.00719424460431628
2024_20_HOU_KC_spread,2024_20_HOU_KC,spread,-110.0,0.5275779376498799,0.00719424460431628
2024_20_HOU_KC_spread,2024_20_HOU_KC,spread,-110.0,0.5275779376498799,0.00719424460431628
2024_20_HOU_KC_spread,2024_20_HOU_KC,spread,-110.0,0.5275779376498799,0.00719424460431628
2024_20_HOU_KC_spread,2024_20_HOU_KC,spread,-110.0,0.5275779376498799,0.00719424460431628
2024_20_HOU_KC_spread,2024_20_HOU_KC,spread,-110.0,0.5275779376498799,0.00719424460431628
2024_20_HOU_KC_spread,2024_20_HOU_KC,spread,-110.0,0.5275779376498799,0.00719424460431628
2024_20_HOU_KC_spread,2024_20_HOU_KC,spread,-110.0,0.5275779376498799,0.00719424460431628
2024_20_HOU_KC_spread,2024_20_HOU_KC,spread,-110.0,0.5275779376498799,0.00719424460431628
2024_20_HOU_KC_spread,2024_20_HOU_KC,spread,-110.0,0.5275779376498799,0.00719424460431628
2024_20_HOU_KC_spread,2024_20_HOU_KC,spread,-110.0,0.5275779376498799,0.00719424460431628
2024_20_HOU_KC_spread,2024_20_HOU_KC,spread,-110.0,0.5275779376498799,0.00719424460431628
2024_20_LA_PHI_spread,2024_20_LA_PHI,spread,-110.0,0.5275779376498799,0.00719424460431628
2024_20_LA_PHI_spread,2024_20_LA_PHI,spread,-110.0,0.5253164556962026,0.0028768699654776464
2024_20_LA_PHI_spread,2024_20_LA_PHI,spread,-110.0,0.5253164556962026,0.0028768699654776464
2024_20_LA_PHI_spread,2024_20_LA_PHI,spread,-110.0,0.5275779376498799,0.00719424460431628
2024_20_LA_PHI_spread,2024_20_LA_PHI,spread,-110.0,0.5253164556962026,0.0028768699654776464
2024_20_LA_PHI_spread,2024_20_LA_PHI,spread,-110.0,0.5253164556962026,0.0028768699654776464
2024_20_LA_PHI_spread,2024_20_LA_PHI,spread,-110.0,0.5275779376498799,0.00719424460431628
2024_20_LA_PHI_spread,2024_20_LA_PHI,spread,-110.0,0.5253164556962026,0.0028768699654776464
2024_20_LA_PHI_spread,2024_20_LA_PHI,spread,-110.0,0.5253164556962026,0.0028768699654776464
2024_21_BUF_KC_spread,2024_21_BUF_KC,spread,-110.0,0.5129224652087475,-0.020784384601481964
2024_21_BUF_KC_spread,2024_21_BUF_KC,spread,-110.0,0.5129224652087475,-0.020784384601481964
2024_21_BUF_KC_spread,2024_21_BUF_KC,spread,-110.0,0.5129224652087475,-0.020784384601481964
2024_21_BUF_KC_spread,2024_21_BUF_KC,spread,-110.0,0.5129224652087475,-0.020784384601481964
2024_21_WAS_PHI_spread,2024_21_WAS_PHI,spread,-110.0,0.5275779376498799,0.00719424460431628
2024_21_WAS_PHI_spread,2024_21_WAS_PHI,spread,-110.0,0.5275779376498799,0.00719424460431628
2024_21_WAS_PHI_spread,2024_21_WAS_PHI,spread,-110.0,0.5275779376498799,0.00719424460431628
2024_21_WAS_PHI_spread,2024_21_WAS_PHI,spread,-110.0,0.5129224652087475,-0.020784384601481964
2024_21_WAS_PHI_spread,2024_21_WAS_PHI,spread,-110.0,0.5275779376498799,0.00719424460431628
2024_21_WAS_PHI_spread,2024_21_WAS_PHI,spread,-110.0,0.5275779376498799,0.00719424460431628
2024_21_WAS_PHI_spread,2024_21_WAS_PHI,spread,-110.0,0.5275779376498799,0.00719424460431628
2024_21_WAS_PHI_spread,2024_21_WAS_PHI,spread,-110.0,0.5129224652087475,-0.020784384601481964
2024_21_WAS_PHI_spread,2024_21_WAS_PHI,spread,-110.0,0.5275779376498799,0.00719424460431628
2024_21_WAS_PHI_spread,2024_21_WAS_PHI,spread,-110.0,0.5275779376498799,0.00719424460431628
2024_21_WAS_PHI_spread,2024_21_WAS_PHI,spread,-110.0,0.5275779376498799,0.00719424460431628
2024_21_WAS_PHI_spread,2024_21_WAS_PHI,spread,-110.0,0.5129224652087475,-0.020784384601481964
2024_21_WAS_PHI_spread,2024_21_WAS_PHI,spread,-110.0,0.5275779376498799,0.00719424460431628
2024_21_WAS_PHI_spread,2024_21_WAS_PHI,spread,-110.0,0.5275779376498799,0.00719424460431628
2024_21_WAS_PHI_spread,2024_21_WAS_PHI,spread,-110.0,0.5275779376498799,0.00719424460431628
2024_21_WAS_PHI_spread,2024_21_WAS_PHI,spread,-110.0,0.5129224652087475,-0.020784384601481964
