bet_id,p_blend,edge,price,market,game_id,k_mod,k_raw,k_eff,k_corr,stake,rank_in_game,cum_risk
2023_04_KC_NYJ_spread,0.56,0.0690909090909092,-110.0,spread,2023_04_KC_NYJ,0.21,0.14509090909090944,0.03046909090909098,0.03046909090909098,304.6909090909098,1.0,0.030469090909090984
2024_15_BAL_NYG_spread,0.56,0.0690909090909092,-110.0,spread,2024_15_BAL_NYG,0.21,0.14509090909090944,0.03046909090909098,0.03046909090909098,304.6909090909098,1.0,0.06093818181818197
2021_10_BAL_MIA_spread,0.56,0.0690909090909092,-110.0,spread,2021_10_BAL_MIA,0.21,0.14509090909090944,0.03046909090909098,0.03046909090909098,304.6909090909098,1.0,0.09140727272727295
2021_10_BUF_NYJ_spread,0.56,0.0690909090909092,-110.0,spread,2021_10_BUF_NYJ,0.21,0.14509090909090944,0.03046909090909098,0.022851818181818237,228.51818181818237,1.0,0.11425909090909117
2020_06_BAL_PHI_spread,0.56,0.0690909090909092,-110.0,spread,2020_06_BAL_PHI,0.21,0.14509090909090944,0.03046909090909098,0.022851818181818237,228.51818181818237,1.0,0.1371109090909094
2021_15_DAL_NYG_spread,0.56,0.0690909090909092,-110.0,spread,2021_15_DAL_NYG,0.21,0.14509090909090944,0.03046909090909098,0.022851818181818237,228.51818181818237,1.0,0.15996272727272762
2022_12_BUF_DET_spread,0.56,0.0690909090909092,-110.0,spread,2022_12_BUF_DET,0.21,0.14509090909090944,0.03046909090909098,0.022851818181818237,228.51818181818237,1.0,0.18281454545454584
2019_16_BAL_CLE_spread,0.56,0.0690909090909092,-110.0,spread,2019_16_BAL_CLE,0.21,0.14509090909090944,0.03046909090909098,0.022851818181818237,0.0,1.0,0.20566636363636406
2020_17_BAL_CIN_spread,0.56,0.0690909090909092,-110.0,spread,2020_17_BAL_CIN,0.21,0.14509090909090944,0.03046909090909098,0.022851818181818237,0.0,1.0,0.22851818181818231
2021_15_ARI_DET_spread,0.56,0.0690909090909092,-110.0,spread,2021_15_ARI_DET,0.21,0.14509090909090944,0.03046909090909098,0.022851818181818237,0.0,1.0,0.25137000000000054
2022_09_BUF_NYJ_spread,0.56,0.0690909090909092,-110.0,spread,2022_09_BUF_NYJ,0.21,0.14509090909090944,0.03046909090909098,0.022851818181818237,0.0,1.0,0.27422181818181873
2021_08_CIN_NYJ_spread,0.56,0.0690909090909092,-110.0,spread,2021_08_CIN_NYJ,0.21,0.14509090909090944,0.03046909090909098,0.022851818181818237,0.0,1.0,0.297073636363637
2023_15_KC_NE_spread,0.56,0.0690909090909092,-110.0,spread,2023_15_KC_NE,0.21,0.14509090909090944,0.03046909090909098,0.022851818181818237,0.0,1.0,0.3199254545454552
2020_18_TB_WAS_spread,0.5492393315276091,0.0485478147345264,-110.0,spread,2020_18_TB_WAS,0.21,0.1019504109425056,0.021409586297926178,0.016057189723444634,0.0,1.0,0.33598264426889984
2021_13_ARI_CHI_spread,0.5357967357877261,0.0228846774129317,-110.0,spread,2021_13_ARI_CHI,0.21,0.04805782256715659,0.010092142739102885,0.007569107054327164,0.0,1.0,0.34355175132322696
2021_04_KC_PHI_spread,0.5341131586452464,0.0196705755954705,-110.0,spread,2021_04_KC_PHI,0.21,0.04130820875048807,0.008674723837602493,0.00650604287820187,0.0,1.0,0.35005779420142885
2023_01_ARI_WAS_spread,0.5251127092807002,0.0024878995358822,-110.0,spread,2023_01_ARI_WAS,0.21,0.005224589025352794,0.0,0.0,0.0,12.0,0.35005779420142885
2023_01_ARI_WAS_spread,0.5252278865985799,0.0027077835063798,-110.0,spread,2023_01_ARI_WAS,0.21,0.0056863453633976815,0.0,0.0,0.0,15.0,0.35005779420142885
2023_01_ARI_WAS_spread,0.5252278865985799,0.0027077835063798,-110.0,spread,2023_01_ARI_WAS,0.21,0.0056863453633976815,0.0,0.0,0.0,6.0,0.35005779420142885
2023_01_ARI_WAS_spread,0.5252278865985799,0.0027077835063798,-110.0,spread,2023_01_ARI_WAS,0.21,0.0056863453633976815,0.0,0.0,0.0,7.0,0.35005779420142885
2023_01_ARI_WAS_spread,0.5251127092807002,0.0024878995358822,-110.0,spread,2023_01_ARI_WAS,0.21,0.005224589025352794,0.0,0.0,0.0,16.0,0.35005779420142885
2023_01_ARI_WAS_spread,0.5251127092807002,0.0024878995358822,-110.0,spread,2023_01_ARI_WAS,0.21,0.005224589025352794,0.0,0.0,0.0,8.0,0.35005779420142885
2023_01_ARI_WAS_spread,0.5252278865985799,0.0027077835063798,-110.0,spread,2023_01_ARI_WAS,0.21,0.0056863453633976815,0.0,0.0,0.0,14.0,0.35005779420142885
2023_01_ARI_WAS_spread,0.5275779376498799,0.0071942446043162,-110.0,spread,2023_01_ARI_WAS,0.21,0.015107913669064053,0.0,0.0,0.0,13.0,0.35005779420142885
2023_01_ARI_WAS_spread,0.5275779376498799,0.0071942446043162,-110.0,spread,2023_01_ARI_WAS,0.21,0.015107913669064053,0.0,0.0,0.0,9.0,0.35005779420142885
2023_01_ARI_WAS_spread,0.5252278865985799,0.0027077835063798,-110.0,spread,2023_01_ARI_WAS,0.21,0.0056863453633976815,0.0,0.0,0.0,11.0,0.35005779420142885
2023_01_ARI_WAS_spread,0.5252278865985799,0.0027077835063798,-110.0,spread,2023_01_ARI_WAS,0.21,0.0056863453633976815,0.0,0.0,0.0,10.0,0.35005779420142885
2019_01_ATL_MIN_spread,0.5253164556962026,0.0028768699654776,-110.0,spread,2019_01_ATL_MIN,0.21,0.006041426927503129,0.0,0.0,0.0,1.0,0.35005779420142885
2023_01_ARI_WAS_spread,0.5275779376498799,0.0071942446043162,-110.0,spread,2023_01_ARI_WAS,0.21,0.015107913669064053,0.0,0.0,0.0,5.0,0.35005779420142885
2023_01_ARI_WAS_spread,0.5251127092807002,0.0024878995358822,-110.0,spread,2023_01_ARI_WAS,0.21,0.005224589025352794,0.0,0.0,0.0,4.0,0.35005779420142885
2022_21_SF_PHI_spread,0.5129224652087475,-0.0207843846014819,-110.0,spread,2022_21_SF_PHI,0.21,0.0,0.0,0.0,0.0,5.0,0.35005779420142885
2022_21_SF_PHI_spread,0.5129224652087475,-0.0207843846014819,-110.0,spread,2022_21_SF_PHI,0.21,0.0,0.0,0.0,0.0,6.0,0.35005779420142885
2022_21_SF_PHI_spread,0.5129224652087475,-0.0207843846014819,-110.0,spread,2022_21_SF_PHI,0.21,0.0,0.0,0.0,0.0,7.0,0.35005779420142885
2022_21_SF_PHI_spread,0.5129224652087475,-0.0207843846014819,-110.0,spread,2022_21_SF_PHI,0.21,0.0,0.0,0.0,0.0,8.0,0.35005779420142885
2022_21_SF_PHI_spread,0.5129224652087475,-0.0207843846014819,-110.0,spread,2022_21_SF_PHI,0.21,0.0,0.0,0.0,0.0,9.0,0.35005779420142885
2022_21_SF_PHI_spread,0.5129224652087475,-0.0207843846014819,-110.0,spread,2022_21_SF_PHI,0.21,0.0,0.0,0.0,0.0,10.0,0.35005779420142885
2022_21_SF_PHI_spread,0.5129224652087475,-0.0207843846014819,-110.0,spread,2022_21_SF_PHI,0.21,0.0,0.0,0.0,0.0,11.0,0.35005779420142885
2022_21_SF_PHI_spread,0.5129224652087475,-0.0207843846014819,-110.0,spread,2022_21_SF_PHI,0.21,0.0,0.0,0.0,0.0,12.0,0.35005779420142885
2022_21_SF_PHI_spread,0.5129224652087475,-0.0207843846014819,-110.0,spread,2022_21_SF_PHI,0.21,0.0,0.0,0.0,0.0,13.0,0.35005779420142885
2022_21_SF_PHI_spread,0.5129224652087475,-0.0207843846014819,-110.0,spread,2022_21_SF_PHI,0.21,0.0,0.0,0.0,0.0,14.0,0.35005779420142885
2022_21_SF_PHI_spread,0.5129224652087475,-0.0207843846014819,-110.0,spread,2022_21_SF_PHI,0.21,0.0,0.0,0.0,0.0,15.0,0.35005779420142885
2022_21_SF_PHI_spread,0.5129224652087475,-0.0207843846014819,-110.0,spread,2022_21_SF_PHI,0.21,0.0,0.0,0.0,0.0,16.0,0.35005779420142885
2023_01_ARI_WAS_spread,0.5275779376498799,0.0071942446043162,-110.0,spread,2023_01_ARI_WAS,0.21,0.015107913669064053,0.0,0.0,0.0,1.0,0.35005779420142885
2023_01_ARI_WAS_spread,0.5252278865985799,0.0027077835063798,-110.0,spread,2023_01_ARI_WAS,0.21,0.0056863453633976815,0.0,0.0,0.0,2.0,0.35005779420142885
2023_01_ARI_WAS_spread,0.5252278865985799,0.0027077835063798,-110.0,spread,2023_01_ARI_WAS,0.21,0.0056863453633976815,0.0,0.0,0.0,3.0,0.35005779420142885
2023_01_BUF_NYJ_spread,0.5129224652087475,-0.0207843846014819,-110.0,spread,2023_01_BUF_NYJ,0.21,0.0,0.0,0.0,0.0,1.0,0.35005779420142885
2023_01_CIN_CLE_spread,0.5129224652087475,-0.0207843846014819,-110.0,spread,2023_01_CIN_CLE,0.21,0.0,0.0,0.0,0.0,2.0,0.35005779420142885
2023_01_CAR_ATL_spread,0.522407360644005,-0.0026768569523541,-110.0,spread,2023_01_CAR_ATL,0.21,0.0,0.0,0.0,0.0,1.0,0.35005779420142885
2023_01_CAR_ATL_spread,0.5129224652087475,-0.0207843846014819,-110.0,spread,2023_01_CAR_ATL,0.21,0.0,0.0,0.0,0.0,2.0,0.35005779420142885
2023_02_LAC_TEN_spread,0.5203174784212717,-0.0066666321048448,-110.0,spread,2023_02_LAC_TEN,0.21,0.0,0.0,0.0,0.0,1.0,0.35005779420142885
2023_02_LAC_TEN_spread,0.5203174784212717,-0.0066666321048448,-110.0,spread,2023_02_LAC_TEN,0.21,0.0,0.0,0.0,0.0,2.0,0.35005779420142885
2023_02_LAC_TEN_spread,0.5203174784212717,-0.0066666321048448,-110.0,spread,2023_02_LAC_TEN,0.21,0.0,0.0,0.0,0.0,3.0,0.35005779420142885
2023_02_LAC_TEN_spread,0.5203174784212717,-0.0066666321048448,-110.0,spread,2023_02_LAC_TEN,0.21,0.0,0.0,0.0,0.0,4.0,0.35005779420142885
2023_02_MIA_NE_spread,0.5129224652087475,-0.0207843846014819,-110.0,spread,2023_02_MIA_NE,0.21,0.0,0.0,0.0,0.0,1.0,0.35005779420142885
2023_03_ATL_DET_spread,0.5129224652087475,-0.0207843846014819,-110.0,spread,2023_03_ATL_DET,0.21,0.0,0.0,0.0,0.0,1.0,0.35005779420142885
2023_03_ATL_DET_spread,0.5129224652087475,-0.0207843846014819,-110.0,spread,2023_03_ATL_DET,0.21,0.0,0.0,0.0,0.0,2.0,0.35005779420142885
2023_03_ATL_DET_spread,0.5129224652087475,-0.0207843846014819,-110.0,spread,2023_03_ATL_DET,0.21,0.0,0.0,0.0,0.0,3.0,0.35005779420142885
2023_03_ATL_DET_spread,0.5129224652087475,-0.0207843846014819,-110.0,spread,2023_03_ATL_DET,0.21,0.0,0.0,0.0,0.0,4.0,0.35005779420142885
2023_03_HOU_JAX_spread,0.5275779376498799,0.0071942446043162,-110.0,spread,2023_03_HOU_JAX,0.21,0.015107913669064053,0.0,0.0,0.0,1.0,0.35005779420142885
2023_03_HOU_JAX_spread,0.5258916809171247,0.0039750272054198,-110.0,spread,2023_03_HOU_JAX,0.21,0.00834755713138157,0.0,0.0,0.0,2.0,0.35005779420142885
2023_03_HOU_JAX_spread,0.5275779376498799,0.0071942446043162,-110.0,spread,2023_03_HOU_JAX,0.21,0.015107913669064053,0.0,0.0,0.0,3.0,0.35005779420142885
2023_03_HOU_JAX_spread,0.5258916809171247,0.0039750272054198,-110.0,spread,2023_03_HOU_JAX,0.21,0.00834755713138157,0.0,0.0,0.0,4.0,0.35005779420142885
2023_03_IND_BAL_spread,0.5275779376498799,0.0071942446043162,-110.0,spread,2023_03_IND_BAL,0.21,0.015107913669064053,0.0,0.0,0.0,1.0,0.35005779420142885
2023_03_IND_BAL_spread,0.5258916809171247,0.0039750272054198,-110.0,spread,2023_03_IND_BAL,0.21,0.00834755713138157,0.0,0.0,0.0,2.0,0.35005779420142885
2023_02_GB_ATL_spread,0.5129224652087475,-0.0207843846014819,-110.0,spread,2023_02_GB_ATL,0.21,0.0,0.0,0.0,0.0,4.0,0.35005779420142885
2023_02_GB_ATL_spread,0.5129224652087475,-0.0207843846014819,-110.0,spread,2023_02_GB_ATL,0.21,0.0,0.0,0.0,0.0,3.0,0.35005779420142885
2023_02_GB_ATL_spread,0.5129224652087475,-0.0207843846014819,-110.0,spread,2023_02_GB_ATL,0.21,0.0,0.0,0.0,0.0,2.0,0.35005779420142885
2023_02_BAL_CIN_spread,0.5204181418595857,-0.0064744564498818,-110.0,spread,2023_02_BAL_CIN,0.21,0.0,0.0,0.0,0.0,1.0,0.35005779420142885
2023_01_CAR_ATL_spread,0.522407360644005,-0.0026768569523541,-110.0,spread,2023_01_CAR_ATL,0.21,0.0,0.0,0.0,0.0,3.0,0.35005779420142885
2023_01_CAR_ATL_spread,0.5129224652087475,-0.0207843846014819,-110.0,spread,2023_01_CAR_ATL,0.21,0.0,0.0,0.0,0.0,4.0,0.35005779420142885
2023_01_CIN_CLE_spread,0.5129224652087475,-0.0207843846014819,-110.0,spread,2023_01_CIN_CLE,0.21,0.0,0.0,0.0,0.0,1.0,0.35005779420142885
2022_21_SF_PHI_spread,0.5129224652087475,-0.0207843846014819,-110.0,spread,2022_21_SF_PHI,0.21,0.0,0.0,0.0,0.0,3.0,0.35005779420142885
2023_01_CIN_CLE_spread,0.5129224652087475,-0.0207843846014819,-110.0,spread,2023_01_CIN_CLE,0.21,0.0,0.0,0.0,0.0,3.0,0.35005779420142885
2023_01_CIN_CLE_spread,0.5129224652087475,-0.0207843846014819,-110.0,spread,2023_01_CIN_CLE,0.21,0.0,0.0,0.0,0.0,4.0,0.35005779420142885
2023_02_BAL_CIN_spread,0.5129224652087475,-0.0207843846014819,-110.0,spread,2023_02_BAL_CIN,0.21,0.0,0.0,0.0,0.0,2.0,0.35005779420142885
2023_02_GB_ATL_spread,0.5129224652087475,-0.0207843846014819,-110.0,spread,2023_02_GB_ATL,0.21,0.0,0.0,0.0,0.0,1.0,0.35005779420142885
2023_02_BAL_CIN_spread,0.5204181418595857,-0.0064744564498818,-110.0,spread,2023_02_BAL_CIN,0.21,0.0,0.0,0.0,0.0,3.0,0.35005779420142885
2023_02_BAL_CIN_spread,0.5129224652087475,-0.0207843846014819,-110.0,spread,2023_02_BAL_CIN,0.21,0.0,0.0,0.0,0.0,4.0,0.35005779420142885
2023_02_CLE_PIT_spread,0.5203071716669849,-0.006686308635756,-110.0,spread,2023_02_CLE_PIT,0.21,0.0,0.0,0.0,0.0,1.0,0.35005779420142885
2023_02_CLE_PIT_spread,0.5203071716669849,-0.006686308635756,-110.0,spread,2023_02_CLE_PIT,0.21,0.0,0.0,0.0,0.0,2.0,0.35005779420142885
2023_02_CLE_PIT_spread,0.5203071716669849,-0.006686308635756,-110.0,spread,2023_02_CLE_PIT,0.21,0.0,0.0,0.0,0.0,3.0,0.35005779420142885
2023_02_CLE_PIT_spread,0.5203071716669849,-0.006686308635756,-110.0,spread,2023_02_CLE_PIT,0.21,0.0,0.0,0.0,0.0,4.0,0.35005779420142885
2022_21_SF_PHI_spread,0.5129224652087475,-0.0207843846014819,-110.0,spread,2022_21_SF_PHI,0.21,0.0,0.0,0.0,0.0,4.0,0.35005779420142885
2022_21_CIN_KC_spread,0.5129224652087475,-0.0207843846014819,-110.0,spread,2022_21_CIN_KC,0.21,0.0,0.0,0.0,0.0,4.0,0.35005779420142885
2022_21_SF_PHI_spread,0.5129224652087475,-0.0207843846014819,-110.0,spread,2022_21_SF_PHI,0.21,0.0,0.0,0.0,0.0,2.0,0.35005779420142885
2022_20_CIN_BUF_spread,0.5275779376498799,0.0071942446043162,-110.0,spread,2022_20_CIN_BUF,0.21,0.015107913669064053,0.0,0.0,0.0,3.0,0.35005779420142885
2022_19_MIA_BUF_spread,0.5275779376498799,0.0071942446043162,-110.0,spread,2022_19_MIA_BUF,0.21,0.015107913669064053,0.0,0.0,0.0,4.0,0.35005779420142885
2022_19_SEA_SF_spread,0.5275779376498799,0.0071942446043162,-110.0,spread,2022_19_SEA_SF,0.21,0.015107913669064053,0.0,0.0,0.0,1.0,0.35005779420142885
2022_19_SEA_SF_spread,0.5275779376498799,0.0071942446043162,-110.0,spread,2022_19_SEA_SF,0.21,0.015107913669064053,0.0,0.0,0.0,2.0,0.35005779420142885
2022_19_SEA_SF_spread,0.5275779376498799,0.0071942446043162,-110.0,spread,2022_19_SEA_SF,0.21,0.015107913669064053,0.0,0.0,0.0,3.0,0.35005779420142885
2022_19_SEA_SF_spread,0.5275779376498799,0.0071942446043162,-110.0,spread,2022_19_SEA_SF,0.21,0.015107913669064053,0.0,0.0,0.0,4.0,0.35005779420142885
2022_20_CIN_BUF_spread,0.5275779376498799,0.0071942446043162,-110.0,spread,2022_20_CIN_BUF,0.21,0.015107913669064053,0.0,0.0,0.0,1.0,0.35005779420142885
2022_20_CIN_BUF_spread,0.5275779376498799,0.0071942446043162,-110.0,spread,2022_20_CIN_BUF,0.21,0.015107913669064053,0.0,0.0,0.0,2.0,0.35005779420142885
2022_20_CIN_BUF_spread,0.5275779376498799,0.0071942446043162,-110.0,spread,2022_20_CIN_BUF,0.21,0.015107913669064053,0.0,0.0,0.0,4.0,0.35005779420142885
2022_21_SF_PHI_spread,0.5129224652087475,-0.0207843846014819,-110.0,spread,2022_21_SF_PHI,0.21,0.0,0.0,0.0,0.0,1.0,0.35005779420142885
2022_20_CIN_BUF_spread,0.5129224652087475,-0.0207843846014819,-110.0,spread,2022_20_CIN_BUF,0.21,0.0,0.0,0.0,0.0,5.0,0.35005779420142885
2022_20_CIN_BUF_spread,0.5129224652087475,-0.0207843846014819,-110.0,spread,2022_20_CIN_BUF,0.21,0.0,0.0,0.0,0.0,6.0,0.35005779420142885
2022_20_CIN_BUF_spread,0.5275779376498799,0.0071942446043162,-110.0,spread,2022_20_CIN_BUF,0.21,0.015107913669064053,0.0,0.0,0.0,7.0,0.35005779420142885
2022_20_CIN_BUF_spread,0.5275779376498799,0.0071942446043162,-110.0,spread,2022_20_CIN_BUF,0.21,0.015107913669064053,0.0,0.0,0.0,8.0,0.35005779420142885
2022_20_CIN_BUF_spread,0.5275779376498799,0.0071942446043162,-110.0,spread,2022_20_CIN_BUF,0.21,0.015107913669064053,0.0,0.0,0.0,9.0,0.35005779420142885
2022_20_CIN_BUF_spread,0.5275779376498799,0.0071942446043162,-110.0,spread,2022_20_CIN_BUF,0.21,0.015107913669064053,0.0,0.0,0.0,10.0,0.35005779420142885
2022_20_CIN_BUF_spread,0.5129224652087475,-0.0207843846014819,-110.0,spread,2022_20_CIN_BUF,0.21,0.0,0.0,0.0,0.0,11.0,0.35005779420142885
2022_19_MIA_BUF_spread,0.5275779376498799,0.0071942446043162,-110.0,spread,2022_19_MIA_BUF,0.21,0.015107913669064053,0.0,0.0,0.0,3.0,0.35005779420142885
2022_19_MIA_BUF_spread,0.5275779376498799,0.0071942446043162,-110.0,spread,2022_19_MIA_BUF,0.21,0.015107913669064053,0.0,0.0,0.0,2.0,0.35005779420142885
2022_19_MIA_BUF_spread,0.5275779376498799,0.0071942446043162,-110.0,spread,2022_19_MIA_BUF,0.21,0.015107913669064053,0.0,0.0,0.0,1.0,0.35005779420142885
2022_19_BAL_CIN_spread,0.526438085393291,0.0050181630235555,-110.0,spread,2022_19_BAL_CIN,0.21,0.010538142349466694,0.0,0.0,0.0,25.0,0.35005779420142885
2022_19_BAL_CIN_spread,0.526438085393291,0.0050181630235555,-110.0,spread,2022_19_BAL_CIN,0.21,0.010538142349466694,0.0,0.0,0.0,10.0,0.35005779420142885
2022_19_BAL_CIN_spread,0.5275779376498799,0.0071942446043162,-110.0,spread,2022_19_BAL_CIN,0.21,0.015107913669064053,0.0,0.0,0.0,11.0,0.35005779420142885
2022_19_BAL_CIN_spread,0.5275779376498799,0.0071942446043162,-110.0,spread,2022_19_BAL_CIN,0.21,0.015107913669064053,0.0,0.0,0.0,12.0,0.35005779420142885
2022_19_BAL_CIN_spread,0.5264820243330433,0.0051020464539917,-110.0,spread,2022_19_BAL_CIN,0.21,0.010714297553382705,0.0,0.0,0.0,13.0,0.35005779420142885
2022_19_BAL_CIN_spread,0.5264820243330433,0.0051020464539917,-110.0,spread,2022_19_BAL_CIN,0.21,0.010714297553382705,0.0,0.0,0.0,14.0,0.35005779420142885
2022_19_BAL_CIN_spread,0.526438085393291,0.0050181630235555,-110.0,spread,2022_19_BAL_CIN,0.21,0.010538142349466694,0.0,0.0,0.0,15.0,0.35005779420142885
2022_19_BAL_CIN_spread,0.5275779376498799,0.0071942446043162,-110.0,spread,2022_19_BAL_CIN,0.21,0.015107913669064053,0.0,0.0,0.0,16.0,0.35005779420142885
2022_19_BAL_CIN_spread,0.5275779376498799,0.0071942446043162,-110.0,spread,2022_19_BAL_CIN,0.21,0.015107913669064053,0.0,0.0,0.0,17.0,0.35005779420142885
2022_19_BAL_CIN_spread,0.5264820243330433,0.0051020464539917,-110.0,spread,2022_19_BAL_CIN,0.21,0.010714297553382705,0.0,0.0,0.0,18.0,0.35005779420142885
2022_19_BAL_CIN_spread,0.5264820243330433,0.0051020464539917,-110.0,spread,2022_19_BAL_CIN,0.21,0.010714297553382705,0.0,0.0,0.0,19.0,0.35005779420142885
2022_19_BAL_CIN_spread,0.526438085393291,0.0050181630235555,-110.0,spread,2022_19_BAL_CIN,0.21,0.010538142349466694,0.0,0.0,0.0,20.0,0.35005779420142885
2022_19_BAL_CIN_spread,0.5275779376498799,0.0071942446043162,-110.0,spread,2022_19_BAL_CIN,0.21,0.015107913669064053,0.0,0.0,0.0,21.0,0.35005779420142885
2022_19_BAL_CIN_spread,0.5275779376498799,0.0071942446043162,-110.0,spread,2022_19_BAL_CIN,0.21,0.015107913669064053,0.0,0.0,0.0,22.0,0.35005779420142885
2022_19_BAL_CIN_spread,0.5264820243330433,0.0051020464539917,-110.0,spread,2022_19_BAL_CIN,0.21,0.010714297553382705,0.0,0.0,0.0,23.0,0.35005779420142885
2022_19_BAL_CIN_spread,0.5264820243330433,0.0051020464539917,-110.0,spread,2022_19_BAL_CIN,0.21,0.010714297553382705,0.0,0.0,0.0,24.0,0.35005779420142885
2022_20_CIN_BUF_spread,0.5129224652087475,-0.0207843846014819,-110.0,spread,2022_20_CIN_BUF,0.21,0.0,0.0,0.0,0.0,12.0,0.35005779420142885
2022_20_CIN_BUF_spread,0.5275779376498799,0.0071942446043162,-110.0,spread,2022_20_CIN_BUF,0.21,0.015107913669064053,0.0,0.0,0.0,13.0,0.35005779420142885
2022_20_CIN_BUF_spread,0.5275779376498799,0.0071942446043162,-110.0,spread,2022_20_CIN_BUF,0.21,0.015107913669064053,0.0,0.0,0.0,14.0,0.35005779420142885
2022_20_CIN_BUF_spread,0.5275779376498799,0.0071942446043162,-110.0,spread,2022_20_CIN_BUF,0.21,0.015107913669064053,0.0,0.0,0.0,33.0,0.35005779420142885
2022_20_CIN_BUF_spread,0.5129224652087475,-0.0207843846014819,-110.0,spread,2022_20_CIN_BUF,0.21,0.0,0.0,0.0,0.0,35.0,0.35005779420142885
2022_20_CIN_BUF_spread,0.5129224652087475,-0.0207843846014819,-110.0,spread,2022_20_CIN_BUF,0.21,0.0,0.0,0.0,0.0,36.0,0.35005779420142885
2022_20_DAL_SF_spread,0.5135713556471352,-0.01954559376456,-110.0,spread,2022_20_DAL_SF,0.21,0.0,0.0,0.0,0.0,1.0,0.35005779420142885
2022_20_DAL_SF_spread,0.5129224652087475,-0.0207843846014819,-110.0,spread,2022_20_DAL_SF,0.21,0.0,0.0,0.0,0.0,2.0,0.35005779420142885
2022_20_DAL_SF_spread,0.5129224652087475,-0.0207843846014819,-110.0,spread,2022_20_DAL_SF,0.21,0.0,0.0,0.0,0.0,3.0,0.35005779420142885
2022_20_DAL_SF_spread,0.5135713556471352,-0.01954559376456,-110.0,spread,2022_20_DAL_SF,0.21,0.0,0.0,0.0,0.0,4.0,0.35005779420142885
2022_20_DAL_SF_spread,0.5129224652087475,-0.0207843846014819,-110.0,spread,2022_20_DAL_SF,0.21,0.0,0.0,0.0,0.0,5.0,0.35005779420142885
2022_20_DAL_SF_spread,0.5129224652087475,-0.0207843846014819,-110.0,spread,2022_20_DAL_SF,0.21,0.0,0.0,0.0,0.0,6.0,0.35005779420142885
2022_20_DAL_SF_spread,0.5135713556471352,-0.01954559376456,-110.0,spread,2022_20_DAL_SF,0.21,0.0,0.0,0.0,0.0,7.0,0.35005779420142885
2022_20_DAL_SF_spread,0.5129224652087475,-0.0207843846014819,-110.0,spread,2022_20_DAL_SF,0.21,0.0,0.0,0.0,0.0,8.0,0.35005779420142885
2022_20_DAL_SF_spread,0.5129224652087475,-0.0207843846014819,-110.0,spread,2022_20_DAL_SF,0.21,0.0,0.0,0.0,0.0,9.0,0.35005779420142885
2022_21_CIN_KC_spread,0.5129224652087475,-0.0207843846014819,-110.0,spread,2022_21_CIN_KC,0.21,0.0,0.0,0.0,0.0,1.0,0.35005779420142885
2022_21_CIN_KC_spread,0.5129224652087475,-0.0207843846014819,-110.0,spread,2022_21_CIN_KC,0.21,0.0,0.0,0.0,0.0,2.0,0.35005779420142885
2022_21_CIN_KC_spread,0.5129224652087475,-0.0207843846014819,-110.0,spread,2022_21_CIN_KC,0.21,0.0,0.0,0.0,0.0,3.0,0.35005779420142885
2023_03_IND_BAL_spread,0.5258916809171247,0.0039750272054198,-110.0,spread,2023_03_IND_BAL,0.21,0.00834755713138157,0.0,0.0,0.0,4.0,0.35005779420142885
2022_20_CIN_BUF_spread,0.5275779376498799,0.0071942446043162,-110.0,spread,2022_20_CIN_BUF,0.21,0.015107913669064053,0.0,0.0,0.0,34.0,0.35005779420142885
2022_20_CIN_BUF_spread,0.5275779376498799,0.0071942446043162,-110.0,spread,2022_20_CIN_BUF,0.21,0.015107913669064053,0.0,0.0,0.0,32.0,0.35005779420142885
2022_20_CIN_BUF_spread,0.5275779376498799,0.0071942446043162,-110.0,spread,2022_20_CIN_BUF,0.21,0.015107913669064053,0.0,0.0,0.0,15.0,0.35005779420142885
2022_20_CIN_BUF_spread,0.5275779376498799,0.0071942446043162,-110.0,spread,2022_20_CIN_BUF,0.21,0.015107913669064053,0.0,0.0,0.0,31.0,0.35005779420142885
2022_20_CIN_BUF_spread,0.5275779376498799,0.0071942446043162,-110.0,spread,2022_20_CIN_BUF,0.21,0.015107913669064053,0.0,0.0,0.0,16.0,0.35005779420142885
2022_20_CIN_BUF_spread,0.5129224652087475,-0.0207843846014819,-110.0,spread,2022_20_CIN_BUF,0.21,0.0,0.0,0.0,0.0,17.0,0.35005779420142885
2022_20_CIN_BUF_spread,0.5129224652087475,-0.0207843846014819,-110.0,spread,2022_20_CIN_BUF,0.21,0.0,0.0,0.0,0.0,18.0,0.35005779420142885
2022_20_CIN_BUF_spread,0.5275779376498799,0.0071942446043162,-110.0,spread,2022_20_CIN_BUF,0.21,0.015107913669064053,0.0,0.0,0.0,19.0,0.35005779420142885
2022_20_CIN_BUF_spread,0.5275779376498799,0.0071942446043162,-110.0,spread,2022_20_CIN_BUF,0.21,0.015107913669064053,0.0,0.0,0.0,20.0,0.35005779420142885
2022_20_CIN_BUF_spread,0.5275779376498799,0.0071942446043162,-110.0,spread,2022_20_CIN_BUF,0.21,0.015107913669064053,0.0,0.0,0.0,21.0,0.35005779420142885
2022_20_CIN_BUF_spread,0.5275779376498799,0.0071942446043162,-110.0,spread,2022_20_CIN_BUF,0.21,0.015107913669064053,0.0,0.0,0.0,22.0,0.35005779420142885
2022_20_CIN_BUF_spread,0.5129224652087475,-0.0207843846014819,-110.0,spread,2022_20_CIN_BUF,0.21,0.0,0.0,0.0,0.0,23.0,0.35005779420142885
2022_20_CIN_BUF_spread,0.5129224652087475,-0.0207843846014819,-110.0,spread,2022_20_CIN_BUF,0.21,0.0,0.0,0.0,0.0,24.0,0.35005779420142885
2022_20_CIN_BUF_spread,0.5275779376498799,0.0071942446043162,-110.0,spread,2022_20_CIN_BUF,0.21,0.015107913669064053,0.0,0.0,0.0,25.0,0.35005779420142885
2022_20_CIN_BUF_spread,0.5275779376498799,0.0071942446043162,-110.0,spread,2022_20_CIN_BUF,0.21,0.015107913669064053,0.0,0.0,0.0,26.0,0.35005779420142885
2022_20_CIN_BUF_spread,0.5275779376498799,0.0071942446043162,-110.0,spread,2022_20_CIN_BUF,0.21,0.015107913669064053,0.0,0.0,0.0,27.0,0.35005779420142885
2022_20_CIN_BUF_spread,0.5275779376498799,0.0071942446043162,-110.0,spread,2022_20_CIN_BUF,0.21,0.015107913669064053,0.0,0.0,0.0,28.0,0.35005779420142885
2022_20_CIN_BUF_spread,0.5129224652087475,-0.0207843846014819,-110.0,spread,2022_20_CIN_BUF,0.21,0.0,0.0,0.0,0.0,29.0,0.35005779420142885
2022_20_CIN_BUF_spread,0.5129224652087475,-0.0207843846014819,-110.0,spread,2022_20_CIN_BUF,0.21,0.0,0.0,0.0,0.0,30.0,0.35005779420142885
2023_03_IND_BAL_spread,0.5275779376498799,0.0071942446043162,-110.0,spread,2023_03_IND_BAL,0.21,0.015107913669064053,0.0,0.0,0.0,3.0,0.35005779420142885
2023_03_NE_NYJ_spread,0.5222843341096165,-0.0029117257907321,-110.0,spread,2023_03_NE_NYJ,0.21,0.0,0.0,0.0,0.0,4.0,0.35005779420142885
2023_03_NE_NYJ_spread,0.5222843341096165,-0.0029117257907321,-110.0,spread,2023_03_NE_NYJ,0.21,0.0,0.0,0.0,0.0,1.0,0.35005779420142885
2023_09_SEA_BAL_spread,0.5275779376498799,0.0071942446043162,-110.0,spread,2023_09_SEA_BAL,0.21,0.015107913669064053,0.0,0.0,0.0,1.0,0.35005779420142885
2023_09_MIN_ATL_spread,0.5129224652087475,-0.0207843846014819,-110.0,spread,2023_09_MIN_ATL,0.21,0.0,0.0,0.0,0.0,2.0,0.35005779420142885
2023_09_MIN_ATL_spread,0.5144866666625282,-0.0177981818260825,-110.0,spread,2023_09_MIN_ATL,0.21,0.0,0.0,0.0,0.0,3.0,0.35005779420142885
2023_09_MIN_ATL_spread,0.5129224652087475,-0.0207843846014819,-110.0,spread,2023_09_MIN_ATL,0.21,0.0,0.0,0.0,0.0,4.0,0.35005779420142885
2023_09_NYG_LV_spread,0.5129224652087475,-0.0207843846014819,-110.0,spread,2023_09_NYG_LV,0.21,0.0,0.0,0.0,0.0,1.0,0.35005779420142885
2023_09_NYG_LV_spread,0.3583854407624989,-0.3158096130897748,-110.0,spread,2023_09_NYG_LV,0.21,0.0,0.0,0.0,0.0,2.0,0.35005779420142885
2023_09_NYG_LV_spread,0.5129224652087475,-0.0207843846014819,-110.0,spread,2023_09_NYG_LV,0.21,0.0,0.0,0.0,0.0,3.0,0.35005779420142885
2023_09_NYG_LV_spread,0.3583854407624989,-0.3158096130897748,-110.0,spread,2023_09_NYG_LV,0.21,0.0,0.0,0.0,0.0,4.0,0.35005779420142885
2023_09_SEA_BAL_spread,0.5129224652087475,-0.0207843846014819,-110.0,spread,2023_09_SEA_BAL,0.21,0.0,0.0,0.0,0.0,2.0,0.35005779420142885
2023_08_CIN_SF_spread,0.5129224652087475,-0.0207843846014819,-110.0,spread,2023_08_CIN_SF,0.21,0.0,0.0,0.0,0.0,2.0,0.35005779420142885
2023_09_SEA_BAL_spread,0.5275779376498799,0.0071942446043162,-110.0,spread,2023_09_SEA_BAL,0.21,0.015107913669064053,0.0,0.0,0.0,3.0,0.35005779420142885
2023_09_SEA_BAL_spread,0.5129224652087475,-0.0207843846014819,-110.0,spread,2023_09_SEA_BAL,0.21,0.0,0.0,0.0,0.0,4.0,0.35005779420142885
2023_10_CLE_BAL_spread,0.5275779376498799,0.0071942446043162,-110.0,spread,2023_10_CLE_BAL,0.21,0.015107913669064053,0.0,0.0,0.0,1.0,0.35005779420142885
2023_10_CLE_BAL_spread,0.5129224652087475,-0.0207843846014819,-110.0,spread,2023_10_CLE_BAL,0.21,0.0,0.0,0.0,0.0,2.0,0.35005779420142885
2023_10_CLE_BAL_spread,0.5275779376498799,0.0071942446043162,-110.0,spread,2023_10_CLE_BAL,0.21,0.015107913669064053,0.0,0.0,0.0,3.0,0.35005779420142885
2023_10_CLE_BAL_spread,0.5129224652087475,-0.0207843846014819,-110.0,spread,2023_10_CLE_BAL,0.21,0.0,0.0,0.0,0.0,4.0,0.35005779420142885
2023_10_HOU_CIN_spread,0.5275779376498799,0.0071942446043162,-110.0,spread,2023_10_HOU_CIN,0.21,0.015107913669064053,0.0,0.0,0.0,1.0,0.35005779420142885
2023_09_MIN_ATL_spread,0.5144866666625282,-0.0177981818260825,-110.0,spread,2023_09_MIN_ATL,0.21,0.0,0.0,0.0,0.0,1.0,0.35005779420142885
2023_09_DAL_PHI_spread,0.5129224652087475,-0.0207843846014819,-110.0,spread,2023_09_DAL_PHI,0.21,0.0,0.0,0.0,0.0,4.0,0.35005779420142885
2023_09_DAL_PHI_spread,0.5144618866352347,-0.0178454891509154,-110.0,spread,2023_09_DAL_PHI,0.21,0.0,0.0,0.0,0.0,3.0,0.35005779420142885
2023_09_DAL_PHI_spread,0.5129224652087475,-0.0207843846014819,-110.0,spread,2023_09_DAL_PHI,0.21,0.0,0.0,0.0,0.0,2.0,0.35005779420142885
2023_08_CIN_SF_spread,0.5129224652087475,-0.0207843846014819,-110.0,spread,2023_08_CIN_SF,0.21,0.0,0.0,0.0,0.0,4.0,0.35005779420142885
2023_08_JAX_PIT_spread,0.5253164556962026,0.0028768699654776,-110.0,spread,2023_08_JAX_PIT,0.21,0.006041426927503129,0.0,0.0,0.0,1.0,0.35005779420142885
2023_08_JAX_PIT_spread,0.5253164556962026,0.0028768699654776,-110.0,spread,2023_08_JAX_PIT,0.21,0.006041426927503129,0.0,0.0,0.0,2.0,0.35005779420142885
2023_08_JAX_PIT_spread,0.5253164556962026,0.0028768699654776,-110.0,spread,2023_08_JAX_PIT,0.21,0.006041426927503129,0.0,0.0,0.0,3.0,0.35005779420142885
2023_08_JAX_PIT_spread,0.5253164556962026,0.0028768699654776,-110.0,spread,2023_08_JAX_PIT,0.21,0.006041426927503129,0.0,0.0,0.0,4.0,0.35005779420142885
2023_08_LA_DAL_spread,0.5275779376498799,0.0071942446043162,-110.0,spread,2023_08_LA_DAL,0.21,0.015107913669064053,0.0,0.0,0.0,1.0,0.35005779420142885
2023_08_LA_DAL_spread,0.5211016379467233,-0.0051696002835282,-110.0,spread,2023_08_LA_DAL,0.21,0.0,0.0,0.0,0.0,2.0,0.35005779420142885
2023_08_LA_DAL_spread,0.5275779376498799,0.0071942446043162,-110.0,spread,2023_08_LA_DAL,0.21,0.015107913669064053,0.0,0.0,0.0,3.0,0.35005779420142885
2023_08_LA_DAL_spread,0.5211016379467233,-0.0051696002835282,-110.0,spread,2023_08_LA_DAL,0.21,0.0,0.0,0.0,0.0,4.0,0.35005779420142885
2023_08_NE_MIA_spread,0.526604568395641,0.00533599420986,-110.0,spread,2023_08_NE_MIA,0.21,0.01120558784070606,0.0,0.0,0.0,1.0,0.35005779420142885
2023_09_BUF_CIN_spread,0.5129224652087475,-0.0207843846014819,-110.0,spread,2023_09_BUF_CIN,0.21,0.0,0.0,0.0,0.0,1.0,0.35005779420142885
2023_09_BUF_CIN_spread,0.5129224652087475,-0.0207843846014819,-110.0,spread,2023_09_BUF_CIN,0.21,0.0,0.0,0.0,0.0,2.0,0.35005779420142885
2023_09_BUF_CIN_spread,0.5129224652087475,-0.0207843846014819,-110.0,spread,2023_09_BUF_CIN,0.21,0.0,0.0,0.0,0.0,3.0,0.35005779420142885
2023_09_BUF_CIN_spread,0.5129224652087475,-0.0207843846014819,-110.0,spread,2023_09_BUF_CIN,0.21,0.0,0.0,0.0,0.0,4.0,0.35005779420142885
2023_09_DAL_PHI_spread,0.5144618866352347,-0.0178454891509154,-110.0,spread,2023_09_DAL_PHI,0.21,0.0,0.0,0.0,0.0,1.0,0.35005779420142885
2023_10_HOU_CIN_spread,0.5129224652087475,-0.0207843846014819,-110.0,spread,2023_10_HOU_CIN,0.21,0.0,0.0,0.0,0.0,2.0,0.35005779420142885
2023_10_HOU_CIN_spread,0.5275779376498799,0.0071942446043162,-110.0,spread,2023_10_HOU_CIN,0.21,0.015107913669064053,0.0,0.0,0.0,3.0,0.35005779420142885
2023_10_HOU_CIN_spread,0.5129224652087475,-0.0207843846014819,-110.0,spread,2023_10_HOU_CIN,0.21,0.0,0.0,0.0,0.0,4.0,0.35005779420142885
2023_11_NYG_WAS_spread,0.5266011420214498,0.0053294529500405,-110.0,spread,2023_11_NYG_WAS,0.21,0.011191851195085171,0.0,0.0,0.0,2.0,0.35005779420142885
2023_11_NYG_WAS_spread,0.5266011420214498,0.0053294529500405,-110.0,spread,2023_11_NYG_WAS,0.21,0.011191851195085171,0.0,0.0,0.0,4.0,0.35005779420142885
2023_11_NYJ_BUF_spread,0.5275779376498799,0.0071942446043162,-110.0,spread,2023_11_NYJ_BUF,0.21,0.015107913669064053,0.0,0.0,0.0,1.0,0.35005779420142885
2023_11_NYJ_BUF_spread,0.5275779376498799,0.0071942446043162,-110.0,spread,2023_11_NYJ_BUF,0.21,0.015107913669064053,0.0,0.0,0.0,2.0,0.35005779420142885
2023_11_NYJ_BUF_spread,0.5275779376498799,0.0071942446043162,-110.0,spread,2023_11_NYJ_BUF,0.21,0.015107913669064053,0.0,0.0,0.0,3.0,0.35005779420142885
2023_11_NYJ_BUF_spread,0.5275779376498799,0.0071942446043162,-110.0,spread,2023_11_NYJ_BUF,0.21,0.015107913669064053,0.0,0.0,0.0,4.0,0.35005779420142885
2023_11_PHI_KC_spread,0.5129224652087475,-0.0207843846014819,-110.0,spread,2023_11_PHI_KC,0.21,0.0,0.0,0.0,0.0,1.0,0.35005779420142885
2023_12_BAL_LAC_spread,0.5275779376498799,0.0071942446043162,-110.0,spread,2023_12_BAL_LAC,0.21,0.015107913669064053,0.0,0.0,0.0,1.0,0.35005779420142885
2023_12_BAL_LAC_spread,0.5275779376498799,0.0071942446043162,-110.0,spread,2023_12_BAL_LAC,0.21,0.015107913669064053,0.0,0.0,0.0,2.0,0.35005779420142885
2023_12_BAL_LAC_spread,0.5275779376498799,0.0071942446043162,-110.0,spread,2023_12_BAL_LAC,0.21,0.015107913669064053,0.0,0.0,0.0,3.0,0.35005779420142885
2023_12_BAL_LAC_spread,0.5275779376498799,0.0071942446043162,-110.0,spread,2023_12_BAL_LAC,0.21,0.015107913669064053,0.0,0.0,0.0,4.0,0.35005779420142885
2023_12_BUF_PHI_spread,0.5129224652087475,-0.0207843846014819,-110.0,spread,2023_12_BUF_PHI,0.21,0.0,0.0,0.0,0.0,1.0,0.35005779420142885
2023_12_BUF_PHI_spread,0.5129224652087475,-0.0207843846014819,-110.0,spread,2023_12_BUF_PHI,0.21,0.0,0.0,0.0,0.0,2.0,0.35005779420142885
2023_12_BUF_PHI_spread,0.5129224652087475,-0.0207843846014819,-110.0,spread,2023_12_BUF_PHI,0.21,0.0,0.0,0.0,0.0,3.0,0.35005779420142885
2023_12_BUF_PHI_spread,0.5129224652087475,-0.0207843846014819,-110.0,spread,2023_12_BUF_PHI,0.21,0.0,0.0,0.0,0.0,4.0,0.35005779420142885
2023_12_CHI_MIN_spread,0.5129224652087475,-0.0207843846014819,-110.0,spread,2023_12_CHI_MIN,0.21,0.0,0.0,0.0,0.0,1.0,0.35005779420142885
2023_11_NYG_WAS_spread,0.5275779376498799,0.0071942446043162,-110.0,spread,2023_11_NYG_WAS,0.21,0.015107913669064053,0.0,0.0,0.0,3.0,0.35005779420142885
2023_11_NYG_WAS_spread,0.5275779376498799,0.0071942446043162,-110.0,spread,2023_11_NYG_WAS,0.21,0.015107913669064053,0.0,0.0,0.0,1.0,0.35005779420142885
2023_10_NO_MIN_spread,0.5129224652087475,-0.0207843846014819,-110.0,spread,2023_10_NO_MIN,0.21,0.0,0.0,0.0,0.0,1.0,0.35005779420142885
2023_11_LAC_GB_spread,0.5129224652087475,-0.0207843846014819,-110.0,spread,2023_11_LAC_GB,0.21,0.0,0.0,0.0,0.0,4.0,0.35005779420142885
2023_10_NO_MIN_spread,0.5129224652087475,-0.0207843846014819,-110.0,spread,2023_10_NO_MIN,0.21,0.0,0.0,0.0,0.0,2.0,0.35005779420142885
2023_10_NO_MIN_spread,0.5129224652087475,-0.0207843846014819,-110.0,spread,2023_10_NO_MIN,0.21,0.0,0.0,0.0,0.0,3.0,0.35005779420142885
2023_10_NO_MIN_spread,0.5129224652087475,-0.0207843846014819,-110.0,spread,2023_10_NO_MIN,0.21,0.0,0.0,0.0,0.0,4.0,0.35005779420142885
2023_10_NYG_DAL_spread,0.5275779376498799,0.0071942446043162,-110.0,spread,2023_10_NYG_DAL,0.21,0.015107913669064053,0.0,0.0,0.0,1.0,0.35005779420142885
2023_10_NYG_DAL_spread,0.5275779376498799,0.0071942446043162,-110.0,spread,2023_10_NYG_DAL,0.21,0.015107913669064053,0.0,0.0,0.0,2.0,0.35005779420142885
2023_10_NYG_DAL_spread,0.5275779376498799,0.0071942446043162,-110.0,spread,2023_10_NYG_DAL,0.21,0.015107913669064053,0.0,0.0,0.0,3.0,0.35005779420142885
2023_10_NYG_DAL_spread,0.5275779376498799,0.0071942446043162,-110.0,spread,2023_10_NYG_DAL,0.21,0.015107913669064053,0.0,0.0,0.0,4.0,0.35005779420142885
2023_10_TEN_TB_spread,0.5129224652087475,-0.0207843846014819,-110.0,spread,2023_10_TEN_TB,0.21,0.0,0.0,0.0,0.0,1.0,0.35005779420142885
2023_11_CIN_BAL_spread,0.5257391050135286,0.0036837459349182,-110.0,spread,2023_11_CIN_BAL,0.21,0.007735866463328233,0.0,0.0,0.0,1.0,0.35005779420142885
2023_11_CIN_BAL_spread,0.5129224652087475,-0.0207843846014819,-110.0,spread,2023_11_CIN_BAL,0.21,0.0,0.0,0.0,0.0,2.0,0.35005779420142885
2023_11_CIN_BAL_spread,0.5257391050135286,0.0036837459349182,-110.0,spread,2023_11_CIN_BAL,0.21,0.007735866463328233,0.0,0.0,0.0,3.0,0.35005779420142885
2023_11_CIN_BAL_spread,0.5129224652087475,-0.0207843846014819,-110.0,spread,2023_11_CIN_BAL,0.21,0.0,0.0,0.0,0.0,4.0,0.35005779420142885
2023_11_LAC_GB_spread,0.5129224652087475,-0.0207843846014819,-110.0,spread,2023_11_LAC_GB,0.21,0.0,0.0,0.0,0.0,1.0,0.35005779420142885
2023_11_LAC_GB_spread,0.5129224652087475,-0.0207843846014819,-110.0,spread,2023_11_LAC_GB,0.21,0.0,0.0,0.0,0.0,2.0,0.35005779420142885
2023_11_LAC_GB_spread,0.5129224652087475,-0.0207843846014819,-110.0,spread,2023_11_LAC_GB,0.21,0.0,0.0,0.0,0.0,3.0,0.35005779420142885
2023_08_CIN_SF_spread,0.5257402483615216,0.0036859286901775,-110.0,spread,2023_08_CIN_SF,0.21,0.007740450249372781,0.0,0.0,0.0,3.0,0.35005779420142885
2023_08_CIN_SF_spread,0.5257402483615216,0.0036859286901775,-110.0,spread,2023_08_CIN_SF,0.21,0.007740450249372781,0.0,0.0,0.0,1.0,0.35005779420142885
2023_03_NE_NYJ_spread,0.5222843341096165,-0.0029117257907321,-110.0,spread,2023_03_NE_NYJ,0.21,0.0,0.0,0.0,0.0,2.0,0.35005779420142885
2023_05_CIN_ARI_spread,0.5129224652087475,-0.0207843846014819,-110.0,spread,2023_05_CIN_ARI,0.21,0.0,0.0,0.0,0.0,4.0,0.35005779420142885
2023_05_BAL_PIT_spread,0.5275779376498799,0.0071942446043162,-110.0,spread,2023_05_BAL_PIT,0.21,0.015107913669064053,0.0,0.0,0.0,1.0,0.35005779420142885
2023_05_BAL_PIT_spread,0.5275779376498799,0.0071942446043162,-110.0,spread,2023_05_BAL_PIT,0.21,0.015107913669064053,0.0,0.0,0.0,2.0,0.35005779420142885
2023_05_BAL_PIT_spread,0.5275779376498799,0.0071942446043162,-110.0,spread,2023_05_BAL_PIT,0.21,0.015107913669064053,0.0,0.0,0.0,3.0,0.35005779420142885
2023_05_BAL_PIT_spread,0.5275779376498799,0.0071942446043162,-110.0,spread,2023_05_BAL_PIT,0.21,0.015107913669064053,0.0,0.0,0.0,4.0,0.35005779420142885
2023_05_CIN_ARI_spread,0.5129224652087475,-0.0207843846014819,-110.0,spread,2023_05_CIN_ARI,0.21,0.0,0.0,0.0,0.0,1.0,0.35005779420142885
2023_05_CIN_ARI_spread,0.5129224652087475,-0.0207843846014819,-110.0,spread,2023_05_CIN_ARI,0.21,0.0,0.0,0.0,0.0,2.0,0.35005779420142885
2023_05_CIN_ARI_spread,0.5129224652087475,-0.0207843846014819,-110.0,spread,2023_05_CIN_ARI,0.21,0.0,0.0,0.0,0.0,3.0,0.35005779420142885
2023_05_DAL_SF_spread,0.514465667909288,-0.0178382703549955,-110.0,spread,2023_05_DAL_SF,0.21,0.0,0.0,0.0,0.0,1.0,0.35005779420142885
2023_08_ATL_TEN_spread,0.5253164556962026,0.0028768699654776,-110.0,spread,2023_08_ATL_TEN,0.21,0.006041426927503129,0.0,0.0,0.0,4.0,0.35005779420142885
2023_05_DAL_SF_spread,0.5129224652087475,-0.0207843846014819,-110.0,spread,2023_05_DAL_SF,0.21,0.0,0.0,0.0,0.0,2.0,0.35005779420142885
2023_05_DAL_SF_spread,0.514465667909288,-0.0178382703549955,-110.0,spread,2023_05_DAL_SF,0.21,0.0,0.0,0.0,0.0,3.0,0.35005779420142885
2023_05_DAL_SF_spread,0.5129224652087475,-0.0207843846014819,-110.0,spread,2023_05_DAL_SF,0.21,0.0,0.0,0.0,0.0,4.0,0.35005779420142885
2023_05_HOU_ATL_spread,0.5129224652087475,-0.0207843846014819,-110.0,spread,2023_05_HOU_ATL,0.21,0.0,0.0,0.0,0.0,1.0,0.35005779420142885
2023_05_HOU_ATL_spread,0.5129224652087475,-0.0207843846014819,-110.0,spread,2023_05_HOU_ATL,0.21,0.0,0.0,0.0,0.0,2.0,0.35005779420142885
2023_05_HOU_ATL_spread,0.5129224652087475,-0.0207843846014819,-110.0,spread,2023_05_HOU_ATL,0.21,0.0,0.0,0.0,0.0,3.0,0.35005779420142885
2023_05_HOU_ATL_spread,0.5129224652087475,-0.0207843846014819,-110.0,spread,2023_05_HOU_ATL,0.21,0.0,0.0,0.0,0.0,4.0,0.35005779420142885
2023_04_DET_GB_spread,0.5242875746468038,0.0009126425075344,-110.0,spread,2023_04_DET_GB,0.21,0.0019165492658223702,0.0,0.0,0.0,4.0,0.35005779420142885
2023_04_DET_GB_spread,0.5242875746468038,0.0009126425075344,-110.0,spread,2023_04_DET_GB,0.21,0.0019165492658223702,0.0,0.0,0.0,3.0,0.35005779420142885
2023_04_DET_GB_spread,0.5242875746468038,0.0009126425075344,-110.0,spread,2023_04_DET_GB,0.21,0.0019165492658223702,0.0,0.0,0.0,2.0,0.35005779420142885
2023_04_DET_GB_spread,0.5242875746468038,0.0009126425075344,-110.0,spread,2023_04_DET_GB,0.21,0.0019165492658223702,0.0,0.0,0.0,1.0,0.35005779420142885
2023_03_NE_NYJ_spread,0.5222843341096165,-0.0029117257907321,-110.0,spread,2023_03_NE_NYJ,0.21,0.0,0.0,0.0,0.0,3.0,0.35005779420142885
2022_19_BAL_CIN_spread,0.5264820243330433,0.0051020464539917,-110.0,spread,2022_19_BAL_CIN,0.21,0.010714297553382705,0.0,0.0,0.0,8.0,0.35005779420142885
2023_03_NO_GB_spread,0.5129224652087475,-0.0207843846014819,-110.0,spread,2023_03_NO_GB,0.21,0.0,0.0,0.0,0.0,1.0,0.35005779420142885
2023_04_ARI_SF_spread,0.5275779376498799,0.0071942446043162,-110.0,spread,2023_04_ARI_SF,0.21,0.015107913669064053,0.0,0.0,0.0,1.0,0.35005779420142885
2023_04_ARI_SF_spread,0.5275779376498799,0.0071942446043162,-110.0,spread,2023_04_ARI_SF,0.21,0.015107913669064053,0.0,0.0,0.0,2.0,0.35005779420142885
2023_04_ARI_SF_spread,0.5275779376498799,0.0071942446043162,-110.0,spread,2023_04_ARI_SF,0.21,0.015107913669064053,0.0,0.0,0.0,3.0,0.35005779420142885
2023_04_ARI_SF_spread,0.5275779376498799,0.0071942446043162,-110.0,spread,2023_04_ARI_SF,0.21,0.015107913669064053,0.0,0.0,0.0,4.0,0.35005779420142885
2023_04_ATL_JAX_spread,0.5164604448556702,-0.0140300598209932,-110.0,spread,2023_04_ATL_JAX,0.21,0.0,0.0,0.0,0.0,1.0,0.35005779420142885
2023_04_ATL_JAX_spread,0.5129224652087475,-0.0207843846014819,-110.0,spread,2023_04_ATL_JAX,0.21,0.0,0.0,0.0,0.0,2.0,0.35005779420142885
2023_04_ATL_JAX_spread,0.5164604448556702,-0.0140300598209932,-110.0,spread,2023_04_ATL_JAX,0.21,0.0,0.0,0.0,0.0,3.0,0.35005779420142885
2023_04_ATL_JAX_spread,0.5129224652087475,-0.0207843846014819,-110.0,spread,2023_04_ATL_JAX,0.21,0.0,0.0,0.0,0.0,4.0,0.35005779420142885
2023_04_BAL_CLE_spread,0.5129224652087475,-0.0207843846014819,-110.0,spread,2023_04_BAL_CLE,0.21,0.0,0.0,0.0,0.0,1.0,0.35005779420142885
2023_04_BAL_CLE_spread,0.5129224652087475,-0.0207843846014819,-110.0,spread,2023_04_BAL_CLE,0.21,0.0,0.0,0.0,0.0,2.0,0.35005779420142885
2023_04_BAL_CLE_spread,0.5129224652087475,-0.0207843846014819,-110.0,spread,2023_04_BAL_CLE,0.21,0.0,0.0,0.0,0.0,3.0,0.35005779420142885
2023_04_BAL_CLE_spread,0.5129224652087475,-0.0207843846014819,-110.0,spread,2023_04_BAL_CLE,0.21,0.0,0.0,0.0,0.0,4.0,0.35005779420142885
2023_05_JAX_BUF_spread,0.5129224652087475,-0.0207843846014819,-110.0,spread,2023_05_JAX_BUF,0.21,0.0,0.0,0.0,0.0,1.0,0.35005779420142885
2023_06_BAL_TEN_spread,0.5275779376498799,0.0071942446043162,-110.0,spread,2023_06_BAL_TEN,0.21,0.015107913669064053,0.0,0.0,0.0,1.0,0.35005779420142885
2023_06_BAL_TEN_spread,0.5275779376498799,0.0071942446043162,-110.0,spread,2023_06_BAL_TEN,0.21,0.015107913669064053,0.0,0.0,0.0,2.0,0.35005779420142885
2023_07_ATL_TB_spread,0.5129224652087475,-0.0207843846014819,-110.0,spread,2023_07_ATL_TB,0.21,0.0,0.0,0.0,0.0,4.0,0.35005779420142885
2023_07_DET_BAL_spread,0.5129224652087475,-0.0207843846014819,-110.0,spread,2023_07_DET_BAL,0.21,0.0,0.0,0.0,0.0,2.0,0.35005779420142885
2023_07_DET_BAL_spread,0.5129224652087475,-0.0207843846014819,-110.0,spread,2023_07_DET_BAL,0.21,0.0,0.0,0.0,0.0,3.0,0.35005779420142885
2023_07_DET_BAL_spread,0.5129224652087475,-0.0207843846014819,-110.0,spread,2023_07_DET_BAL,0.21,0.0,0.0,0.0,0.0,4.0,0.35005779420142885
2023_07_JAX_NO_spread,0.5129224652087475,-0.0207843846014819,-110.0,spread,2023_07_JAX_NO,0.21,0.0,0.0,0.0,0.0,1.0,0.35005779420142885
2023_07_JAX_NO_spread,0.5129224652087475,-0.0207843846014819,-110.0,spread,2023_07_JAX_NO,0.21,0.0,0.0,0.0,0.0,2.0,0.35005779420142885
2023_07_JAX_NO_spread,0.5129224652087475,-0.0207843846014819,-110.0,spread,2023_07_JAX_NO,0.21,0.0,0.0,0.0,0.0,3.0,0.35005779420142885
2023_07_JAX_NO_spread,0.5129224652087475,-0.0207843846014819,-110.0,spread,2023_07_JAX_NO,0.21,0.0,0.0,0.0,0.0,4.0,0.35005779420142885
2023_07_PIT_LA_spread,0.5144681887570551,-0.0178334578274401,-110.0,spread,2023_07_PIT_LA,0.21,0.0,0.0,0.0,0.0,1.0,0.35005779420142885
2023_07_PIT_LA_spread,0.5129224652087475,-0.0207843846014819,-110.0,spread,2023_07_PIT_LA,0.21,0.0,0.0,0.0,0.0,2.0,0.35005779420142885
2023_07_PIT_LA_spread,0.5144681887570551,-0.0178334578274401,-110.0,spread,2023_07_PIT_LA,0.21,0.0,0.0,0.0,0.0,3.0,0.35005779420142885
2023_07_PIT_LA_spread,0.5129224652087475,-0.0207843846014819,-110.0,spread,2023_07_PIT_LA,0.21,0.0,0.0,0.0,0.0,4.0,0.35005779420142885
2023_07_SF_MIN_spread,0.5253164556962026,0.0028768699654776,-110.0,spread,2023_07_SF_MIN,0.21,0.006041426927503129,0.0,0.0,0.0,1.0,0.35005779420142885
2023_08_ATL_TEN_spread,0.5253164556962026,0.0028768699654776,-110.0,spread,2023_08_ATL_TEN,0.21,0.006041426927503129,0.0,0.0,0.0,1.0,0.35005779420142885
2023_08_ATL_TEN_spread,0.5253164556962026,0.0028768699654776,-110.0,spread,2023_08_ATL_TEN,0.21,0.006041426927503129,0.0,0.0,0.0,2.0,0.35005779420142885
2023_08_ATL_TEN_spread,0.5253164556962026,0.0028768699654776,-110.0,spread,2023_08_ATL_TEN,0.21,0.006041426927503129,0.0,0.0,0.0,3.0,0.35005779420142885
2023_07_DET_BAL_spread,0.5129224652087475,-0.0207843846014819,-110.0,spread,2023_07_DET_BAL,0.21,0.0,0.0,0.0,0.0,1.0,0.35005779420142885
2023_07_ATL_TB_spread,0.5129224652087475,-0.0207843846014819,-110.0,spread,2023_07_ATL_TB,0.21,0.0,0.0,0.0,0.0,3.0,0.35005779420142885
2023_06_BAL_TEN_spread,0.5275779376498799,0.0071942446043162,-110.0,spread,2023_06_BAL_TEN,0.21,0.015107913669064053,0.0,0.0,0.0,3.0,0.35005779420142885
2023_07_ATL_TB_spread,0.5129224652087475,-0.0207843846014819,-110.0,spread,2023_07_ATL_TB,0.21,0.0,0.0,0.0,0.0,2.0,0.35005779420142885
2023_06_BAL_TEN_spread,0.5275779376498799,0.0071942446043162,-110.0,spread,2023_06_BAL_TEN,0.21,0.015107913669064053,0.0,0.0,0.0,4.0,0.35005779420142885
2023_06_DEN_KC_spread,0.5275779376498799,0.0071942446043162,-110.0,spread,2023_06_DEN_KC,0.21,0.015107913669064053,0.0,0.0,0.0,1.0,0.35005779420142885
2023_06_DEN_KC_spread,0.5275779376498799,0.0071942446043162,-110.0,spread,2023_06_DEN_KC,0.21,0.015107913669064053,0.0,0.0,0.0,2.0,0.35005779420142885
2023_06_DEN_KC_spread,0.5275779376498799,0.0071942446043162,-110.0,spread,2023_06_DEN_KC,0.21,0.015107913669064053,0.0,0.0,0.0,3.0,0.35005779420142885
2023_06_DEN_KC_spread,0.5275779376498799,0.0071942446043162,-110.0,spread,2023_06_DEN_KC,0.21,0.015107913669064053,0.0,0.0,0.0,4.0,0.35005779420142885
2023_06_IND_JAX_spread,0.5257402483615216,0.0036859286901775,-110.0,spread,2023_06_IND_JAX,0.21,0.007740450249372781,0.0,0.0,0.0,1.0,0.35005779420142885
2023_06_IND_JAX_spread,0.5129224652087475,-0.0207843846014819,-110.0,spread,2023_06_IND_JAX,0.21,0.0,0.0,0.0,0.0,2.0,0.35005779420142885
2023_06_IND_JAX_spread,0.5257402483615216,0.0036859286901775,-110.0,spread,2023_06_IND_JAX,0.21,0.007740450249372781,0.0,0.0,0.0,3.0,0.35005779420142885
2023_06_IND_JAX_spread,0.5129224652087475,-0.0207843846014819,-110.0,spread,2023_06_IND_JAX,0.21,0.0,0.0,0.0,0.0,4.0,0.35005779420142885
2023_06_NO_HOU_spread,0.5129224652087475,-0.0207843846014819,-110.0,spread,2023_06_NO_HOU,0.21,0.0,0.0,0.0,0.0,1.0,0.35005779420142885
2023_06_NO_HOU_spread,0.5129224652087475,-0.0207843846014819,-110.0,spread,2023_06_NO_HOU,0.21,0.0,0.0,0.0,0.0,2.0,0.35005779420142885
2023_06_NO_HOU_spread,0.5129224652087475,-0.0207843846014819,-110.0,spread,2023_06_NO_HOU,0.21,0.0,0.0,0.0,0.0,3.0,0.35005779420142885
2023_06_NO_HOU_spread,0.5129224652087475,-0.0207843846014819,-110.0,spread,2023_06_NO_HOU,0.21,0.0,0.0,0.0,0.0,4.0,0.35005779420142885
2023_06_PHI_NYJ_spread,0.5213109461906109,-0.0047700118179245,-110.0,spread,2023_06_PHI_NYJ,0.21,0.0,0.0,0.0,0.0,1.0,0.35005779420142885
2023_07_ATL_TB_spread,0.5129224652087475,-0.0207843846014819,-110.0,spread,2023_07_ATL_TB,0.21,0.0,0.0,0.0,0.0,1.0,0.35005779420142885
2022_19_BAL_CIN_spread,0.5264820243330433,0.0051020464539917,-110.0,spread,2022_19_BAL_CIN,0.21,0.010714297553382705,0.0,0.0,0.0,9.0,0.35005779420142885
2022_19_BAL_CIN_spread,0.5264820243330433,0.0051020464539917,-110.0,spread,2022_19_BAL_CIN,0.21,0.010714297553382705,0.0,0.0,0.0,3.0,0.35005779420142885
2022_19_BAL_CIN_spread,0.5275779376498799,0.0071942446043162,-110.0,spread,2022_19_BAL_CIN,0.21,0.015107913669064053,0.0,0.0,0.0,7.0,0.35005779420142885
2022_07_KC_SF_spread,0.5129224652087475,-0.0207843846014819,-110.0,spread,2022_07_KC_SF,0.21,0.0,0.0,0.0,0.0,2.0,0.35005779420142885
2022_07_KC_SF_spread,0.5129224652087475,-0.0207843846014819,-110.0,spread,2022_07_KC_SF,0.21,0.0,0.0,0.0,0.0,4.0,0.35005779420142885
2022_07_NYG_JAX_spread,0.5129224652087475,-0.0207843846014819,-110.0,spread,2022_07_NYG_JAX,0.21,0.0,0.0,0.0,0.0,1.0,0.35005779420142885
2022_07_NYG_JAX_spread,0.5129224652087475,-0.0207843846014819,-110.0,spread,2022_07_NYG_JAX,0.21,0.0,0.0,0.0,0.0,2.0,0.35005779420142885
2022_07_NYG_JAX_spread,0.5129224652087475,-0.0207843846014819,-110.0,spread,2022_07_NYG_JAX,0.21,0.0,0.0,0.0,0.0,3.0,0.35005779420142885
2022_07_NYG_JAX_spread,0.5129224652087475,-0.0207843846014819,-110.0,spread,2022_07_NYG_JAX,0.21,0.0,0.0,0.0,0.0,4.0,0.35005779420142885
2022_07_NYJ_DEN_spread,0.5129224652087475,-0.0207843846014819,-110.0,spread,2022_07_NYJ_DEN,0.21,0.0,0.0,0.0,0.0,1.0,0.35005779420142885
2022_07_NYJ_DEN_spread,0.5129224652087475,-0.0207843846014819,-110.0,spread,2022_07_NYJ_DEN,0.21,0.0,0.0,0.0,0.0,2.0,0.35005779420142885
2022_07_NYJ_DEN_spread,0.5129224652087475,-0.0207843846014819,-110.0,spread,2022_07_NYJ_DEN,0.21,0.0,0.0,0.0,0.0,3.0,0.35005779420142885
2022_07_NYJ_DEN_spread,0.5129224652087475,-0.0207843846014819,-110.0,spread,2022_07_NYJ_DEN,0.21,0.0,0.0,0.0,0.0,4.0,0.35005779420142885
2022_08_ARI_MIN_spread,0.5255747456306012,0.0033699689311478,-110.0,spread,2022_08_ARI_MIN,0.21,0.007076934755410552,0.0,0.0,0.0,1.0,0.35005779420142885
2022_08_ARI_MIN_spread,0.5129224652087475,-0.0207843846014819,-110.0,spread,2022_08_ARI_MIN,0.21,0.0,0.0,0.0,0.0,2.0,0.35005779420142885
2022_08_ARI_MIN_spread,0.5255747456306012,0.0033699689311478,-110.0,spread,2022_08_ARI_MIN,0.21,0.007076934755410552,0.0,0.0,0.0,3.0,0.35005779420142885
2022_08_ARI_MIN_spread,0.5129224652087475,-0.0207843846014819,-110.0,spread,2022_08_ARI_MIN,0.21,0.0,0.0,0.0,0.0,4.0,0.35005779420142885
2022_08_BAL_TB_spread,0.5129224652087475,-0.0207843846014819,-110.0,spread,2022_08_BAL_TB,0.21,0.0,0.0,0.0,0.0,1.0,0.35005779420142885
2022_08_BAL_TB_spread,0.5129224652087475,-0.0207843846014819,-110.0,spread,2022_08_BAL_TB,0.21,0.0,0.0,0.0,0.0,2.0,0.35005779420142885
2022_07_KC_SF_spread,0.5129224652087475,-0.0207843846014819,-110.0,spread,2022_07_KC_SF,0.21,0.0,0.0,0.0,0.0,3.0,0.35005779420142885
2022_07_KC_SF_spread,0.5129224652087475,-0.0207843846014819,-110.0,spread,2022_07_KC_SF,0.21,0.0,0.0,0.0,0.0,1.0,0.35005779420142885
2022_08_BAL_TB_spread,0.5129224652087475,-0.0207843846014819,-110.0,spread,2022_08_BAL_TB,0.21,0.0,0.0,0.0,0.0,4.0,0.35005779420142885
2022_07_IND_TEN_spread,0.5129224652087475,-0.0207843846014819,-110.0,spread,2022_07_IND_TEN,0.21,0.0,0.0,0.0,0.0,4.0,0.35005779420142885
2022_06_JAX_IND_spread,0.4938766906377496,-0.0571444996915688,-110.0,spread,2022_06_JAX_IND,0.21,0.0,0.0,0.0,0.0,1.0,0.35005779420142885
2022_06_JAX_IND_spread,0.3212831264154174,-0.3866413041160212,-110.0,spread,2022_06_JAX_IND,0.21,0.0,0.0,0.0,0.0,2.0,0.35005779420142885
2022_06_JAX_IND_spread,0.4938766906377496,-0.0571444996915688,-110.0,spread,2022_06_JAX_IND,0.21,0.0,0.0,0.0,0.0,3.0,0.35005779420142885
2022_06_JAX_IND_spread,0.3212831264154174,-0.3866413041160212,-110.0,spread,2022_06_JAX_IND,0.21,0.0,0.0,0.0,0.0,4.0,0.35005779420142885
2022_06_NYJ_GB_spread,0.5275779376498799,0.0071942446043162,-110.0,spread,2022_06_NYJ_GB,0.21,0.015107913669064053,0.0,0.0,0.0,1.0,0.35005779420142885
2022_06_NYJ_GB_spread,0.5264401410960614,0.0050220875470263,-110.0,spread,2022_06_NYJ_GB,0.21,0.010546383848755269,0.0,0.0,0.0,2.0,0.35005779420142885
2022_06_NYJ_GB_spread,0.5275779376498799,0.0071942446043162,-110.0,spread,2022_06_NYJ_GB,0.21,0.015107913669064053,0.0,0.0,0.0,3.0,0.35005779420142885
2022_06_NYJ_GB_spread,0.5264401410960614,0.0050220875470263,-110.0,spread,2022_06_NYJ_GB,0.21,0.010546383848755269,0.0,0.0,0.0,4.0,0.35005779420142885
2022_07_CHI_NE_spread,0.5275779376498799,0.0071942446043162,-110.0,spread,2022_07_CHI_NE,0.21,0.015107913669064053,0.0,0.0,0.0,1.0,0.35005779420142885
2022_07_CHI_NE_spread,0.5275779376498799,0.0071942446043162,-110.0,spread,2022_07_CHI_NE,0.21,0.015107913669064053,0.0,0.0,0.0,2.0,0.35005779420142885
2022_07_CHI_NE_spread,0.5275779376498799,0.0071942446043162,-110.0,spread,2022_07_CHI_NE,0.21,0.015107913669064053,0.0,0.0,0.0,3.0,0.35005779420142885
2022_07_CHI_NE_spread,0.5275779376498799,0.0071942446043162,-110.0,spread,2022_07_CHI_NE,0.21,0.015107913669064053,0.0,0.0,0.0,4.0,0.35005779420142885
2022_07_IND_TEN_spread,0.5129224652087475,-0.0207843846014819,-110.0,spread,2022_07_IND_TEN,0.21,0.0,0.0,0.0,0.0,1.0,0.35005779420142885
2022_07_IND_TEN_spread,0.5129224652087475,-0.0207843846014819,-110.0,spread,2022_07_IND_TEN,0.21,0.0,0.0,0.0,0.0,2.0,0.35005779420142885
2022_07_IND_TEN_spread,0.5129224652087475,-0.0207843846014819,-110.0,spread,2022_07_IND_TEN,0.21,0.0,0.0,0.0,0.0,3.0,0.35005779420142885
2022_08_BAL_TB_spread,0.5129224652087475,-0.0207843846014819,-110.0,spread,2022_08_BAL_TB,0.21,0.0,0.0,0.0,0.0,3.0,0.35005779420142885
2022_08_CHI_DAL_spread,0.5275779376498799,0.0071942446043162,-110.0,spread,2022_08_CHI_DAL,0.21,0.015107913669064053,0.0,0.0,0.0,1.0,0.35005779420142885
2022_06_DAL_PHI_spread,0.5275779376498799,0.0071942446043162,-110.0,spread,2022_06_DAL_PHI,0.21,0.015107913669064053,0.0,0.0,0.0,3.0,0.35005779420142885
2022_09_IND_NE_spread,0.5129224652087475,-0.0207843846014819,-110.0,spread,2022_09_IND_NE,0.21,0.0,0.0,0.0,0.0,4.0,0.35005779420142885
2022_09_LA_TB_spread,0.5129224652087475,-0.0207843846014819,-110.0,spread,2022_09_LA_TB,0.21,0.0,0.0,0.0,0.0,2.0,0.35005779420142885
2022_09_LA_TB_spread,0.5129224652087475,-0.0207843846014819,-110.0,spread,2022_09_LA_TB,0.21,0.0,0.0,0.0,0.0,3.0,0.35005779420142885
2022_09_LA_TB_spread,0.5129224652087475,-0.0207843846014819,-110.0,spread,2022_09_LA_TB,0.21,0.0,0.0,0.0,0.0,4.0,0.35005779420142885
2022_09_MIN_WAS_spread,0.519585720069689,-0.0080636253215028,-110.0,spread,2022_09_MIN_WAS,0.21,0.0,0.0,0.0,0.0,1.0,0.35005779420142885
2022_10_ARI_LA_spread,0.5135894032279995,-0.0195111392920008,-110.0,spread,2022_10_ARI_LA,0.21,0.0,0.0,0.0,0.0,1.0,0.35005779420142885
2022_10_ARI_LA_spread,0.5129224652087475,-0.0207843846014819,-110.0,spread,2022_10_ARI_LA,0.21,0.0,0.0,0.0,0.0,2.0,0.35005779420142885
2022_10_ARI_LA_spread,0.5135894032279995,-0.0195111392920008,-110.0,spread,2022_10_ARI_LA,0.21,0.0,0.0,0.0,0.0,3.0,0.35005779420142885
2022_10_ARI_LA_spread,0.5129224652087475,-0.0207843846014819,-110.0,spread,2022_10_ARI_LA,0.21,0.0,0.0,0.0,0.0,4.0,0.35005779420142885
2022_10_ATL_CAR_spread,0.5129224652087475,-0.0207843846014819,-110.0,spread,2022_10_ATL_CAR,0.21,0.0,0.0,0.0,0.0,1.0,0.35005779420142885
2022_10_ATL_CAR_spread,0.5129224652087475,-0.0207843846014819,-110.0,spread,2022_10_ATL_CAR,0.21,0.0,0.0,0.0,0.0,2.0,0.35005779420142885
2022_10_ATL_CAR_spread,0.5129224652087475,-0.0207843846014819,-110.0,spread,2022_10_ATL_CAR,0.21,0.0,0.0,0.0,0.0,3.0,0.35005779420142885
2022_10_ATL_CAR_spread,0.5129224652087475,-0.0207843846014819,-110.0,spread,2022_10_ATL_CAR,0.21,0.0,0.0,0.0,0.0,4.0,0.35005779420142885
2022_10_DAL_GB_spread,0.5275779376498799,0.0071942446043162,-110.0,spread,2022_10_DAL_GB,0.21,0.015107913669064053,0.0,0.0,0.0,1.0,0.35005779420142885
2022_10_DAL_GB_spread,0.5275779376498799,0.0071942446043162,-110.0,spread,2022_10_DAL_GB,0.21,0.015107913669064053,0.0,0.0,0.0,2.0,0.35005779420142885
2022_10_DAL_GB_spread,0.5275779376498799,0.0071942446043162,-110.0,spread,2022_10_DAL_GB,0.21,0.015107913669064053,0.0,0.0,0.0,3.0,0.35005779420142885
2022_09_LA_TB_spread,0.5129224652087475,-0.0207843846014819,-110.0,spread,2022_09_LA_TB,0.21,0.0,0.0,0.0,0.0,1.0,0.35005779420142885
2022_09_IND_NE_spread,0.5275779376498799,0.0071942446043162,-110.0,spread,2022_09_IND_NE,0.21,0.015107913669064053,0.0,0.0,0.0,3.0,0.35005779420142885
2022_08_CHI_DAL_spread,0.5275779376498799,0.0071942446043162,-110.0,spread,2022_08_CHI_DAL,0.21,0.015107913669064053,0.0,0.0,0.0,2.0,0.35005779420142885
2022_09_IND_NE_spread,0.5129224652087475,-0.0207843846014819,-110.0,spread,2022_09_IND_NE,0.21,0.0,0.0,0.0,0.0,2.0,0.35005779420142885
2022_08_CHI_DAL_spread,0.5275779376498799,0.0071942446043162,-110.0,spread,2022_08_CHI_DAL,0.21,0.015107913669064053,0.0,0.0,0.0,3.0,0.35005779420142885
2022_08_CHI_DAL_spread,0.5275779376498799,0.0071942446043162,-110.0,spread,2022_08_CHI_DAL,0.21,0.015107913669064053,0.0,0.0,0.0,4.0,0.35005779420142885
2022_08_CIN_CLE_spread,0.5195894962974659,-0.0080564161593832,-110.0,spread,2022_08_CIN_CLE,0.21,0.0,0.0,0.0,0.0,1.0,0.35005779420142885
2022_08_CIN_CLE_spread,0.5195894962974659,-0.0080564161593832,-110.0,spread,2022_08_CIN_CLE,0.21,0.0,0.0,0.0,0.0,2.0,0.35005779420142885
2022_08_CIN_CLE_spread,0.5195894962974659,-0.0080564161593832,-110.0,spread,2022_08_CIN_CLE,0.21,0.0,0.0,0.0,0.0,3.0,0.35005779420142885
2022_08_CIN_CLE_spread,0.5195894962974659,-0.0080564161593832,-110.0,spread,2022_08_CIN_CLE,0.21,0.0,0.0,0.0,0.0,4.0,0.35005779420142885
2022_08_GB_BUF_spread,0.5275779376498799,0.0071942446043162,-110.0,spread,2022_08_GB_BUF,0.21,0.015107913669064053,0.0,0.0,0.0,1.0,0.35005779420142885
2022_09_BUF_NYJ_spread,0.56,0.0690909090909092,-110.0,spread,2022_09_BUF_NYJ,0.21,0.14509090909090944,0.03046909090909098,0.022851818181818237,0.0,2.0,0.35005779420142885
2022_09_BUF_NYJ_spread,0.56,0.0690909090909092,-110.0,spread,2022_09_BUF_NYJ,0.21,0.14509090909090944,0.03046909090909098,0.022851818181818237,0.0,3.0,0.35005779420142885
2022_09_BUF_NYJ_spread,0.56,0.0690909090909092,-110.0,spread,2022_09_BUF_NYJ,0.21,0.14509090909090944,0.03046909090909098,0.022851818181818237,0.0,4.0,0.35005779420142885
2022_09_CAR_CIN_spread,0.5275779376498799,0.0071942446043162,-110.0,spread,2022_09_CAR_CIN,0.21,0.015107913669064053,0.0,0.0,0.0,1.0,0.35005779420142885
2022_09_CAR_CIN_spread,0.5253164556962026,0.0028768699654776,-110.0,spread,2022_09_CAR_CIN,0.21,0.006041426927503129,0.0,0.0,0.0,2.0,0.35005779420142885
2022_09_CAR_CIN_spread,0.5275779376498799,0.0071942446043162,-110.0,spread,2022_09_CAR_CIN,0.21,0.015107913669064053,0.0,0.0,0.0,3.0,0.35005779420142885
2022_09_CAR_CIN_spread,0.5253164556962026,0.0028768699654776,-110.0,spread,2022_09_CAR_CIN,0.21,0.006041426927503129,0.0,0.0,0.0,4.0,0.35005779420142885
2022_09_IND_NE_spread,0.5275779376498799,0.0071942446043162,-110.0,spread,2022_09_IND_NE,0.21,0.015107913669064053,0.0,0.0,0.0,1.0,0.35005779420142885
2022_06_DAL_PHI_spread,0.5202022480499724,-0.0068866173591435,-110.0,spread,2022_06_DAL_PHI,0.21,0.0,0.0,0.0,0.0,4.0,0.35005779420142885
2022_06_DAL_PHI_spread,0.5202022480499724,-0.0068866173591435,-110.0,spread,2022_06_DAL_PHI,0.21,0.0,0.0,0.0,0.0,2.0,0.35005779420142885
2022_10_DEN_TEN_spread,0.5129224652087475,-0.0207843846014819,-110.0,spread,2022_10_DEN_TEN,0.21,0.0,0.0,0.0,0.0,1.0,0.35005779420142885
2022_03_DET_MIN_spread,0.5162961652080019,-0.0143436846029053,-110.0,spread,2022_03_DET_MIN,0.21,0.0,0.0,0.0,0.0,4.0,0.35005779420142885
2022_03_LV_TEN_spread,0.5129224652087475,-0.0207843846014819,-110.0,spread,2022_03_LV_TEN,0.21,0.0,0.0,0.0,0.0,2.0,0.35005779420142885
2022_03_LV_TEN_spread,0.5129224652087475,-0.0207843846014819,-110.0,spread,2022_03_LV_TEN,0.21,0.0,0.0,0.0,0.0,3.0,0.35005779420142885
2022_03_LV_TEN_spread,0.5129224652087475,-0.0207843846014819,-110.0,spread,2022_03_LV_TEN,0.21,0.0,0.0,0.0,0.0,4.0,0.35005779420142885
2022_03_NO_CAR_spread,0.5129224652087475,-0.0207843846014819,-110.0,spread,2022_03_NO_CAR,0.21,0.0,0.0,0.0,0.0,1.0,0.35005779420142885
2022_03_NO_CAR_spread,0.5129224652087475,-0.0207843846014819,-110.0,spread,2022_03_NO_CAR,0.21,0.0,0.0,0.0,0.0,2.0,0.35005779420142885
2022_03_NO_CAR_spread,0.5129224652087475,-0.0207843846014819,-110.0,spread,2022_03_NO_CAR,0.21,0.0,0.0,0.0,0.0,3.0,0.35005779420142885
2022_03_NO_CAR_spread,0.5129224652087475,-0.0207843846014819,-110.0,spread,2022_03_NO_CAR,0.21,0.0,0.0,0.0,0.0,4.0,0.35005779420142885
2022_03_PHI_WAS_spread,0.5275779376498799,0.0071942446043162,-110.0,spread,2022_03_PHI_WAS,0.21,0.015107913669064053,0.0,0.0,0.0,1.0,0.35005779420142885
2022_04_CHI_NYG_spread,0.5129224652087475,-0.0207843846014819,-110.0,spread,2022_04_CHI_NYG,0.21,0.0,0.0,0.0,0.0,1.0,0.35005779420142885
2022_04_CHI_NYG_spread,0.5129224652087475,-0.0207843846014819,-110.0,spread,2022_04_CHI_NYG,0.21,0.0,0.0,0.0,0.0,2.0,0.35005779420142885
2022_04_CHI_NYG_spread,0.5129224652087475,-0.0207843846014819,-110.0,spread,2022_04_CHI_NYG,0.21,0.0,0.0,0.0,0.0,3.0,0.35005779420142885
2022_04_CHI_NYG_spread,0.5129224652087475,-0.0207843846014819,-110.0,spread,2022_04_CHI_NYG,0.21,0.0,0.0,0.0,0.0,4.0,0.35005779420142885
2022_04_CLE_ATL_spread,0.4130365754601264,-0.2114756286670314,-110.0,spread,2022_04_CLE_ATL,0.21,0.0,0.0,0.0,0.0,1.0,0.35005779420142885
2022_04_CLE_ATL_spread,0.4130365754601264,-0.2114756286670314,-110.0,spread,2022_04_CLE_ATL,0.21,0.0,0.0,0.0,0.0,2.0,0.35005779420142885
2022_04_CLE_ATL_spread,0.4130365754601264,-0.2114756286670314,-110.0,spread,2022_04_CLE_ATL,0.21,0.0,0.0,0.0,0.0,3.0,0.35005779420142885
2022_03_LV_TEN_spread,0.5129224652087475,-0.0207843846014819,-110.0,spread,2022_03_LV_TEN,0.21,0.0,0.0,0.0,0.0,1.0,0.35005779420142885
2022_03_DET_MIN_spread,0.5275779376498799,0.0071942446043162,-110.0,spread,2022_03_DET_MIN,0.21,0.015107913669064053,0.0,0.0,0.0,3.0,0.35005779420142885
2022_04_DEN_LV_spread,0.5129224652087475,-0.0207843846014819,-110.0,spread,2022_04_DEN_LV,0.21,0.0,0.0,0.0,0.0,1.0,0.35005779420142885
2022_03_DET_MIN_spread,0.5162961652080019,-0.0143436846029053,-110.0,spread,2022_03_DET_MIN,0.21,0.0,0.0,0.0,0.0,2.0,0.35005779420142885
2022_02_IND_JAX_spread,0.5136706211543234,-0.0193560868872007,-110.0,spread,2022_02_IND_JAX,0.21,0.0,0.0,0.0,0.0,4.0,0.35005779420142885
2022_02_MIA_BAL_spread,0.5129224652087475,-0.0207843846014819,-110.0,spread,2022_02_MIA_BAL,0.21,0.0,0.0,0.0,0.0,1.0,0.35005779420142885
2022_02_MIA_BAL_spread,0.5129224652087475,-0.0207843846014819,-110.0,spread,2022_02_MIA_BAL,0.21,0.0,0.0,0.0,0.0,2.0,0.35005779420142885
2022_02_MIA_BAL_spread,0.5129224652087475,-0.0207843846014819,-110.0,spread,2022_02_MIA_BAL,0.21,0.0,0.0,0.0,0.0,3.0,0.35005779420142885
2022_02_MIA_BAL_spread,0.5129224652087475,-0.0207843846014819,-110.0,spread,2022_02_MIA_BAL,0.21,0.0,0.0,0.0,0.0,4.0,0.35005779420142885
2022_02_SEA_SF_spread,0.5275779376498799,0.0071942446043162,-110.0,spread,2022_02_SEA_SF,0.21,0.015107913669064053,0.0,0.0,0.0,1.0,0.35005779420142885
2022_02_SEA_SF_spread,0.5275779376498799,0.0071942446043162,-110.0,spread,2022_02_SEA_SF,0.21,0.015107913669064053,0.0,0.0,0.0,2.0,0.35005779420142885
2022_02_SEA_SF_spread,0.5275779376498799,0.0071942446043162,-110.0,spread,2022_02_SEA_SF,0.21,0.015107913669064053,0.0,0.0,0.0,3.0,0.35005779420142885
2022_02_SEA_SF_spread,0.5275779376498799,0.0071942446043162,-110.0,spread,2022_02_SEA_SF,0.21,0.015107913669064053,0.0,0.0,0.0,4.0,0.35005779420142885
2022_02_TB_NO_spread,0.5129224652087475,-0.0207843846014819,-110.0,spread,2022_02_TB_NO,0.21,0.0,0.0,0.0,0.0,1.0,0.35005779420142885
2022_03_BUF_MIA_spread,0.5275779376498799,0.0071942446043162,-110.0,spread,2022_03_BUF_MIA,0.21,0.015107913669064053,0.0,0.0,0.0,1.0,0.35005779420142885
2022_03_BUF_MIA_spread,0.5275779376498799,0.0071942446043162,-110.0,spread,2022_03_BUF_MIA,0.21,0.015107913669064053,0.0,0.0,0.0,2.0,0.35005779420142885
2022_03_BUF_MIA_spread,0.5275779376498799,0.0071942446043162,-110.0,spread,2022_03_BUF_MIA,0.21,0.015107913669064053,0.0,0.0,0.0,3.0,0.35005779420142885
2022_03_BUF_MIA_spread,0.5275779376498799,0.0071942446043162,-110.0,spread,2022_03_BUF_MIA,0.21,0.015107913669064053,0.0,0.0,0.0,4.0,0.35005779420142885
2022_03_DET_MIN_spread,0.5275779376498799,0.0071942446043162,-110.0,spread,2022_03_DET_MIN,0.21,0.015107913669064053,0.0,0.0,0.0,1.0,0.35005779420142885
2022_04_CLE_ATL_spread,0.4130365754601264,-0.2114756286670314,-110.0,spread,2022_04_CLE_ATL,0.21,0.0,0.0,0.0,0.0,4.0,0.35005779420142885
2022_04_DEN_LV_spread,0.5129224652087475,-0.0207843846014819,-110.0,spread,2022_04_DEN_LV,0.21,0.0,0.0,0.0,0.0,2.0,0.35005779420142885
2022_06_DAL_PHI_spread,0.5275779376498799,0.0071942446043162,-110.0,spread,2022_06_DAL_PHI,0.21,0.015107913669064053,0.0,0.0,0.0,1.0,0.35005779420142885
2022_05_CIN_BAL_spread,0.5129224652087475,-0.0207843846014819,-110.0,spread,2022_05_CIN_BAL,0.21,0.0,0.0,0.0,0.0,1.0,0.35005779420142885
2022_05_CIN_BAL_spread,0.5129224652087475,-0.0207843846014819,-110.0,spread,2022_05_CIN_BAL,0.21,0.0,0.0,0.0,0.0,3.0,0.35005779420142885
2022_05_CIN_BAL_spread,0.5129224652087475,-0.0207843846014819,-110.0,spread,2022_05_CIN_BAL,0.21,0.0,0.0,0.0,0.0,4.0,0.35005779420142885
2022_05_HOU_JAX_spread,0.5275779376498799,0.0071942446043162,-110.0,spread,2022_05_HOU_JAX,0.21,0.015107913669064053,0.0,0.0,0.0,1.0,0.35005779420142885
2022_05_HOU_JAX_spread,0.5253164556962026,0.0028768699654776,-110.0,spread,2022_05_HOU_JAX,0.21,0.006041426927503129,0.0,0.0,0.0,2.0,0.35005779420142885
2022_05_HOU_JAX_spread,0.5275779376498799,0.0071942446043162,-110.0,spread,2022_05_HOU_JAX,0.21,0.015107913669064053,0.0,0.0,0.0,3.0,0.35005779420142885
2022_05_HOU_JAX_spread,0.5253164556962026,0.0028768699654776,-110.0,spread,2022_05_HOU_JAX,0.21,0.006041426927503129,0.0,0.0,0.0,4.0,0.35005779420142885
2022_05_IND_DEN_spread,0.5129224652087475,-0.0207843846014819,-110.0,spread,2022_05_IND_DEN,0.21,0.0,0.0,0.0,0.0,1.0,0.35005779420142885
2022_06_BAL_NYG_spread,0.5275779376498799,0.0071942446043162,-110.0,spread,2022_06_BAL_NYG,0.21,0.015107913669064053,0.0,0.0,0.0,1.0,0.35005779420142885
2022_06_BAL_NYG_spread,0.5275779376498799,0.0071942446043162,-110.0,spread,2022_06_BAL_NYG,0.21,0.015107913669064053,0.0,0.0,0.0,2.0,0.35005779420142885
2022_06_BAL_NYG_spread,0.5275779376498799,0.0071942446043162,-110.0,spread,2022_06_BAL_NYG,0.21,0.015107913669064053,0.0,0.0,0.0,3.0,0.35005779420142885
2022_06_BAL_NYG_spread,0.5275779376498799,0.0071942446043162,-110.0,spread,2022_06_BAL_NYG,0.21,0.015107913669064053,0.0,0.0,0.0,4.0,0.35005779420142885
2022_06_CIN_NO_spread,0.5195785986828063,-0.0080772206964606,-110.0,spread,2022_06_CIN_NO,0.21,0.0,0.0,0.0,0.0,1.0,0.35005779420142885
2022_06_CIN_NO_spread,0.5195785986828063,-0.0080772206964606,-110.0,spread,2022_06_CIN_NO,0.21,0.0,0.0,0.0,0.0,2.0,0.35005779420142885
2022_06_CIN_NO_spread,0.5195785986828063,-0.0080772206964606,-110.0,spread,2022_06_CIN_NO,0.21,0.0,0.0,0.0,0.0,3.0,0.35005779420142885
2022_06_CIN_NO_spread,0.5195785986828063,-0.0080772206964606,-110.0,spread,2022_06_CIN_NO,0.21,0.0,0.0,0.0,0.0,4.0,0.35005779420142885
2022_05_CIN_BAL_spread,0.5129224652087475,-0.0207843846014819,-110.0,spread,2022_05_CIN_BAL,0.21,0.0,0.0,0.0,0.0,2.0,0.35005779420142885
2022_05_CHI_MIN_spread,0.5275779376498799,0.0071942446043162,-110.0,spread,2022_05_CHI_MIN,0.21,0.015107913669064053,0.0,0.0,0.0,4.0,0.35005779420142885
2022_04_DEN_LV_spread,0.5129224652087475,-0.0207843846014819,-110.0,spread,2022_04_DEN_LV,0.21,0.0,0.0,0.0,0.0,3.0,0.35005779420142885
2022_05_CHI_MIN_spread,0.5275779376498799,0.0071942446043162,-110.0,spread,2022_05_CHI_MIN,0.21,0.015107913669064053,0.0,0.0,0.0,3.0,0.35005779420142885
2022_04_DEN_LV_spread,0.5129224652087475,-0.0207843846014819,-110.0,spread,2022_04_DEN_LV,0.21,0.0,0.0,0.0,0.0,4.0,0.35005779420142885
2022_04_JAX_PHI_spread,0.5275779376498799,0.0071942446043162,-110.0,spread,2022_04_JAX_PHI,0.21,0.015107913669064053,0.0,0.0,0.0,1.0,0.35005779420142885
2022_04_JAX_PHI_spread,0.51824394076865,-0.0106252039871226,-110.0,spread,2022_04_JAX_PHI,0.21,0.0,0.0,0.0,0.0,2.0,0.35005779420142885
2022_04_JAX_PHI_spread,0.5275779376498799,0.0071942446043162,-110.0,spread,2022_04_JAX_PHI,0.21,0.015107913669064053,0.0,0.0,0.0,3.0,0.35005779420142885
2022_04_JAX_PHI_spread,0.51824394076865,-0.0106252039871226,-110.0,spread,2022_04_JAX_PHI,0.21,0.0,0.0,0.0,0.0,4.0,0.35005779420142885
2022_04_LA_SF_spread,0.4112797563362734,-0.2148295560852962,-110.0,spread,2022_04_LA_SF,0.21,0.0,0.0,0.0,0.0,1.0,0.35005779420142885
2022_04_LA_SF_spread,0.4042345246120535,-0.2282795439224432,-110.0,spread,2022_04_LA_SF,0.21,0.0,0.0,0.0,0.0,2.0,0.35005779420142885
2022_04_LA_SF_spread,0.4112797563362734,-0.2148295560852962,-110.0,spread,2022_04_LA_SF,0.21,0.0,0.0,0.0,0.0,3.0,0.35005779420142885
2022_04_LA_SF_spread,0.4042345246120535,-0.2282795439224432,-110.0,spread,2022_04_LA_SF,0.21,0.0,0.0,0.0,0.0,4.0,0.35005779420142885
2022_05_ATL_TB_spread,0.5275779376498799,0.0071942446043162,-110.0,spread,2022_05_ATL_TB,0.21,0.015107913669064053,0.0,0.0,0.0,1.0,0.35005779420142885
2022_05_ATL_TB_spread,0.5275779376498799,0.0071942446043162,-110.0,spread,2022_05_ATL_TB,0.21,0.015107913669064053,0.0,0.0,0.0,2.0,0.35005779420142885
2022_05_ATL_TB_spread,0.5275779376498799,0.0071942446043162,-110.0,spread,2022_05_ATL_TB,0.21,0.015107913669064053,0.0,0.0,0.0,3.0,0.35005779420142885
2022_05_ATL_TB_spread,0.5275779376498799,0.0071942446043162,-110.0,spread,2022_05_ATL_TB,0.21,0.015107913669064053,0.0,0.0,0.0,4.0,0.35005779420142885
2022_05_CHI_MIN_spread,0.5275779376498799,0.0071942446043162,-110.0,spread,2022_05_CHI_MIN,0.21,0.015107913669064053,0.0,0.0,0.0,1.0,0.35005779420142885
2022_05_CHI_MIN_spread,0.5275779376498799,0.0071942446043162,-110.0,spread,2022_05_CHI_MIN,0.21,0.015107913669064053,0.0,0.0,0.0,2.0,0.35005779420142885
2022_10_DAL_GB_spread,0.5275779376498799,0.0071942446043162,-110.0,spread,2022_10_DAL_GB,0.21,0.015107913669064053,0.0,0.0,0.0,4.0,0.35005779420142885
2022_10_DEN_TEN_spread,0.5129224652087475,-0.0207843846014819,-110.0,spread,2022_10_DEN_TEN,0.21,0.0,0.0,0.0,0.0,2.0,0.35005779420142885
2022_19_BAL_CIN_spread,0.5275779376498799,0.0071942446043162,-110.0,spread,2022_19_BAL_CIN,0.21,0.015107913669064053,0.0,0.0,0.0,6.0,0.35005779420142885
2022_16_CIN_NE_spread,0.5195773390536115,-0.0080796254431053,-110.0,spread,2022_16_CIN_NE,0.21,0.0,0.0,0.0,0.0,2.0,0.35005779420142885
2022_16_CIN_NE_spread,0.5195773390536115,-0.0080796254431053,-110.0,spread,2022_16_CIN_NE,0.21,0.0,0.0,0.0,0.0,4.0,0.35005779420142885
2022_16_DEN_LA_spread,0.5195680918624008,-0.0080972791717802,-110.0,spread,2022_16_DEN_LA,0.21,0.0,0.0,0.0,0.0,1.0,0.35005779420142885
2022_16_DEN_LA_spread,0.5195680918624008,-0.0080972791717802,-110.0,spread,2022_16_DEN_LA,0.21,0.0,0.0,0.0,0.0,2.0,0.35005779420142885
2022_16_DEN_LA_spread,0.5195680918624008,-0.0080972791717802,-110.0,spread,2022_16_DEN_LA,0.21,0.0,0.0,0.0,0.0,3.0,0.35005779420142885
2022_16_DEN_LA_spread,0.5195680918624008,-0.0080972791717802,-110.0,spread,2022_16_DEN_LA,0.21,0.0,0.0,0.0,0.0,4.0,0.35005779420142885
2022_16_DET_CAR_spread,0.5129224652087475,-0.0207843846014819,-110.0,spread,2022_16_DET_CAR,0.21,0.0,0.0,0.0,0.0,1.0,0.35005779420142885
2022_16_DET_CAR_spread,0.5129224652087475,-0.0207843846014819,-110.0,spread,2022_16_DET_CAR,0.21,0.0,0.0,0.0,0.0,2.0,0.35005779420142885
2022_16_DET_CAR_spread,0.5129224652087475,-0.0207843846014819,-110.0,spread,2022_16_DET_CAR,0.21,0.0,0.0,0.0,0.0,3.0,0.35005779420142885
2022_16_DET_CAR_spread,0.5129224652087475,-0.0207843846014819,-110.0,spread,2022_16_DET_CAR,0.21,0.0,0.0,0.0,0.0,4.0,0.35005779420142885
2022_16_HOU_TEN_spread,0.5129224652087475,-0.0207843846014819,-110.0,spread,2022_16_HOU_TEN,0.21,0.0,0.0,0.0,0.0,1.0,0.35005779420142885
2022_16_HOU_TEN_spread,0.5129224652087475,-0.0207843846014819,-110.0,spread,2022_16_HOU_TEN,0.21,0.0,0.0,0.0,0.0,2.0,0.35005779420142885
2022_16_HOU_TEN_spread,0.5129224652087475,-0.0207843846014819,-110.0,spread,2022_16_HOU_TEN,0.21,0.0,0.0,0.0,0.0,3.0,0.35005779420142885
2022_16_HOU_TEN_spread,0.5129224652087475,-0.0207843846014819,-110.0,spread,2022_16_HOU_TEN,0.21,0.0,0.0,0.0,0.0,4.0,0.35005779420142885
2022_16_JAX_NYJ_spread,0.5129224652087475,-0.0207843846014819,-110.0,spread,2022_16_JAX_NYJ,0.21,0.0,0.0,0.0,0.0,1.0,0.35005779420142885
2022_17_CAR_TB_spread,0.5135830995153893,-0.0195231736524386,-110.0,spread,2022_17_CAR_TB,0.21,0.0,0.0,0.0,0.0,1.0,0.35005779420142885
2022_16_CIN_NE_spread,0.5195773390536115,-0.0080796254431053,-110.0,spread,2022_16_CIN_NE,0.21,0.0,0.0,0.0,0.0,3.0,0.35005779420142885
2022_16_CIN_NE_spread,0.5195773390536115,-0.0080796254431053,-110.0,spread,2022_16_CIN_NE,0.21,0.0,0.0,0.0,0.0,1.0,0.35005779420142885
2022_17_CAR_TB_spread,0.5135830995153893,-0.0195231736524386,-110.0,spread,2022_17_CAR_TB,0.21,0.0,0.0,0.0,0.0,3.0,0.35005779420142885
2022_15_NYG_WAS_spread,0.5129224652087475,-0.0207843846014819,-110.0,spread,2022_15_NYG_WAS,0.21,0.0,0.0,0.0,0.0,4.0,0.35005779420142885
2022_15_DET_NYJ_spread,0.5129224652087475,-0.0207843846014819,-110.0,spread,2022_15_DET_NYJ,0.21,0.0,0.0,0.0,0.0,1.0,0.35005779420142885
2022_15_DET_NYJ_spread,0.5129224652087475,-0.0207843846014819,-110.0,spread,2022_15_DET_NYJ,0.21,0.0,0.0,0.0,0.0,2.0,0.35005779420142885
2022_15_DET_NYJ_spread,0.5129224652087475,-0.0207843846014819,-110.0,spread,2022_15_DET_NYJ,0.21,0.0,0.0,0.0,0.0,3.0,0.35005779420142885
2022_15_DET_NYJ_spread,0.5129224652087475,-0.0207843846014819,-110.0,spread,2022_15_DET_NYJ,0.21,0.0,0.0,0.0,0.0,4.0,0.35005779420142885
2022_15_MIA_BUF_spread,0.5275779376498799,0.0071942446043162,-110.0,spread,2022_15_MIA_BUF,0.21,0.015107913669064053,0.0,0.0,0.0,1.0,0.35005779420142885
2022_15_MIA_BUF_spread,0.5253164556962026,0.0028768699654776,-110.0,spread,2022_15_MIA_BUF,0.21,0.006041426927503129,0.0,0.0,0.0,2.0,0.35005779420142885
2022_15_MIA_BUF_spread,0.5275779376498799,0.0071942446043162,-110.0,spread,2022_15_MIA_BUF,0.21,0.015107913669064053,0.0,0.0,0.0,3.0,0.35005779420142885
2022_15_MIA_BUF_spread,0.5253164556962026,0.0028768699654776,-110.0,spread,2022_15_MIA_BUF,0.21,0.006041426927503129,0.0,0.0,0.0,4.0,0.35005779420142885
2022_15_NE_LV_spread,0.4942989324973708,-0.0563384015959284,-110.0,spread,2022_15_NE_LV,0.21,0.0,0.0,0.0,0.0,1.0,0.35005779420142885
2022_15_NE_LV_spread,0.3210539243639156,-0.3870788716688883,-110.0,spread,2022_15_NE_LV,0.21,0.0,0.0,0.0,0.0,2.0,0.35005779420142885
2022_15_NE_LV_spread,0.4942989324973708,-0.0563384015959284,-110.0,spread,2022_15_NE_LV,0.21,0.0,0.0,0.0,0.0,3.0,0.35005779420142885
2022_15_NE_LV_spread,0.3210539243639156,-0.3870788716688883,-110.0,spread,2022_15_NE_LV,0.21,0.0,0.0,0.0,0.0,4.0,0.35005779420142885
2022_15_NYG_WAS_spread,0.5275779376498799,0.0071942446043162,-110.0,spread,2022_15_NYG_WAS,0.21,0.015107913669064053,0.0,0.0,0.0,1.0,0.35005779420142885
2022_15_NYG_WAS_spread,0.5129224652087475,-0.0207843846014819,-110.0,spread,2022_15_NYG_WAS,0.21,0.0,0.0,0.0,0.0,2.0,0.35005779420142885
2022_15_NYG_WAS_spread,0.5275779376498799,0.0071942446043162,-110.0,spread,2022_15_NYG_WAS,0.21,0.015107913669064053,0.0,0.0,0.0,3.0,0.35005779420142885
2022_17_CAR_TB_spread,0.5129224652087475,-0.0207843846014819,-110.0,spread,2022_17_CAR_TB,0.21,0.0,0.0,0.0,0.0,2.0,0.35005779420142885
2022_17_CAR_TB_spread,0.5129224652087475,-0.0207843846014819,-110.0,spread,2022_17_CAR_TB,0.21,0.0,0.0,0.0,0.0,4.0,0.35005779420142885
2022_15_BAL_CLE_spread,0.5129224652087475,-0.0207843846014819,-110.0,spread,2022_15_BAL_CLE,0.21,0.0,0.0,0.0,0.0,3.0,0.35005779420142885
2022_18_BAL_CIN_spread,0.5275779376498799,0.0071942446043162,-110.0,spread,2022_18_BAL_CIN,0.21,0.015107913669064053,0.0,0.0,0.0,2.0,0.35005779420142885
2022_18_BAL_CIN_spread,0.5275779376498799,0.0071942446043162,-110.0,spread,2022_18_BAL_CIN,0.21,0.015107913669064053,0.0,0.0,0.0,4.0,0.35005779420142885
2022_18_CAR_NO_spread,0.5135851878172937,-0.0195191868942574,-110.0,spread,2022_18_CAR_NO,0.21,0.0,0.0,0.0,0.0,1.0,0.35005779420142885
2022_18_CAR_NO_spread,0.5129224652087475,-0.0207843846014819,-110.0,spread,2022_18_CAR_NO,0.21,0.0,0.0,0.0,0.0,2.0,0.35005779420142885
2022_18_CAR_NO_spread,0.5135851878172937,-0.0195191868942574,-110.0,spread,2022_18_CAR_NO,0.21,0.0,0.0,0.0,0.0,3.0,0.35005779420142885
2022_18_CAR_NO_spread,0.5129224652087475,-0.0207843846014819,-110.0,spread,2022_18_CAR_NO,0.21,0.0,0.0,0.0,0.0,4.0,0.35005779420142885
2022_18_CLE_PIT_spread,0.5129224652087475,-0.0207843846014819,-110.0,spread,2022_18_CLE_PIT,0.21,0.0,0.0,0.0,0.0,1.0,0.35005779420142885
2022_18_CLE_PIT_spread,0.5129224652087475,-0.0207843846014819,-110.0,spread,2022_18_CLE_PIT,0.21,0.0,0.0,0.0,0.0,2.0,0.35005779420142885
2022_18_CLE_PIT_spread,0.5129224652087475,-0.0207843846014819,-110.0,spread,2022_18_CLE_PIT,0.21,0.0,0.0,0.0,0.0,3.0,0.35005779420142885
2022_18_CLE_PIT_spread,0.5129224652087475,-0.0207843846014819,-110.0,spread,2022_18_CLE_PIT,0.21,0.0,0.0,0.0,0.0,4.0,0.35005779420142885
2022_18_DET_GB_spread,0.5275779376498799,0.0071942446043162,-110.0,spread,2022_18_DET_GB,0.21,0.015107913669064053,0.0,0.0,0.0,1.0,0.35005779420142885
2022_19_BAL_CIN_spread,0.5275779376498799,0.0071942446043162,-110.0,spread,2022_19_BAL_CIN,0.21,0.015107913669064053,0.0,0.0,0.0,1.0,0.35005779420142885
2022_19_BAL_CIN_spread,0.5275779376498799,0.0071942446043162,-110.0,spread,2022_19_BAL_CIN,0.21,0.015107913669064053,0.0,0.0,0.0,2.0,0.35005779420142885
2023_12_CHI_MIN_spread,0.5129224652087475,-0.0207843846014819,-110.0,spread,2023_12_CHI_MIN,0.21,0.0,0.0,0.0,0.0,3.0,0.35005779420142885
2022_19_BAL_CIN_spread,0.5264820243330433,0.0051020464539917,-110.0,spread,2022_19_BAL_CIN,0.21,0.010714297553382705,0.0,0.0,0.0,4.0,0.35005779420142885
2022_19_BAL_CIN_spread,0.526438085393291,0.0050181630235555,-110.0,spread,2022_19_BAL_CIN,0.21,0.010538142349466694,0.0,0.0,0.0,5.0,0.35005779420142885
2022_18_BAL_CIN_spread,0.5275779376498799,0.0071942446043162,-110.0,spread,2022_18_BAL_CIN,0.21,0.015107913669064053,0.0,0.0,0.0,3.0,0.35005779420142885
2022_18_BAL_CIN_spread,0.5275779376498799,0.0071942446043162,-110.0,spread,2022_18_BAL_CIN,0.21,0.015107913669064053,0.0,0.0,0.0,1.0,0.35005779420142885
2022_17_DEN_KC_spread,0.5275779376498799,0.0071942446043162,-110.0,spread,2022_17_DEN_KC,0.21,0.015107913669064053,0.0,0.0,0.0,1.0,0.35005779420142885
2022_18_ARI_SF_spread,0.5275779376498799,0.0071942446043162,-110.0,spread,2022_18_ARI_SF,0.21,0.015107913669064053,0.0,0.0,0.0,4.0,0.35005779420142885
2022_17_DEN_KC_spread,0.5275779376498799,0.0071942446043162,-110.0,spread,2022_17_DEN_KC,0.21,0.015107913669064053,0.0,0.0,0.0,2.0,0.35005779420142885
2022_17_DEN_KC_spread,0.5275779376498799,0.0071942446043162,-110.0,spread,2022_17_DEN_KC,0.21,0.015107913669064053,0.0,0.0,0.0,3.0,0.35005779420142885
2022_17_DEN_KC_spread,0.5275779376498799,0.0071942446043162,-110.0,spread,2022_17_DEN_KC,0.21,0.015107913669064053,0.0,0.0,0.0,4.0,0.35005779420142885
2022_17_JAX_HOU_spread,0.5129224652087475,-0.0207843846014819,-110.0,spread,2022_17_JAX_HOU,0.21,0.0,0.0,0.0,0.0,1.0,0.35005779420142885
2022_17_JAX_HOU_spread,0.5129224652087475,-0.0207843846014819,-110.0,spread,2022_17_JAX_HOU,0.21,0.0,0.0,0.0,0.0,2.0,0.35005779420142885
2022_17_JAX_HOU_spread,0.5129224652087475,-0.0207843846014819,-110.0,spread,2022_17_JAX_HOU,0.21,0.0,0.0,0.0,0.0,3.0,0.35005779420142885
2022_17_JAX_HOU_spread,0.5129224652087475,-0.0207843846014819,-110.0,spread,2022_17_JAX_HOU,0.21,0.0,0.0,0.0,0.0,4.0,0.35005779420142885
2022_17_LA_LAC_spread,0.5275779376498799,0.0071942446043162,-110.0,spread,2022_17_LA_LAC,0.21,0.015107913669064053,0.0,0.0,0.0,1.0,0.35005779420142885
2022_17_LA_LAC_spread,0.5201997299831119,-0.0068914245776953,-110.0,spread,2022_17_LA_LAC,0.21,0.0,0.0,0.0,0.0,2.0,0.35005779420142885
2022_17_LA_LAC_spread,0.5275779376498799,0.0071942446043162,-110.0,spread,2022_17_LA_LAC,0.21,0.015107913669064053,0.0,0.0,0.0,3.0,0.35005779420142885
2022_17_LA_LAC_spread,0.5201997299831119,-0.0068914245776953,-110.0,spread,2022_17_LA_LAC,0.21,0.0,0.0,0.0,0.0,4.0,0.35005779420142885
2022_17_MIN_GB_spread,0.5129224652087475,-0.0207843846014819,-110.0,spread,2022_17_MIN_GB,0.21,0.0,0.0,0.0,0.0,1.0,0.35005779420142885
2022_18_ARI_SF_spread,0.5275779376498799,0.0071942446043162,-110.0,spread,2022_18_ARI_SF,0.21,0.015107913669064053,0.0,0.0,0.0,1.0,0.35005779420142885
2022_18_ARI_SF_spread,0.5275779376498799,0.0071942446043162,-110.0,spread,2022_18_ARI_SF,0.21,0.015107913669064053,0.0,0.0,0.0,2.0,0.35005779420142885
2022_18_ARI_SF_spread,0.5275779376498799,0.0071942446043162,-110.0,spread,2022_18_ARI_SF,0.21,0.015107913669064053,0.0,0.0,0.0,3.0,0.35005779420142885
2022_15_BAL_CLE_spread,0.5129224652087475,-0.0207843846014819,-110.0,spread,2022_15_BAL_CLE,0.21,0.0,0.0,0.0,0.0,4.0,0.35005779420142885
2022_15_BAL_CLE_spread,0.5129224652087475,-0.0207843846014819,-110.0,spread,2022_15_BAL_CLE,0.21,0.0,0.0,0.0,0.0,2.0,0.35005779420142885
2022_10_DEN_TEN_spread,0.5129224652087475,-0.0207843846014819,-110.0,spread,2022_10_DEN_TEN,0.21,0.0,0.0,0.0,0.0,3.0,0.35005779420142885
2022_11_LV_DEN_spread,0.5129224652087475,-0.0207843846014819,-110.0,spread,2022_11_LV_DEN,0.21,0.0,0.0,0.0,0.0,4.0,0.35005779420142885
2022_12_ATL_WAS_spread,0.5135830995153893,-0.0195231736524386,-110.0,spread,2022_12_ATL_WAS,0.21,0.0,0.0,0.0,0.0,1.0,0.35005779420142885
2022_12_ATL_WAS_spread,0.5129224652087475,-0.0207843846014819,-110.0,spread,2022_12_ATL_WAS,0.21,0.0,0.0,0.0,0.0,2.0,0.35005779420142885
2022_12_ATL_WAS_spread,0.5135830995153893,-0.0195231736524386,-110.0,spread,2022_12_ATL_WAS,0.21,0.0,0.0,0.0,0.0,3.0,0.35005779420142885
2022_12_ATL_WAS_spread,0.5129224652087475,-0.0207843846014819,-110.0,spread,2022_12_ATL_WAS,0.21,0.0,0.0,0.0,0.0,4.0,0.35005779420142885
2022_12_BUF_DET_spread,0.56,0.0690909090909092,-110.0,spread,2022_12_BUF_DET,0.21,0.14509090909090944,0.03046909090909098,0.022851818181818237,0.0,2.0,0.35005779420142885
2022_12_BUF_DET_spread,0.56,0.0690909090909092,-110.0,spread,2022_12_BUF_DET,0.21,0.14509090909090944,0.03046909090909098,0.022851818181818237,0.0,3.0,0.35005779420142885
2022_12_BUF_DET_spread,0.56,0.0690909090909092,-110.0,spread,2022_12_BUF_DET,0.21,0.14509090909090944,0.03046909090909098,0.022851818181818237,0.0,4.0,0.35005779420142885
2022_12_CIN_TEN_spread,0.5129224652087475,-0.0207843846014819,-110.0,spread,2022_12_CIN_TEN,0.21,0.0,0.0,0.0,0.0,1.0,0.35005779420142885
2022_12_CIN_TEN_spread,0.5129224652087475,-0.0207843846014819,-110.0,spread,2022_12_CIN_TEN,0.21,0.0,0.0,0.0,0.0,2.0,0.35005779420142885
2022_12_CIN_TEN_spread,0.5129224652087475,-0.0207843846014819,-110.0,spread,2022_12_CIN_TEN,0.21,0.0,0.0,0.0,0.0,3.0,0.35005779420142885
2022_12_CIN_TEN_spread,0.5129224652087475,-0.0207843846014819,-110.0,spread,2022_12_CIN_TEN,0.21,0.0,0.0,0.0,0.0,4.0,0.35005779420142885
2022_12_HOU_MIA_spread,0.5275779376498799,0.0071942446043162,-110.0,spread,2022_12_HOU_MIA,0.21,0.015107913669064053,0.0,0.0,0.0,1.0,0.35005779420142885
2022_12_HOU_MIA_spread,0.5275779376498799,0.0071942446043162,-110.0,spread,2022_12_HOU_MIA,0.21,0.015107913669064053,0.0,0.0,0.0,2.0,0.35005779420142885
2022_12_HOU_MIA_spread,0.5275779376498799,0.0071942446043162,-110.0,spread,2022_12_HOU_MIA,0.21,0.015107913669064053,0.0,0.0,0.0,3.0,0.35005779420142885
2022_12_HOU_MIA_spread,0.5275779376498799,0.0071942446043162,-110.0,spread,2022_12_HOU_MIA,0.21,0.015107913669064053,0.0,0.0,0.0,4.0,0.35005779420142885
2022_11_PHI_IND_spread,0.5204228689172572,-0.0064654320670544,-110.0,spread,2022_11_PHI_IND,0.21,0.0,0.0,0.0,0.0,1.0,0.35005779420142885
2022_11_LV_DEN_spread,0.5129224652087475,-0.0207843846014819,-110.0,spread,2022_11_LV_DEN,0.21,0.0,0.0,0.0,0.0,3.0,0.35005779420142885
2022_13_BUF_NE_spread,0.5275779376498799,0.0071942446043162,-110.0,spread,2022_13_BUF_NE,0.21,0.015107913669064053,0.0,0.0,0.0,1.0,0.35005779420142885
2022_11_LV_DEN_spread,0.5129224652087475,-0.0207843846014819,-110.0,spread,2022_11_LV_DEN,0.21,0.0,0.0,0.0,0.0,2.0,0.35005779420142885
2022_10_DEN_TEN_spread,0.5129224652087475,-0.0207843846014819,-110.0,spread,2022_10_DEN_TEN,0.21,0.0,0.0,0.0,0.0,4.0,0.35005779420142885
2022_10_HOU_NYG_spread,0.5275779376498799,0.0071942446043162,-110.0,spread,2022_10_HOU_NYG,0.21,0.015107913669064053,0.0,0.0,0.0,1.0,0.35005779420142885
2022_11_CIN_PIT_spread,0.5275779376498799,0.0071942446043162,-110.0,spread,2022_11_CIN_PIT,0.21,0.015107913669064053,0.0,0.0,0.0,1.0,0.35005779420142885
2022_11_CIN_PIT_spread,0.5275779376498799,0.0071942446043162,-110.0,spread,2022_11_CIN_PIT,0.21,0.015107913669064053,0.0,0.0,0.0,2.0,0.35005779420142885
2022_11_CIN_PIT_spread,0.5275779376498799,0.0071942446043162,-110.0,spread,2022_11_CIN_PIT,0.21,0.015107913669064053,0.0,0.0,0.0,3.0,0.35005779420142885
2022_11_CIN_PIT_spread,0.5275779376498799,0.0071942446043162,-110.0,spread,2022_11_CIN_PIT,0.21,0.015107913669064053,0.0,0.0,0.0,4.0,0.35005779420142885
2022_11_DAL_MIN_spread,0.5129224652087475,-0.0207843846014819,-110.0,spread,2022_11_DAL_MIN,0.21,0.0,0.0,0.0,0.0,1.0,0.35005779420142885
2022_11_DAL_MIN_spread,0.5129224652087475,-0.0207843846014819,-110.0,spread,2022_11_DAL_MIN,0.21,0.0,0.0,0.0,0.0,2.0,0.35005779420142885
2022_11_DAL_MIN_spread,0.5129224652087475,-0.0207843846014819,-110.0,spread,2022_11_DAL_MIN,0.21,0.0,0.0,0.0,0.0,3.0,0.35005779420142885
2022_11_DAL_MIN_spread,0.5129224652087475,-0.0207843846014819,-110.0,spread,2022_11_DAL_MIN,0.21,0.0,0.0,0.0,0.0,4.0,0.35005779420142885
2022_11_KC_LAC_spread,0.5275779376498799,0.0071942446043162,-110.0,spread,2022_11_KC_LAC,0.21,0.015107913669064053,0.0,0.0,0.0,1.0,0.35005779420142885
2022_11_KC_LAC_spread,0.5275779376498799,0.0071942446043162,-110.0,spread,2022_11_KC_LAC,0.21,0.015107913669064053,0.0,0.0,0.0,2.0,0.35005779420142885
2022_11_KC_LAC_spread,0.5275779376498799,0.0071942446043162,-110.0,spread,2022_11_KC_LAC,0.21,0.015107913669064053,0.0,0.0,0.0,3.0,0.35005779420142885
2022_11_KC_LAC_spread,0.5275779376498799,0.0071942446043162,-110.0,spread,2022_11_KC_LAC,0.21,0.015107913669064053,0.0,0.0,0.0,4.0,0.35005779420142885
2022_11_LV_DEN_spread,0.5129224652087475,-0.0207843846014819,-110.0,spread,2022_11_LV_DEN,0.21,0.0,0.0,0.0,0.0,1.0,0.35005779420142885
2022_12_NYG_DAL_spread,0.5275779376498799,0.0071942446043162,-110.0,spread,2022_12_NYG_DAL,0.21,0.015107913669064053,0.0,0.0,0.0,1.0,0.35005779420142885
2022_13_BUF_NE_spread,0.5275779376498799,0.0071942446043162,-110.0,spread,2022_13_BUF_NE,0.21,0.015107913669064053,0.0,0.0,0.0,2.0,0.35005779420142885
2022_15_BAL_CLE_spread,0.5129224652087475,-0.0207843846014819,-110.0,spread,2022_15_BAL_CLE,0.21,0.0,0.0,0.0,0.0,1.0,0.35005779420142885
2022_14_BAL_PIT_spread,0.5129224652087475,-0.0207843846014819,-110.0,spread,2022_14_BAL_PIT,0.21,0.0,0.0,0.0,0.0,1.0,0.35005779420142885
2022_14_BAL_PIT_spread,0.5129224652087475,-0.0207843846014819,-110.0,spread,2022_14_BAL_PIT,0.21,0.0,0.0,0.0,0.0,3.0,0.35005779420142885
2022_14_BAL_PIT_spread,0.5129224652087475,-0.0207843846014819,-110.0,spread,2022_14_BAL_PIT,0.21,0.0,0.0,0.0,0.0,4.0,0.35005779420142885
2022_14_HOU_DAL_spread,0.5275779376498799,0.0071942446043162,-110.0,spread,2022_14_HOU_DAL,0.21,0.015107913669064053,0.0,0.0,0.0,1.0,0.35005779420142885
2022_14_HOU_DAL_spread,0.5275779376498799,0.0071942446043162,-110.0,spread,2022_14_HOU_DAL,0.21,0.015107913669064053,0.0,0.0,0.0,2.0,0.35005779420142885
2022_14_HOU_DAL_spread,0.5275779376498799,0.0071942446043162,-110.0,spread,2022_14_HOU_DAL,0.21,0.015107913669064053,0.0,0.0,0.0,3.0,0.35005779420142885
2022_14_HOU_DAL_spread,0.5275779376498799,0.0071942446043162,-110.0,spread,2022_14_HOU_DAL,0.21,0.015107913669064053,0.0,0.0,0.0,4.0,0.35005779420142885
2022_14_JAX_TEN_spread,0.5129224652087475,-0.0207843846014819,-110.0,spread,2022_14_JAX_TEN,0.21,0.0,0.0,0.0,0.0,1.0,0.35005779420142885
2022_14_JAX_TEN_spread,0.5129224652087475,-0.0207843846014819,-110.0,spread,2022_14_JAX_TEN,0.21,0.0,0.0,0.0,0.0,2.0,0.35005779420142885
2022_14_JAX_TEN_spread,0.5129224652087475,-0.0207843846014819,-110.0,spread,2022_14_JAX_TEN,0.21,0.0,0.0,0.0,0.0,3.0,0.35005779420142885
2022_14_JAX_TEN_spread,0.5129224652087475,-0.0207843846014819,-110.0,spread,2022_14_JAX_TEN,0.21,0.0,0.0,0.0,0.0,4.0,0.35005779420142885
2022_14_KC_DEN_spread,0.5275779376498799,0.0071942446043162,-110.0,spread,2022_14_KC_DEN,0.21,0.015107913669064053,0.0,0.0,0.0,1.0,0.35005779420142885
2022_14_KC_DEN_spread,0.5275779376498799,0.0071942446043162,-110.0,spread,2022_14_KC_DEN,0.21,0.015107913669064053,0.0,0.0,0.0,2.0,0.35005779420142885
2022_14_KC_DEN_spread,0.5275779376498799,0.0071942446043162,-110.0,spread,2022_14_KC_DEN,0.21,0.015107913669064053,0.0,0.0,0.0,3.0,0.35005779420142885
2022_14_KC_DEN_spread,0.5275779376498799,0.0071942446043162,-110.0,spread,2022_14_KC_DEN,0.21,0.015107913669064053,0.0,0.0,0.0,4.0,0.35005779420142885
2022_14_LV_LA_spread,0.5204153177210484,-0.0064798479870893,-110.0,spread,2022_14_LV_LA,0.21,0.0,0.0,0.0,0.0,1.0,0.35005779420142885
2022_14_BAL_PIT_spread,0.5129224652087475,-0.0207843846014819,-110.0,spread,2022_14_BAL_PIT,0.21,0.0,0.0,0.0,0.0,2.0,0.35005779420142885
2022_13_MIA_SF_spread,0.5129224652087475,-0.0207843846014819,-110.0,spread,2022_13_MIA_SF,0.21,0.0,0.0,0.0,0.0,4.0,0.35005779420142885
2022_13_BUF_NE_spread,0.5275779376498799,0.0071942446043162,-110.0,spread,2022_13_BUF_NE,0.21,0.015107913669064053,0.0,0.0,0.0,3.0,0.35005779420142885
2022_13_MIA_SF_spread,0.5275779376498799,0.0071942446043162,-110.0,spread,2022_13_MIA_SF,0.21,0.015107913669064053,0.0,0.0,0.0,3.0,0.35005779420142885
2022_13_BUF_NE_spread,0.5275779376498799,0.0071942446043162,-110.0,spread,2022_13_BUF_NE,0.21,0.015107913669064053,0.0,0.0,0.0,4.0,0.35005779420142885
2022_13_DEN_BAL_spread,0.5275779376498799,0.0071942446043162,-110.0,spread,2022_13_DEN_BAL,0.21,0.015107913669064053,0.0,0.0,0.0,1.0,0.35005779420142885
2022_13_DEN_BAL_spread,0.5275779376498799,0.0071942446043162,-110.0,spread,2022_13_DEN_BAL,0.21,0.015107913669064053,0.0,0.0,0.0,2.0,0.35005779420142885
2022_13_DEN_BAL_spread,0.5275779376498799,0.0071942446043162,-110.0,spread,2022_13_DEN_BAL,0.21,0.015107913669064053,0.0,0.0,0.0,3.0,0.35005779420142885
2022_13_DEN_BAL_spread,0.5275779376498799,0.0071942446043162,-110.0,spread,2022_13_DEN_BAL,0.21,0.015107913669064053,0.0,0.0,0.0,4.0,0.35005779420142885
2022_13_IND_DAL_spread,0.5275779376498799,0.0071942446043162,-110.0,spread,2022_13_IND_DAL,0.21,0.015107913669064053,0.0,0.0,0.0,1.0,0.35005779420142885
2022_13_IND_DAL_spread,0.5275779376498799,0.0071942446043162,-110.0,spread,2022_13_IND_DAL,0.21,0.015107913669064053,0.0,0.0,0.0,2.0,0.35005779420142885
2022_13_IND_DAL_spread,0.5275779376498799,0.0071942446043162,-110.0,spread,2022_13_IND_DAL,0.21,0.015107913669064053,0.0,0.0,0.0,3.0,0.35005779420142885
2022_13_IND_DAL_spread,0.5275779376498799,0.0071942446043162,-110.0,spread,2022_13_IND_DAL,0.21,0.015107913669064053,0.0,0.0,0.0,4.0,0.35005779420142885
2022_13_JAX_DET_spread,0.4949851545159163,-0.0550283413787052,-110.0,spread,2022_13_JAX_DET,0.21,0.0,0.0,0.0,0.0,1.0,0.35005779420142885
2022_13_JAX_DET_spread,0.3201747385815999,-0.3887573172533093,-110.0,spread,2022_13_JAX_DET,0.21,0.0,0.0,0.0,0.0,2.0,0.35005779420142885
2022_13_JAX_DET_spread,0.4949851545159163,-0.0550283413787052,-110.0,spread,2022_13_JAX_DET,0.21,0.0,0.0,0.0,0.0,3.0,0.35005779420142885
2022_13_JAX_DET_spread,0.3201747385815999,-0.3887573172533093,-110.0,spread,2022_13_JAX_DET,0.21,0.0,0.0,0.0,0.0,4.0,0.35005779420142885
2022_13_MIA_SF_spread,0.5275779376498799,0.0071942446043162,-110.0,spread,2022_13_MIA_SF,0.21,0.015107913669064053,0.0,0.0,0.0,1.0,0.35005779420142885
2022_13_MIA_SF_spread,0.5129224652087475,-0.0207843846014819,-110.0,spread,2022_13_MIA_SF,0.21,0.0,0.0,0.0,0.0,2.0,0.35005779420142885
2023_12_CHI_MIN_spread,0.5129224652087475,-0.0207843846014819,-110.0,spread,2023_12_CHI_MIN,0.21,0.0,0.0,0.0,0.0,2.0,0.35005779420142885
2023_12_GB_DET_spread,0.5275779376498799,0.0071942446043162,-110.0,spread,2023_12_GB_DET,0.21,0.015107913669064053,0.0,0.0,0.0,2.0,0.35005779420142885
2023_12_CHI_MIN_spread,0.5129224652087475,-0.0207843846014819,-110.0,spread,2023_12_CHI_MIN,0.21,0.0,0.0,0.0,0.0,4.0,0.35005779420142885
2024_11_LV_MIA_spread,0.5275779376498799,0.0071942446043162,-110.0,spread,2024_11_LV_MIA,0.21,0.015107913669064053,0.0,0.0,0.0,3.0,0.35005779420142885
2024_11_KC_BUF_spread,0.5129224652087475,-0.0207843846014819,-110.0,spread,2024_11_KC_BUF,0.21,0.0,0.0,0.0,0.0,4.0,0.35005779420142885
2024_11_LA_NE_spread,0.5275779376498799,0.0071942446043162,-110.0,spread,2024_11_LA_NE,0.21,0.015107913669064053,0.0,0.0,0.0,1.0,0.35005779420142885
2024_11_LA_NE_spread,0.5275779376498799,0.0071942446043162,-110.0,spread,2024_11_LA_NE,0.21,0.015107913669064053,0.0,0.0,0.0,2.0,0.35005779420142885
2024_11_LA_NE_spread,0.5275779376498799,0.0071942446043162,-110.0,spread,2024_11_LA_NE,0.21,0.015107913669064053,0.0,0.0,0.0,3.0,0.35005779420142885
2024_11_LA_NE_spread,0.5275779376498799,0.0071942446043162,-110.0,spread,2024_11_LA_NE,0.21,0.015107913669064053,0.0,0.0,0.0,4.0,0.35005779420142885
2024_11_LV_MIA_spread,0.5275779376498799,0.0071942446043162,-110.0,spread,2024_11_LV_MIA,0.21,0.015107913669064053,0.0,0.0,0.0,1.0,0.35005779420142885
2024_11_LV_MIA_spread,0.5275779376498799,0.0071942446043162,-110.0,spread,2024_11_LV_MIA,0.21,0.015107913669064053,0.0,0.0,0.0,2.0,0.35005779420142885
2024_11_LV_MIA_spread,0.5275779376498799,0.0071942446043162,-110.0,spread,2024_11_LV_MIA,0.21,0.015107913669064053,0.0,0.0,0.0,4.0,0.35005779420142885
2024_10_DEN_KC_spread,0.5266429121861003,0.005409195991646,-110.0,spread,2024_10_DEN_KC,0.21,0.011359311582456748,0.0,0.0,0.0,4.0,0.35005779420142885
2024_12_ARI_SEA_spread,0.5129224652087475,-0.0207843846014819,-110.0,spread,2024_12_ARI_SEA,0.21,0.0,0.0,0.0,0.0,1.0,0.35005779420142885
2024_12_ARI_SEA_spread,0.5129224652087475,-0.0207843846014819,-110.0,spread,2024_12_ARI_SEA,0.21,0.0,0.0,0.0,0.0,2.0,0.35005779420142885
2024_12_ARI_SEA_spread,0.5129224652087475,-0.0207843846014819,-110.0,spread,2024_12_ARI_SEA,0.21,0.0,0.0,0.0,0.0,3.0,0.35005779420142885
2024_12_ARI_SEA_spread,0.5129224652087475,-0.0207843846014819,-110.0,spread,2024_12_ARI_SEA,0.21,0.0,0.0,0.0,0.0,4.0,0.35005779420142885
2024_12_BAL_LAC_spread,0.5207140246256123,-0.0059095893511036,-110.0,spread,2024_12_BAL_LAC,0.21,0.0,0.0,0.0,0.0,1.0,0.35005779420142885
2024_12_BAL_LAC_spread,0.5207140246256123,-0.0059095893511036,-110.0,spread,2024_12_BAL_LAC,0.21,0.0,0.0,0.0,0.0,2.0,0.35005779420142885
2024_12_BAL_LAC_spread,0.5207140246256123,-0.0059095893511036,-110.0,spread,2024_12_BAL_LAC,0.21,0.0,0.0,0.0,0.0,3.0,0.35005779420142885
2024_11_KC_BUF_spread,0.5129224652087475,-0.0207843846014819,-110.0,spread,2024_11_KC_BUF,0.21,0.0,0.0,0.0,0.0,3.0,0.35005779420142885
2024_11_KC_BUF_spread,0.5129224652087475,-0.0207843846014819,-110.0,spread,2024_11_KC_BUF,0.21,0.0,0.0,0.0,0.0,2.0,0.35005779420142885
2024_11_KC_BUF_spread,0.5129224652087475,-0.0207843846014819,-110.0,spread,2024_11_KC_BUF,0.21,0.0,0.0,0.0,0.0,1.0,0.35005779420142885
2024_11_CIN_LAC_spread,0.3666260034210263,-0.3000776298325862,-110.0,spread,2024_11_CIN_LAC,0.21,0.0,0.0,0.0,0.0,4.0,0.35005779420142885
2024_10_DET_HOU_spread,0.5275779376498799,0.0071942446043162,-110.0,spread,2024_10_DET_HOU,0.21,0.015107913669064053,0.0,0.0,0.0,2.0,0.35005779420142885
2024_10_DET_HOU_spread,0.5275779376498799,0.0071942446043162,-110.0,spread,2024_10_DET_HOU,0.21,0.015107913669064053,0.0,0.0,0.0,3.0,0.35005779420142885
2024_10_DET_HOU_spread,0.5275779376498799,0.0071942446043162,-110.0,spread,2024_10_DET_HOU,0.21,0.015107913669064053,0.0,0.0,0.0,4.0,0.35005779420142885
2024_10_MIA_LA_spread,0.5129224652087475,-0.0207843846014819,-110.0,spread,2024_10_MIA_LA,0.21,0.0,0.0,0.0,0.0,1.0,0.35005779420142885
2024_10_MIA_LA_spread,0.5129224652087475,-0.0207843846014819,-110.0,spread,2024_10_MIA_LA,0.21,0.0,0.0,0.0,0.0,2.0,0.35005779420142885
2024_10_MIA_LA_spread,0.5129224652087475,-0.0207843846014819,-110.0,spread,2024_10_MIA_LA,0.21,0.0,0.0,0.0,0.0,3.0,0.35005779420142885
2024_10_MIA_LA_spread,0.5129224652087475,-0.0207843846014819,-110.0,spread,2024_10_MIA_LA,0.21,0.0,0.0,0.0,0.0,4.0,0.35005779420142885
2024_10_NYJ_ARI_spread,0.5129224652087475,-0.0207843846014819,-110.0,spread,2024_10_NYJ_ARI,0.21,0.0,0.0,0.0,0.0,1.0,0.35005779420142885
2024_11_BAL_PIT_spread,0.5207110725931323,-0.0059152250494746,-110.0,spread,2024_11_BAL_PIT,0.21,0.0,0.0,0.0,0.0,1.0,0.35005779420142885
2024_11_BAL_PIT_spread,0.5207110725931323,-0.0059152250494746,-110.0,spread,2024_11_BAL_PIT,0.21,0.0,0.0,0.0,0.0,2.0,0.35005779420142885
2024_11_BAL_PIT_spread,0.5207110725931323,-0.0059152250494746,-110.0,spread,2024_11_BAL_PIT,0.21,0.0,0.0,0.0,0.0,3.0,0.35005779420142885
2024_11_BAL_PIT_spread,0.5207110725931323,-0.0059152250494746,-110.0,spread,2024_11_BAL_PIT,0.21,0.0,0.0,0.0,0.0,4.0,0.35005779420142885
2024_11_CIN_LAC_spread,0.5129224652087475,-0.0207843846014819,-110.0,spread,2024_11_CIN_LAC,0.21,0.0,0.0,0.0,0.0,1.0,0.35005779420142885
2024_11_CIN_LAC_spread,0.3666260034210263,-0.3000776298325862,-110.0,spread,2024_11_CIN_LAC,0.21,0.0,0.0,0.0,0.0,2.0,0.35005779420142885
2024_11_CIN_LAC_spread,0.5129224652087475,-0.0207843846014819,-110.0,spread,2024_11_CIN_LAC,0.21,0.0,0.0,0.0,0.0,3.0,0.35005779420142885
2024_12_BAL_LAC_spread,0.5207140246256123,-0.0059095893511036,-110.0,spread,2024_12_BAL_LAC,0.21,0.0,0.0,0.0,0.0,4.0,0.35005779420142885
2024_12_DEN_LV_spread,0.5275779376498799,0.0071942446043162,-110.0,spread,2024_12_DEN_LV,0.21,0.015107913669064053,0.0,0.0,0.0,1.0,0.35005779420142885
2024_12_DEN_LV_spread,0.5275779376498799,0.0071942446043162,-110.0,spread,2024_12_DEN_LV,0.21,0.015107913669064053,0.0,0.0,0.0,2.0,0.35005779420142885
2024_13_LV_KC_spread,0.5275779376498799,0.0071942446043162,-110.0,spread,2024_13_LV_KC,0.21,0.015107913669064053,0.0,0.0,0.0,3.0,0.35005779420142885
2024_13_MIA_GB_spread,0.5146789769054574,-0.0174310440895812,-110.0,spread,2024_13_MIA_GB,0.21,0.0,0.0,0.0,0.0,1.0,0.35005779420142885
2024_13_MIA_GB_spread,0.5129224652087475,-0.0207843846014819,-110.0,spread,2024_13_MIA_GB,0.21,0.0,0.0,0.0,0.0,2.0,0.35005779420142885
2024_13_MIA_GB_spread,0.5146789769054574,-0.0174310440895812,-110.0,spread,2024_13_MIA_GB,0.21,0.0,0.0,0.0,0.0,3.0,0.35005779420142885
2024_13_MIA_GB_spread,0.5129224652087475,-0.0207843846014819,-110.0,spread,2024_13_MIA_GB,0.21,0.0,0.0,0.0,0.0,4.0,0.35005779420142885
2024_13_NYG_DAL_spread,0.5275779376498799,0.0071942446043162,-110.0,spread,2024_13_NYG_DAL,0.21,0.015107913669064053,0.0,0.0,0.0,1.0,0.35005779420142885
2024_13_NYG_DAL_spread,0.5129224652087475,-0.0207843846014819,-110.0,spread,2024_13_NYG_DAL,0.21,0.0,0.0,0.0,0.0,2.0,0.35005779420142885
2024_13_NYG_DAL_spread,0.5275779376498799,0.0071942446043162,-110.0,spread,2024_13_NYG_DAL,0.21,0.015107913669064053,0.0,0.0,0.0,3.0,0.35005779420142885
2024_13_NYG_DAL_spread,0.5129224652087475,-0.0207843846014819,-110.0,spread,2024_13_NYG_DAL,0.21,0.0,0.0,0.0,0.0,4.0,0.35005779420142885
2024_14_BUF_LA_spread,0.5268737051310277,0.0058498007046893,-110.0,spread,2024_14_BUF_LA,0.21,0.012284581479847694,0.0,0.0,0.0,1.0,0.35005779420142885
2024_14_BUF_LA_spread,0.5268737051310277,0.0058498007046893,-110.0,spread,2024_14_BUF_LA,0.21,0.012284581479847694,0.0,0.0,0.0,2.0,0.35005779420142885
2024_14_BUF_LA_spread,0.5268737051310277,0.0058498007046893,-110.0,spread,2024_14_BUF_LA,0.21,0.012284581479847694,0.0,0.0,0.0,3.0,0.35005779420142885
2024_14_BUF_LA_spread,0.5268737051310277,0.0058498007046893,-110.0,spread,2024_14_BUF_LA,0.21,0.012284581479847694,0.0,0.0,0.0,4.0,0.35005779420142885
2024_14_CLE_PIT_spread,0.5275779376498799,0.0071942446043162,-110.0,spread,2024_14_CLE_PIT,0.21,0.015107913669064053,0.0,0.0,0.0,1.0,0.35005779420142885
2024_14_CLE_PIT_spread,0.5129224652087475,-0.0207843846014819,-110.0,spread,2024_14_CLE_PIT,0.21,0.0,0.0,0.0,0.0,2.0,0.35005779420142885
2024_14_CLE_PIT_spread,0.5275779376498799,0.0071942446043162,-110.0,spread,2024_14_CLE_PIT,0.21,0.015107913669064053,0.0,0.0,0.0,3.0,0.35005779420142885
2024_13_LV_KC_spread,0.5275779376498799,0.0071942446043162,-110.0,spread,2024_13_LV_KC,0.21,0.015107913669064053,0.0,0.0,0.0,4.0,0.35005779420142885
2024_13_LV_KC_spread,0.5275779376498799,0.0071942446043162,-110.0,spread,2024_13_LV_KC,0.21,0.015107913669064053,0.0,0.0,0.0,2.0,0.35005779420142885
2024_12_DEN_LV_spread,0.5275779376498799,0.0071942446043162,-110.0,spread,2024_12_DEN_LV,0.21,0.015107913669064053,0.0,0.0,0.0,3.0,0.35005779420142885
2024_13_LV_KC_spread,0.5275779376498799,0.0071942446043162,-110.0,spread,2024_13_LV_KC,0.21,0.015107913669064053,0.0,0.0,0.0,1.0,0.35005779420142885
2024_12_DEN_LV_spread,0.5275779376498799,0.0071942446043162,-110.0,spread,2024_12_DEN_LV,0.21,0.015107913669064053,0.0,0.0,0.0,4.0,0.35005779420142885
2024_12_NE_MIA_spread,0.5275779376498799,0.0071942446043162,-110.0,spread,2024_12_NE_MIA,0.21,0.015107913669064053,0.0,0.0,0.0,1.0,0.35005779420142885
2024_12_NE_MIA_spread,0.5266445109871064,0.0054122482481122,-110.0,spread,2024_12_NE_MIA,0.21,0.011365721321035598,0.0,0.0,0.0,2.0,0.35005779420142885
2024_12_NE_MIA_spread,0.5275779376498799,0.0071942446043162,-110.0,spread,2024_12_NE_MIA,0.21,0.015107913669064053,0.0,0.0,0.0,3.0,0.35005779420142885
2024_12_NE_MIA_spread,0.5266445109871064,0.0054122482481122,-110.0,spread,2024_12_NE_MIA,0.21,0.011365721321035598,0.0,0.0,0.0,4.0,0.35005779420142885
2024_12_PHI_LA_spread,0.5129224652087475,-0.0207843846014819,-110.0,spread,2024_12_PHI_LA,0.21,0.0,0.0,0.0,0.0,1.0,0.35005779420142885
2024_13_CHI_DET_spread,0.5275779376498799,0.0071942446043162,-110.0,spread,2024_13_CHI_DET,0.21,0.015107913669064053,0.0,0.0,0.0,1.0,0.35005779420142885
2024_13_CHI_DET_spread,0.5275779376498799,0.0071942446043162,-110.0,spread,2024_13_CHI_DET,0.21,0.015107913669064053,0.0,0.0,0.0,2.0,0.35005779420142885
2024_13_CHI_DET_spread,0.5275779376498799,0.0071942446043162,-110.0,spread,2024_13_CHI_DET,0.21,0.015107913669064053,0.0,0.0,0.0,3.0,0.35005779420142885
2024_13_CHI_DET_spread,0.5275779376498799,0.0071942446043162,-110.0,spread,2024_13_CHI_DET,0.21,0.015107913669064053,0.0,0.0,0.0,4.0,0.35005779420142885
2024_13_CHI_DET_spread,0.5275779376498799,0.0071942446043162,-110.0,spread,2024_13_CHI_DET,0.21,0.015107913669064053,0.0,0.0,0.0,5.0,0.35005779420142885
2024_13_CHI_DET_spread,0.5275779376498799,0.0071942446043162,-110.0,spread,2024_13_CHI_DET,0.21,0.015107913669064053,0.0,0.0,0.0,6.0,0.35005779420142885
2024_13_CHI_DET_spread,0.5275779376498799,0.0071942446043162,-110.0,spread,2024_13_CHI_DET,0.21,0.015107913669064053,0.0,0.0,0.0,7.0,0.35005779420142885
2024_13_CHI_DET_spread,0.5275779376498799,0.0071942446043162,-110.0,spread,2024_13_CHI_DET,0.21,0.015107913669064053,0.0,0.0,0.0,8.0,0.35005779420142885
2024_13_CHI_DET_spread,0.5275779376498799,0.0071942446043162,-110.0,spread,2024_13_CHI_DET,0.21,0.015107913669064053,0.0,0.0,0.0,9.0,0.35005779420142885
2024_10_DET_HOU_spread,0.5275779376498799,0.0071942446043162,-110.0,spread,2024_10_DET_HOU,0.21,0.015107913669064053,0.0,0.0,0.0,1.0,0.35005779420142885
2024_10_DEN_KC_spread,0.5275779376498799,0.0071942446043162,-110.0,spread,2024_10_DEN_KC,0.21,0.015107913669064053,0.0,0.0,0.0,3.0,0.35005779420142885
2024_14_GB_DET_spread,0.5129224652087475,-0.0207843846014819,-110.0,spread,2024_14_GB_DET,0.21,0.0,0.0,0.0,0.0,1.0,0.35005779420142885
2024_07_DET_MIN_spread,0.3663620167023251,-0.3005816044773792,-110.0,spread,2024_07_DET_MIN,0.21,0.0,0.0,0.0,0.0,2.0,0.35005779420142885
2024_07_BAL_TB_spread,0.5275779376498799,0.0071942446043162,-110.0,spread,2024_07_BAL_TB,0.21,0.015107913669064053,0.0,0.0,0.0,3.0,0.35005779420142885
2024_07_BAL_TB_spread,0.5275779376498799,0.0071942446043162,-110.0,spread,2024_07_BAL_TB,0.21,0.015107913669064053,0.0,0.0,0.0,4.0,0.35005779420142885
2024_07_CAR_WAS_spread,0.5275779376498799,0.0071942446043162,-110.0,spread,2024_07_CAR_WAS,0.21,0.015107913669064053,0.0,0.0,0.0,1.0,0.35005779420142885
2024_07_CAR_WAS_spread,0.5275779376498799,0.0071942446043162,-110.0,spread,2024_07_CAR_WAS,0.21,0.015107913669064053,0.0,0.0,0.0,2.0,0.35005779420142885
2024_07_CAR_WAS_spread,0.5275779376498799,0.0071942446043162,-110.0,spread,2024_07_CAR_WAS,0.21,0.015107913669064053,0.0,0.0,0.0,3.0,0.35005779420142885
2024_07_CAR_WAS_spread,0.5275779376498799,0.0071942446043162,-110.0,spread,2024_07_CAR_WAS,0.21,0.015107913669064053,0.0,0.0,0.0,4.0,0.35005779420142885
2024_07_DET_MIN_spread,0.5129224652087475,-0.0207843846014819,-110.0,spread,2024_07_DET_MIN,0.21,0.0,0.0,0.0,0.0,1.0,0.35005779420142885
2024_07_DET_MIN_spread,0.5129224652087475,-0.0207843846014819,-110.0,spread,2024_07_DET_MIN,0.21,0.0,0.0,0.0,0.0,3.0,0.35005779420142885
2024_10_DEN_KC_spread,0.5266429121861003,0.005409195991646,-110.0,spread,2024_10_DEN_KC,0.21,0.011359311582456748,0.0,0.0,0.0,2.0,0.35005779420142885
2024_07_DET_MIN_spread,0.3663620167023251,-0.3005816044773792,-110.0,spread,2024_07_DET_MIN,0.21,0.0,0.0,0.0,0.0,4.0,0.35005779420142885
2024_07_NE_JAX_spread,0.5275779376498799,0.0071942446043162,-110.0,spread,2024_07_NE_JAX,0.21,0.015107913669064053,0.0,0.0,0.0,1.0,0.35005779420142885
2024_07_NE_JAX_spread,0.5213150635735796,-0.0047621513595298,-110.0,spread,2024_07_NE_JAX,0.21,0.0,0.0,0.0,0.0,2.0,0.35005779420142885
2024_07_NE_JAX_spread,0.5275779376498799,0.0071942446043162,-110.0,spread,2024_07_NE_JAX,0.21,0.015107913669064053,0.0,0.0,0.0,3.0,0.35005779420142885
2024_07_NE_JAX_spread,0.5213150635735796,-0.0047621513595298,-110.0,spread,2024_07_NE_JAX,0.21,0.0,0.0,0.0,0.0,4.0,0.35005779420142885
2024_07_NYJ_PIT_spread,0.5206909288379498,-0.0059536813093685,-110.0,spread,2024_07_NYJ_PIT,0.21,0.0,0.0,0.0,0.0,1.0,0.35005779420142885
2024_08_ATL_TB_spread,0.5129224652087475,-0.0207843846014819,-110.0,spread,2024_08_ATL_TB,0.21,0.0,0.0,0.0,0.0,1.0,0.35005779420142885
2024_07_BAL_TB_spread,0.5275779376498799,0.0071942446043162,-110.0,spread,2024_07_BAL_TB,0.21,0.015107913669064053,0.0,0.0,0.0,2.0,0.35005779420142885
2024_07_BAL_TB_spread,0.5275779376498799,0.0071942446043162,-110.0,spread,2024_07_BAL_TB,0.21,0.015107913669064053,0.0,0.0,0.0,1.0,0.35005779420142885
2024_06_JAX_CHI_spread,0.5129224652087475,-0.0207843846014819,-110.0,spread,2024_06_JAX_CHI,0.21,0.0,0.0,0.0,0.0,4.0,0.35005779420142885
2024_06_JAX_CHI_spread,0.5129224652087475,-0.0207843846014819,-110.0,spread,2024_06_JAX_CHI,0.21,0.0,0.0,0.0,0.0,3.0,0.35005779420142885
2024_06_ATL_CAR_spread,0.5275779376498799,0.0071942446043162,-110.0,spread,2024_06_ATL_CAR,0.21,0.015107913669064053,0.0,0.0,0.0,4.0,0.35005779420142885
2024_06_BUF_NYJ_spread,0.5129224652087475,-0.0207843846014819,-110.0,spread,2024_06_BUF_NYJ,0.21,0.0,0.0,0.0,0.0,1.0,0.35005779420142885
2024_06_BUF_NYJ_spread,0.5129224652087475,-0.0207843846014819,-110.0,spread,2024_06_BUF_NYJ,0.21,0.0,0.0,0.0,0.0,2.0,0.35005779420142885
2024_06_BUF_NYJ_spread,0.5129224652087475,-0.0207843846014819,-110.0,spread,2024_06_BUF_NYJ,0.21,0.0,0.0,0.0,0.0,3.0,0.35005779420142885
2024_06_BUF_NYJ_spread,0.5129224652087475,-0.0207843846014819,-110.0,spread,2024_06_BUF_NYJ,0.21,0.0,0.0,0.0,0.0,4.0,0.35005779420142885
2024_06_CIN_NYG_spread,0.5275779376498799,0.0071942446043162,-110.0,spread,2024_06_CIN_NYG,0.21,0.015107913669064053,0.0,0.0,0.0,1.0,0.35005779420142885
2024_06_CIN_NYG_spread,0.5275779376498799,0.0071942446043162,-110.0,spread,2024_06_CIN_NYG,0.21,0.015107913669064053,0.0,0.0,0.0,2.0,0.35005779420142885
2024_06_CIN_NYG_spread,0.5275779376498799,0.0071942446043162,-110.0,spread,2024_06_CIN_NYG,0.21,0.015107913669064053,0.0,0.0,0.0,3.0,0.35005779420142885
2024_06_CIN_NYG_spread,0.5275779376498799,0.0071942446043162,-110.0,spread,2024_06_CIN_NYG,0.21,0.015107913669064053,0.0,0.0,0.0,4.0,0.35005779420142885
2024_06_IND_TEN_spread,0.5129224652087475,-0.0207843846014819,-110.0,spread,2024_06_IND_TEN,0.21,0.0,0.0,0.0,0.0,1.0,0.35005779420142885
2024_06_IND_TEN_spread,0.5129224652087475,-0.0207843846014819,-110.0,spread,2024_06_IND_TEN,0.21,0.0,0.0,0.0,0.0,2.0,0.35005779420142885
2024_06_IND_TEN_spread,0.5129224652087475,-0.0207843846014819,-110.0,spread,2024_06_IND_TEN,0.21,0.0,0.0,0.0,0.0,3.0,0.35005779420142885
2024_06_IND_TEN_spread,0.5129224652087475,-0.0207843846014819,-110.0,spread,2024_06_IND_TEN,0.21,0.0,0.0,0.0,0.0,4.0,0.35005779420142885
2024_06_JAX_CHI_spread,0.5129224652087475,-0.0207843846014819,-110.0,spread,2024_06_JAX_CHI,0.21,0.0,0.0,0.0,0.0,1.0,0.35005779420142885
2024_06_JAX_CHI_spread,0.5129224652087475,-0.0207843846014819,-110.0,spread,2024_06_JAX_CHI,0.21,0.0,0.0,0.0,0.0,2.0,0.35005779420142885
2024_08_ATL_TB_spread,0.5129224652087475,-0.0207843846014819,-110.0,spread,2024_08_ATL_TB,0.21,0.0,0.0,0.0,0.0,2.0,0.35005779420142885
2024_08_ATL_TB_spread,0.5129224652087475,-0.0207843846014819,-110.0,spread,2024_08_ATL_TB,0.21,0.0,0.0,0.0,0.0,3.0,0.35005779420142885
2024_08_ATL_TB_spread,0.5129224652087475,-0.0207843846014819,-110.0,spread,2024_08_ATL_TB,0.21,0.0,0.0,0.0,0.0,4.0,0.35005779420142885
2024_09_DEN_BAL_spread,0.5275779376498799,0.0071942446043162,-110.0,spread,2024_09_DEN_BAL,0.21,0.015107913669064053,0.0,0.0,0.0,2.0,0.35005779420142885
2024_09_DEN_BAL_spread,0.5275779376498799,0.0071942446043162,-110.0,spread,2024_09_DEN_BAL,0.21,0.015107913669064053,0.0,0.0,0.0,4.0,0.35005779420142885
2024_09_DET_GB_spread,0.5129224652087475,-0.0207843846014819,-110.0,spread,2024_09_DET_GB,0.21,0.0,0.0,0.0,0.0,1.0,0.35005779420142885
2024_09_DET_GB_spread,0.5129224652087475,-0.0207843846014819,-110.0,spread,2024_09_DET_GB,0.21,0.0,0.0,0.0,0.0,2.0,0.35005779420142885
2024_09_DET_GB_spread,0.5129224652087475,-0.0207843846014819,-110.0,spread,2024_09_DET_GB,0.21,0.0,0.0,0.0,0.0,3.0,0.35005779420142885
2024_09_DET_GB_spread,0.5129224652087475,-0.0207843846014819,-110.0,spread,2024_09_DET_GB,0.21,0.0,0.0,0.0,0.0,4.0,0.35005779420142885
2024_09_HOU_NYJ_spread,0.5129224652087475,-0.0207843846014819,-110.0,spread,2024_09_HOU_NYJ,0.21,0.0,0.0,0.0,0.0,1.0,0.35005779420142885
2024_09_HOU_NYJ_spread,0.5129224652087475,-0.0207843846014819,-110.0,spread,2024_09_HOU_NYJ,0.21,0.0,0.0,0.0,0.0,2.0,0.35005779420142885
2024_09_HOU_NYJ_spread,0.5129224652087475,-0.0207843846014819,-110.0,spread,2024_09_HOU_NYJ,0.21,0.0,0.0,0.0,0.0,3.0,0.35005779420142885
2024_09_HOU_NYJ_spread,0.5129224652087475,-0.0207843846014819,-110.0,spread,2024_09_HOU_NYJ,0.21,0.0,0.0,0.0,0.0,4.0,0.35005779420142885
2024_09_JAX_PHI_spread,0.5275779376498799,0.0071942446043162,-110.0,spread,2024_09_JAX_PHI,0.21,0.015107913669064053,0.0,0.0,0.0,1.0,0.35005779420142885
2024_10_BUF_IND_spread,0.5275779376498799,0.0071942446043162,-110.0,spread,2024_10_BUF_IND,0.21,0.015107913669064053,0.0,0.0,0.0,1.0,0.35005779420142885
2024_10_BUF_IND_spread,0.5275779376498799,0.0071942446043162,-110.0,spread,2024_10_BUF_IND,0.21,0.015107913669064053,0.0,0.0,0.0,2.0,0.35005779420142885
2024_10_BUF_IND_spread,0.5275779376498799,0.0071942446043162,-110.0,spread,2024_10_BUF_IND,0.21,0.015107913669064053,0.0,0.0,0.0,3.0,0.35005779420142885
2024_10_BUF_IND_spread,0.5275779376498799,0.0071942446043162,-110.0,spread,2024_10_BUF_IND,0.21,0.015107913669064053,0.0,0.0,0.0,4.0,0.35005779420142885
2024_10_DEN_KC_spread,0.5275779376498799,0.0071942446043162,-110.0,spread,2024_10_DEN_KC,0.21,0.015107913669064053,0.0,0.0,0.0,1.0,0.35005779420142885
2024_09_DEN_BAL_spread,0.5275779376498799,0.0071942446043162,-110.0,spread,2024_09_DEN_BAL,0.21,0.015107913669064053,0.0,0.0,0.0,3.0,0.35005779420142885
2024_09_DEN_BAL_spread,0.5275779376498799,0.0071942446043162,-110.0,spread,2024_09_DEN_BAL,0.21,0.015107913669064053,0.0,0.0,0.0,1.0,0.35005779420142885
2024_08_BAL_CLE_spread,0.5275779376498799,0.0071942446043162,-110.0,spread,2024_08_BAL_CLE,0.21,0.015107913669064053,0.0,0.0,0.0,1.0,0.35005779420142885
2024_09_CHI_ARI_spread,0.5129224652087475,-0.0207843846014819,-110.0,spread,2024_09_CHI_ARI,0.21,0.0,0.0,0.0,0.0,4.0,0.35005779420142885
2024_08_BAL_CLE_spread,0.5275779376498799,0.0071942446043162,-110.0,spread,2024_08_BAL_CLE,0.21,0.015107913669064053,0.0,0.0,0.0,2.0,0.35005779420142885
2024_08_BAL_CLE_spread,0.5275779376498799,0.0071942446043162,-110.0,spread,2024_08_BAL_CLE,0.21,0.015107913669064053,0.0,0.0,0.0,3.0,0.35005779420142885
2024_08_BAL_CLE_spread,0.5275779376498799,0.0071942446043162,-110.0,spread,2024_08_BAL_CLE,0.21,0.015107913669064053,0.0,0.0,0.0,4.0,0.35005779420142885
2024_08_CAR_DEN_spread,0.5275779376498799,0.0071942446043162,-110.0,spread,2024_08_CAR_DEN,0.21,0.015107913669064053,0.0,0.0,0.0,1.0,0.35005779420142885
2024_08_CAR_DEN_spread,0.5275779376498799,0.0071942446043162,-110.0,spread,2024_08_CAR_DEN,0.21,0.015107913669064053,0.0,0.0,0.0,2.0,0.35005779420142885
2024_08_CAR_DEN_spread,0.5275779376498799,0.0071942446043162,-110.0,spread,2024_08_CAR_DEN,0.21,0.015107913669064053,0.0,0.0,0.0,3.0,0.35005779420142885
2024_08_CAR_DEN_spread,0.5275779376498799,0.0071942446043162,-110.0,spread,2024_08_CAR_DEN,0.21,0.015107913669064053,0.0,0.0,0.0,4.0,0.35005779420142885
2024_08_CHI_WAS_spread,0.5129224652087475,-0.0207843846014819,-110.0,spread,2024_08_CHI_WAS,0.21,0.0,0.0,0.0,0.0,1.0,0.35005779420142885
2024_08_CHI_WAS_spread,0.5129224652087475,-0.0207843846014819,-110.0,spread,2024_08_CHI_WAS,0.21,0.0,0.0,0.0,0.0,2.0,0.35005779420142885
2024_08_CHI_WAS_spread,0.5129224652087475,-0.0207843846014819,-110.0,spread,2024_08_CHI_WAS,0.21,0.0,0.0,0.0,0.0,3.0,0.35005779420142885
2024_08_CHI_WAS_spread,0.5129224652087475,-0.0207843846014819,-110.0,spread,2024_08_CHI_WAS,0.21,0.0,0.0,0.0,0.0,4.0,0.35005779420142885
2024_08_GB_JAX_spread,0.5268734768025755,0.0058493648049168,-110.0,spread,2024_08_GB_JAX,0.21,0.012283666090325433,0.0,0.0,0.0,1.0,0.35005779420142885
2024_09_CHI_ARI_spread,0.5129224652087475,-0.0207843846014819,-110.0,spread,2024_09_CHI_ARI,0.21,0.0,0.0,0.0,0.0,1.0,0.35005779420142885
2024_09_CHI_ARI_spread,0.5129224652087475,-0.0207843846014819,-110.0,spread,2024_09_CHI_ARI,0.21,0.0,0.0,0.0,0.0,2.0,0.35005779420142885
2024_09_CHI_ARI_spread,0.5129224652087475,-0.0207843846014819,-110.0,spread,2024_09_CHI_ARI,0.21,0.0,0.0,0.0,0.0,3.0,0.35005779420142885
2024_14_CLE_PIT_spread,0.5129224652087475,-0.0207843846014819,-110.0,spread,2024_14_CLE_PIT,0.21,0.0,0.0,0.0,0.0,4.0,0.35005779420142885
2024_14_GB_DET_spread,0.5129224652087475,-0.0207843846014819,-110.0,spread,2024_14_GB_DET,0.21,0.0,0.0,0.0,0.0,2.0,0.35005779420142885
2023_12_GB_DET_spread,0.5275779376498799,0.0071942446043162,-110.0,spread,2023_12_GB_DET,0.21,0.015107913669064053,0.0,0.0,0.0,1.0,0.35005779420142885
2024_20_BAL_BUF_spread,0.5129224652087475,-0.0207843846014819,-110.0,spread,2024_20_BAL_BUF,0.21,0.0,0.0,0.0,0.0,2.0,0.35005779420142885
2024_19_GB_PHI_spread,0.5129224652087475,-0.0207843846014819,-110.0,spread,2024_19_GB_PHI,0.21,0.0,0.0,0.0,0.0,8.0,0.35005779420142885
2024_19_GB_PHI_spread,0.5129224652087475,-0.0207843846014819,-110.0,spread,2024_19_GB_PHI,0.21,0.0,0.0,0.0,0.0,9.0,0.35005779420142885
2024_19_PIT_BAL_spread,0.5275779376498799,0.0071942446043162,-110.0,spread,2024_19_PIT_BAL,0.21,0.015107913669064053,0.0,0.0,0.0,1.0,0.35005779420142885
2024_19_PIT_BAL_spread,0.5275779376498799,0.0071942446043162,-110.0,spread,2024_19_PIT_BAL,0.21,0.015107913669064053,0.0,0.0,0.0,2.0,0.35005779420142885
2024_19_PIT_BAL_spread,0.5275779376498799,0.0071942446043162,-110.0,spread,2024_19_PIT_BAL,0.21,0.015107913669064053,0.0,0.0,0.0,3.0,0.35005779420142885
2024_19_PIT_BAL_spread,0.5275779376498799,0.0071942446043162,-110.0,spread,2024_19_PIT_BAL,0.21,0.015107913669064053,0.0,0.0,0.0,4.0,0.35005779420142885
2024_20_BAL_BUF_spread,0.5129224652087475,-0.0207843846014819,-110.0,spread,2024_20_BAL_BUF,0.21,0.0,0.0,0.0,0.0,1.0,0.35005779420142885
2024_20_BAL_BUF_spread,0.5129224652087475,-0.0207843846014819,-110.0,spread,2024_20_BAL_BUF,0.21,0.0,0.0,0.0,0.0,3.0,0.35005779420142885
2024_19_DEN_BUF_spread,0.5275779376498799,0.0071942446043162,-110.0,spread,2024_19_DEN_BUF,0.21,0.015107913669064053,0.0,0.0,0.0,3.0,0.35005779420142885
2024_20_BAL_BUF_spread,0.5129224652087475,-0.0207843846014819,-110.0,spread,2024_20_BAL_BUF,0.21,0.0,0.0,0.0,0.0,4.0,0.35005779420142885
2024_20_HOU_KC_spread,0.5275779376498799,0.0071942446043162,-110.0,spread,2024_20_HOU_KC,0.21,0.015107913669064053,0.0,0.0,0.0,1.0,0.35005779420142885
2024_20_HOU_KC_spread,0.5275779376498799,0.0071942446043162,-110.0,spread,2024_20_HOU_KC,0.21,0.015107913669064053,0.0,0.0,0.0,2.0,0.35005779420142885
2024_20_HOU_KC_spread,0.5275779376498799,0.0071942446043162,-110.0,spread,2024_20_HOU_KC,0.21,0.015107913669064053,0.0,0.0,0.0,3.0,0.35005779420142885
2024_20_HOU_KC_spread,0.5275779376498799,0.0071942446043162,-110.0,spread,2024_20_HOU_KC,0.21,0.015107913669064053,0.0,0.0,0.0,4.0,0.35005779420142885
2024_20_HOU_KC_spread,0.5275779376498799,0.0071942446043162,-110.0,spread,2024_20_HOU_KC,0.21,0.015107913669064053,0.0,0.0,0.0,5.0,0.35005779420142885
2024_20_HOU_KC_spread,0.5275779376498799,0.0071942446043162,-110.0,spread,2024_20_HOU_KC,0.21,0.015107913669064053,0.0,0.0,0.0,6.0,0.35005779420142885
2024_19_GB_PHI_spread,0.5275779376498799,0.0071942446043162,-110.0,spread,2024_19_GB_PHI,0.21,0.015107913669064053,0.0,0.0,0.0,7.0,0.35005779420142885
2024_19_GB_PHI_spread,0.5129224652087475,-0.0207843846014819,-110.0,spread,2024_19_GB_PHI,0.21,0.0,0.0,0.0,0.0,6.0,0.35005779420142885
2024_19_GB_PHI_spread,0.5129224652087475,-0.0207843846014819,-110.0,spread,2024_19_GB_PHI,0.21,0.0,0.0,0.0,0.0,5.0,0.35005779420142885
2024_19_GB_PHI_spread,0.5275779376498799,0.0071942446043162,-110.0,spread,2024_19_GB_PHI,0.21,0.015107913669064053,0.0,0.0,0.0,4.0,0.35005779420142885
2024_19_DEN_BUF_spread,0.5275779376498799,0.0071942446043162,-110.0,spread,2024_19_DEN_BUF,0.21,0.015107913669064053,0.0,0.0,0.0,5.0,0.35005779420142885
2024_19_DEN_BUF_spread,0.5275779376498799,0.0071942446043162,-110.0,spread,2024_19_DEN_BUF,0.21,0.015107913669064053,0.0,0.0,0.0,6.0,0.35005779420142885
2024_19_DEN_BUF_spread,0.5275779376498799,0.0071942446043162,-110.0,spread,2024_19_DEN_BUF,0.21,0.015107913669064053,0.0,0.0,0.0,7.0,0.35005779420142885
2024_19_DEN_BUF_spread,0.5266456537964608,0.0054144299750615,-110.0,spread,2024_19_DEN_BUF,0.21,0.011370302947629217,0.0,0.0,0.0,8.0,0.35005779420142885
2024_19_DEN_BUF_spread,0.5275779376498799,0.0071942446043162,-110.0,spread,2024_19_DEN_BUF,0.21,0.015107913669064053,0.0,0.0,0.0,9.0,0.35005779420142885
2024_19_DEN_BUF_spread,0.5275779376498799,0.0071942446043162,-110.0,spread,2024_19_DEN_BUF,0.21,0.015107913669064053,0.0,0.0,0.0,10.0,0.35005779420142885
2024_19_DEN_BUF_spread,0.5275779376498799,0.0071942446043162,-110.0,spread,2024_19_DEN_BUF,0.21,0.015107913669064053,0.0,0.0,0.0,11.0,0.35005779420142885
2024_19_DEN_BUF_spread,0.5266456537964608,0.0054144299750615,-110.0,spread,2024_19_DEN_BUF,0.21,0.011370302947629217,0.0,0.0,0.0,12.0,0.35005779420142885
2024_19_DEN_BUF_spread,0.5275779376498799,0.0071942446043162,-110.0,spread,2024_19_DEN_BUF,0.21,0.015107913669064053,0.0,0.0,0.0,13.0,0.35005779420142885
2024_19_DEN_BUF_spread,0.5275779376498799,0.0071942446043162,-110.0,spread,2024_19_DEN_BUF,0.21,0.015107913669064053,0.0,0.0,0.0,14.0,0.35005779420142885
2024_19_DEN_BUF_spread,0.5275779376498799,0.0071942446043162,-110.0,spread,2024_19_DEN_BUF,0.21,0.015107913669064053,0.0,0.0,0.0,15.0,0.35005779420142885
2024_19_DEN_BUF_spread,0.5266456537964608,0.0054144299750615,-110.0,spread,2024_19_DEN_BUF,0.21,0.011370302947629217,0.0,0.0,0.0,16.0,0.35005779420142885
2024_19_GB_PHI_spread,0.5275779376498799,0.0071942446043162,-110.0,spread,2024_19_GB_PHI,0.21,0.015107913669064053,0.0,0.0,0.0,1.0,0.35005779420142885
2024_19_GB_PHI_spread,0.5129224652087475,-0.0207843846014819,-110.0,spread,2024_19_GB_PHI,0.21,0.0,0.0,0.0,0.0,2.0,0.35005779420142885
2024_19_GB_PHI_spread,0.5129224652087475,-0.0207843846014819,-110.0,spread,2024_19_GB_PHI,0.21,0.0,0.0,0.0,0.0,3.0,0.35005779420142885
2024_20_HOU_KC_spread,0.5275779376498799,0.0071942446043162,-110.0,spread,2024_20_HOU_KC,0.21,0.015107913669064053,0.0,0.0,0.0,7.0,0.35005779420142885
2024_20_HOU_KC_spread,0.5275779376498799,0.0071942446043162,-110.0,spread,2024_20_HOU_KC,0.21,0.015107913669064053,0.0,0.0,0.0,8.0,0.35005779420142885
2024_20_HOU_KC_spread,0.5275779376498799,0.0071942446043162,-110.0,spread,2024_20_HOU_KC,0.21,0.015107913669064053,0.0,0.0,0.0,9.0,0.35005779420142885
2024_21_BUF_KC_spread,0.5129224652087475,-0.0207843846014819,-110.0,spread,2024_21_BUF_KC,0.21,0.0,0.0,0.0,0.0,3.0,0.35005779420142885
2024_21_WAS_PHI_spread,0.5275779376498799,0.0071942446043162,-110.0,spread,2024_21_WAS_PHI,0.21,0.015107913669064053,0.0,0.0,0.0,1.0,0.35005779420142885
2024_21_WAS_PHI_spread,0.5275779376498799,0.0071942446043162,-110.0,spread,2024_21_WAS_PHI,0.21,0.015107913669064053,0.0,0.0,0.0,2.0,0.35005779420142885
2024_21_WAS_PHI_spread,0.5275779376498799,0.0071942446043162,-110.0,spread,2024_21_WAS_PHI,0.21,0.015107913669064053,0.0,0.0,0.0,3.0,0.35005779420142885
2024_21_WAS_PHI_spread,0.5129224652087475,-0.0207843846014819,-110.0,spread,2024_21_WAS_PHI,0.21,0.0,0.0,0.0,0.0,4.0,0.35005779420142885
2024_21_WAS_PHI_spread,0.5275779376498799,0.0071942446043162,-110.0,spread,2024_21_WAS_PHI,0.21,0.015107913669064053,0.0,0.0,0.0,5.0,0.35005779420142885
2024_21_WAS_PHI_spread,0.5275779376498799,0.0071942446043162,-110.0,spread,2024_21_WAS_PHI,0.21,0.015107913669064053,0.0,0.0,0.0,6.0,0.35005779420142885
2024_21_WAS_PHI_spread,0.5275779376498799,0.0071942446043162,-110.0,spread,2024_21_WAS_PHI,0.21,0.015107913669064053,0.0,0.0,0.0,7.0,0.35005779420142885
2024_21_WAS_PHI_spread,0.5129224652087475,-0.0207843846014819,-110.0,spread,2024_21_WAS_PHI,0.21,0.0,0.0,0.0,0.0,8.0,0.35005779420142885
2024_21_WAS_PHI_spread,0.5275779376498799,0.0071942446043162,-110.0,spread,2024_21_WAS_PHI,0.21,0.015107913669064053,0.0,0.0,0.0,9.0,0.35005779420142885
2024_21_WAS_PHI_spread,0.5275779376498799,0.0071942446043162,-110.0,spread,2024_21_WAS_PHI,0.21,0.015107913669064053,0.0,0.0,0.0,10.0,0.35005779420142885
2024_21_WAS_PHI_spread,0.5275779376498799,0.0071942446043162,-110.0,spread,2024_21_WAS_PHI,0.21,0.015107913669064053,0.0,0.0,0.0,11.0,0.35005779420142885
2024_21_WAS_PHI_spread,0.5129224652087475,-0.0207843846014819,-110.0,spread,2024_21_WAS_PHI,0.21,0.0,0.0,0.0,0.0,12.0,0.35005779420142885
2024_21_WAS_PHI_spread,0.5275779376498799,0.0071942446043162,-110.0,spread,2024_21_WAS_PHI,0.21,0.015107913669064053,0.0,0.0,0.0,13.0,0.35005779420142885
2024_21_WAS_PHI_spread,0.5275779376498799,0.0071942446043162,-110.0,spread,2024_21_WAS_PHI,0.21,0.015107913669064053,0.0,0.0,0.0,14.0,0.35005779420142885
2024_21_WAS_PHI_spread,0.5275779376498799,0.0071942446043162,-110.0,spread,2024_21_WAS_PHI,0.21,0.015107913669064053,0.0,0.0,0.0,15.0,0.35005779420142885
2024_21_BUF_KC_spread,0.5129224652087475,-0.0207843846014819,-110.0,spread,2024_21_BUF_KC,0.21,0.0,0.0,0.0,0.0,4.0,0.35005779420142885
2024_21_BUF_KC_spread,0.5129224652087475,-0.0207843846014819,-110.0,spread,2024_21_BUF_KC,0.21,0.0,0.0,0.0,0.0,2.0,0.35005779420142885
2024_20_HOU_KC_spread,0.5275779376498799,0.0071942446043162,-110.0,spread,2024_20_HOU_KC,0.21,0.015107913669064053,0.0,0.0,0.0,10.0,0.35005779420142885
2024_21_BUF_KC_spread,0.5129224652087475,-0.0207843846014819,-110.0,spread,2024_21_BUF_KC,0.21,0.0,0.0,0.0,0.0,1.0,0.35005779420142885
2024_20_HOU_KC_spread,0.5275779376498799,0.0071942446043162,-110.0,spread,2024_20_HOU_KC,0.21,0.015107913669064053,0.0,0.0,0.0,11.0,0.35005779420142885
2024_20_HOU_KC_spread,0.5275779376498799,0.0071942446043162,-110.0,spread,2024_20_HOU_KC,0.21,0.015107913669064053,0.0,0.0,0.0,12.0,0.35005779420142885
2024_20_HOU_KC_spread,0.5275779376498799,0.0071942446043162,-110.0,spread,2024_20_HOU_KC,0.21,0.015107913669064053,0.0,0.0,0.0,13.0,0.35005779420142885
2024_20_HOU_KC_spread,0.5275779376498799,0.0071942446043162,-110.0,spread,2024_20_HOU_KC,0.21,0.015107913669064053,0.0,0.0,0.0,14.0,0.35005779420142885
2024_20_HOU_KC_spread,0.5275779376498799,0.0071942446043162,-110.0,spread,2024_20_HOU_KC,0.21,0.015107913669064053,0.0,0.0,0.0,15.0,0.35005779420142885
2024_20_HOU_KC_spread,0.5275779376498799,0.0071942446043162,-110.0,spread,2024_20_HOU_KC,0.21,0.015107913669064053,0.0,0.0,0.0,16.0,0.35005779420142885
2024_20_LA_PHI_spread,0.5275779376498799,0.0071942446043162,-110.0,spread,2024_20_LA_PHI,0.21,0.015107913669064053,0.0,0.0,0.0,1.0,0.35005779420142885
2024_20_LA_PHI_spread,0.5253164556962026,0.0028768699654776,-110.0,spread,2024_20_LA_PHI,0.21,0.006041426927503129,0.0,0.0,0.0,2.0,0.35005779420142885
2024_20_LA_PHI_spread,0.5253164556962026,0.0028768699654776,-110.0,spread,2024_20_LA_PHI,0.21,0.006041426927503129,0.0,0.0,0.0,3.0,0.35005779420142885
2024_20_LA_PHI_spread,0.5275779376498799,0.0071942446043162,-110.0,spread,2024_20_LA_PHI,0.21,0.015107913669064053,0.0,0.0,0.0,4.0,0.35005779420142885
2024_20_LA_PHI_spread,0.5253164556962026,0.0028768699654776,-110.0,spread,2024_20_LA_PHI,0.21,0.006041426927503129,0.0,0.0,0.0,5.0,0.35005779420142885
2024_20_LA_PHI_spread,0.5253164556962026,0.0028768699654776,-110.0,spread,2024_20_LA_PHI,0.21,0.006041426927503129,0.0,0.0,0.0,6.0,0.35005779420142885
2024_20_LA_PHI_spread,0.5275779376498799,0.0071942446043162,-110.0,spread,2024_20_LA_PHI,0.21,0.015107913669064053,0.0,0.0,0.0,7.0,0.35005779420142885
2024_20_LA_PHI_spread,0.5253164556962026,0.0028768699654776,-110.0,spread,2024_20_LA_PHI,0.21,0.006041426927503129,0.0,0.0,0.0,8.0,0.35005779420142885
2024_20_LA_PHI_spread,0.5253164556962026,0.0028768699654776,-110.0,spread,2024_20_LA_PHI,0.21,0.006041426927503129,0.0,0.0,0.0,9.0,0.35005779420142885
2024_19_DEN_BUF_spread,0.5266456537964608,0.0054144299750615,-110.0,spread,2024_19_DEN_BUF,0.21,0.011370302947629217,0.0,0.0,0.0,4.0,0.35005779420142885
2024_19_DEN_BUF_spread,0.5275779376498799,0.0071942446043162,-110.0,spread,2024_19_DEN_BUF,0.21,0.015107913669064053,0.0,0.0,0.0,2.0,0.35005779420142885
2024_14_GB_DET_spread,0.5129224652087475,-0.0207843846014819,-110.0,spread,2024_14_GB_DET,0.21,0.0,0.0,0.0,0.0,3.0,0.35005779420142885
2024_16_DEN_LAC_spread,0.5129224652087475,-0.0207843846014819,-110.0,spread,2024_16_DEN_LAC,0.21,0.0,0.0,0.0,0.0,1.0,0.35005779420142885
2024_15_IND_DEN_spread,0.5129224652087475,-0.0207843846014819,-110.0,spread,2024_15_IND_DEN,0.21,0.0,0.0,0.0,0.0,2.0,0.35005779420142885
2024_15_IND_DEN_spread,0.5275779376498799,0.0071942446043162,-110.0,spread,2024_15_IND_DEN,0.21,0.015107913669064053,0.0,0.0,0.0,3.0,0.35005779420142885
2024_15_IND_DEN_spread,0.5129224652087475,-0.0207843846014819,-110.0,spread,2024_15_IND_DEN,0.21,0.0,0.0,0.0,0.0,4.0,0.35005779420142885
2024_16_ARI_CAR_spread,0.5275779376498799,0.0071942446043162,-110.0,spread,2024_16_ARI_CAR,0.21,0.015107913669064053,0.0,0.0,0.0,1.0,0.35005779420142885
2024_16_ARI_CAR_spread,0.5275779376498799,0.0071942446043162,-110.0,spread,2024_16_ARI_CAR,0.21,0.015107913669064053,0.0,0.0,0.0,2.0,0.35005779420142885
2024_16_ARI_CAR_spread,0.5275779376498799,0.0071942446043162,-110.0,spread,2024_16_ARI_CAR,0.21,0.015107913669064053,0.0,0.0,0.0,3.0,0.35005779420142885
2024_16_ARI_CAR_spread,0.5275779376498799,0.0071942446043162,-110.0,spread,2024_16_ARI_CAR,0.21,0.015107913669064053,0.0,0.0,0.0,4.0,0.35005779420142885
2024_16_DEN_LAC_spread,0.5129224652087475,-0.0207843846014819,-110.0,spread,2024_16_DEN_LAC,0.21,0.0,0.0,0.0,0.0,2.0,0.35005779420142885
2024_19_DEN_BUF_spread,0.5275779376498799,0.0071942446043162,-110.0,spread,2024_19_DEN_BUF,0.21,0.015107913669064053,0.0,0.0,0.0,1.0,0.35005779420142885
2024_16_DEN_LAC_spread,0.5129224652087475,-0.0207843846014819,-110.0,spread,2024_16_DEN_LAC,0.21,0.0,0.0,0.0,0.0,3.0,0.35005779420142885
2024_16_DEN_LAC_spread,0.5129224652087475,-0.0207843846014819,-110.0,spread,2024_16_DEN_LAC,0.21,0.0,0.0,0.0,0.0,4.0,0.35005779420142885
2024_16_DET_CHI_spread,0.5253164556962026,0.0028768699654776,-110.0,spread,2024_16_DET_CHI,0.21,0.006041426927503129,0.0,0.0,0.0,1.0,0.35005779420142885
2024_16_DET_CHI_spread,0.5253164556962026,0.0028768699654776,-110.0,spread,2024_16_DET_CHI,0.21,0.006041426927503129,0.0,0.0,0.0,2.0,0.35005779420142885
2024_16_DET_CHI_spread,0.5253164556962026,0.0028768699654776,-110.0,spread,2024_16_DET_CHI,0.21,0.006041426927503129,0.0,0.0,0.0,3.0,0.35005779420142885
2024_16_DET_CHI_spread,0.5253164556962026,0.0028768699654776,-110.0,spread,2024_16_DET_CHI,0.21,0.006041426927503129,0.0,0.0,0.0,4.0,0.35005779420142885
2024_16_HOU_KC_spread,0.5146915813986924,-0.0174069809661326,-110.0,spread,2024_16_HOU_KC,0.21,0.0,0.0,0.0,0.0,1.0,0.35005779420142885
2024_15_IND_DEN_spread,0.5275779376498799,0.0071942446043162,-110.0,spread,2024_15_IND_DEN,0.21,0.015107913669064053,0.0,0.0,0.0,1.0,0.35005779420142885
2024_15_GB_SEA_spread,0.520706468370124,-0.0059240149297631,-110.0,spread,2024_15_GB_SEA,0.21,0.0,0.0,0.0,0.0,4.0,0.35005779420142885
2024_15_GB_SEA_spread,0.520706468370124,-0.0059240149297631,-110.0,spread,2024_15_GB_SEA,0.21,0.0,0.0,0.0,0.0,3.0,0.35005779420142885
2024_15_GB_SEA_spread,0.520706468370124,-0.0059240149297631,-110.0,spread,2024_15_GB_SEA,0.21,0.0,0.0,0.0,0.0,2.0,0.35005779420142885
2024_14_GB_DET_spread,0.5129224652087475,-0.0207843846014819,-110.0,spread,2024_14_GB_DET,0.21,0.0,0.0,0.0,0.0,4.0,0.35005779420142885
2024_14_LAC_KC_spread,0.5275779376498799,0.0071942446043162,-110.0,spread,2024_14_LAC_KC,0.21,0.015107913669064053,0.0,0.0,0.0,1.0,0.35005779420142885
2024_14_LAC_KC_spread,0.5129224652087475,-0.0207843846014819,-110.0,spread,2024_14_LAC_KC,0.21,0.0,0.0,0.0,0.0,2.0,0.35005779420142885
2024_14_LAC_KC_spread,0.5275779376498799,0.0071942446043162,-110.0,spread,2024_14_LAC_KC,0.21,0.015107913669064053,0.0,0.0,0.0,3.0,0.35005779420142885
2024_14_LAC_KC_spread,0.5129224652087475,-0.0207843846014819,-110.0,spread,2024_14_LAC_KC,0.21,0.0,0.0,0.0,0.0,4.0,0.35005779420142885
2024_14_LV_TB_spread,0.5275779376498799,0.0071942446043162,-110.0,spread,2024_14_LV_TB,0.21,0.015107913669064053,0.0,0.0,0.0,1.0,0.35005779420142885
2024_15_ATL_LV_spread,0.5275779376498799,0.0071942446043162,-110.0,spread,2024_15_ATL_LV,0.21,0.015107913669064053,0.0,0.0,0.0,1.0,0.35005779420142885
2024_15_ATL_LV_spread,0.5275779376498799,0.0071942446043162,-110.0,spread,2024_15_ATL_LV,0.21,0.015107913669064053,0.0,0.0,0.0,2.0,0.35005779420142885
2024_15_ATL_LV_spread,0.5275779376498799,0.0071942446043162,-110.0,spread,2024_15_ATL_LV,0.21,0.015107913669064053,0.0,0.0,0.0,3.0,0.35005779420142885
2024_15_ATL_LV_spread,0.5275779376498799,0.0071942446043162,-110.0,spread,2024_15_ATL_LV,0.21,0.015107913669064053,0.0,0.0,0.0,4.0,0.35005779420142885
2024_15_CHI_MIN_spread,0.5275779376498799,0.0071942446043162,-110.0,spread,2024_15_CHI_MIN,0.21,0.015107913669064053,0.0,0.0,0.0,1.0,0.35005779420142885
2024_15_CHI_MIN_spread,0.5253164556962026,0.0028768699654776,-110.0,spread,2024_15_CHI_MIN,0.21,0.006041426927503129,0.0,0.0,0.0,2.0,0.35005779420142885
2024_15_CHI_MIN_spread,0.5275779376498799,0.0071942446043162,-110.0,spread,2024_15_CHI_MIN,0.21,0.015107913669064053,0.0,0.0,0.0,3.0,0.35005779420142885
2024_15_CHI_MIN_spread,0.5253164556962026,0.0028768699654776,-110.0,spread,2024_15_CHI_MIN,0.21,0.006041426927503129,0.0,0.0,0.0,4.0,0.35005779420142885
2024_15_GB_SEA_spread,0.520706468370124,-0.0059240149297631,-110.0,spread,2024_15_GB_SEA,0.21,0.0,0.0,0.0,0.0,1.0,0.35005779420142885
2024_16_HOU_KC_spread,0.5129224652087475,-0.0207843846014819,-110.0,spread,2024_16_HOU_KC,0.21,0.0,0.0,0.0,0.0,2.0,0.35005779420142885
2024_16_HOU_KC_spread,0.5146915813986924,-0.0174069809661326,-110.0,spread,2024_16_HOU_KC,0.21,0.0,0.0,0.0,0.0,3.0,0.35005779420142885
2024_16_HOU_KC_spread,0.5129224652087475,-0.0207843846014819,-110.0,spread,2024_16_HOU_KC,0.21,0.0,0.0,0.0,0.0,4.0,0.35005779420142885
2024_18_CAR_ATL_spread,0.5275779376498799,0.0071942446043162,-110.0,spread,2024_18_CAR_ATL,0.21,0.015107913669064053,0.0,0.0,0.0,1.0,0.35005779420142885
2024_18_CAR_ATL_spread,0.5275779376498799,0.0071942446043162,-110.0,spread,2024_18_CAR_ATL,0.21,0.015107913669064053,0.0,0.0,0.0,3.0,0.35005779420142885
2024_18_CAR_ATL_spread,0.5266456537964608,0.0054144299750615,-110.0,spread,2024_18_CAR_ATL,0.21,0.011370302947629217,0.0,0.0,0.0,4.0,0.35005779420142885
2024_18_CHI_GB_spread,0.5275779376498799,0.0071942446043162,-110.0,spread,2024_18_CHI_GB,0.21,0.015107913669064053,0.0,0.0,0.0,1.0,0.35005779420142885
2024_18_CHI_GB_spread,0.5275779376498799,0.0071942446043162,-110.0,spread,2024_18_CHI_GB,0.21,0.015107913669064053,0.0,0.0,0.0,2.0,0.35005779420142885
2024_18_CHI_GB_spread,0.5275779376498799,0.0071942446043162,-110.0,spread,2024_18_CHI_GB,0.21,0.015107913669064053,0.0,0.0,0.0,3.0,0.35005779420142885
2024_18_CHI_GB_spread,0.5275779376498799,0.0071942446043162,-110.0,spread,2024_18_CHI_GB,0.21,0.015107913669064053,0.0,0.0,0.0,4.0,0.35005779420142885
2024_18_JAX_IND_spread,0.5146840188188614,-0.0174214186185373,-110.0,spread,2024_18_JAX_IND,0.21,0.0,0.0,0.0,0.0,1.0,0.35005779420142885
2024_18_JAX_IND_spread,0.5129224652087475,-0.0207843846014819,-110.0,spread,2024_18_JAX_IND,0.21,0.0,0.0,0.0,0.0,2.0,0.35005779420142885
2024_18_JAX_IND_spread,0.5146840188188614,-0.0174214186185373,-110.0,spread,2024_18_JAX_IND,0.21,0.0,0.0,0.0,0.0,3.0,0.35005779420142885
2024_18_JAX_IND_spread,0.5129224652087475,-0.0207843846014819,-110.0,spread,2024_18_JAX_IND,0.21,0.0,0.0,0.0,0.0,4.0,0.35005779420142885
2024_18_KC_DEN_spread,0.5275779376498799,0.0071942446043162,-110.0,spread,2024_18_KC_DEN,0.21,0.015107913669064053,0.0,0.0,0.0,1.0,0.35005779420142885
2024_18_KC_DEN_spread,0.5275779376498799,0.0071942446043162,-110.0,spread,2024_18_KC_DEN,0.21,0.015107913669064053,0.0,0.0,0.0,2.0,0.35005779420142885
2024_18_KC_DEN_spread,0.5275779376498799,0.0071942446043162,-110.0,spread,2024_18_KC_DEN,0.21,0.015107913669064053,0.0,0.0,0.0,3.0,0.35005779420142885
2024_18_KC_DEN_spread,0.5275779376498799,0.0071942446043162,-110.0,spread,2024_18_KC_DEN,0.21,0.015107913669064053,0.0,0.0,0.0,4.0,0.35005779420142885
2024_18_LAC_LV_spread,0.5275779376498799,0.0071942446043162,-110.0,spread,2024_18_LAC_LV,0.21,0.015107913669064053,0.0,0.0,0.0,1.0,0.35005779420142885
2024_18_CAR_ATL_spread,0.5266456537964608,0.0054144299750615,-110.0,spread,2024_18_CAR_ATL,0.21,0.011370302947629217,0.0,0.0,0.0,2.0,0.35005779420142885
2024_17_DET_SF_spread,0.5275779376498799,0.0071942446043162,-110.0,spread,2024_17_DET_SF,0.21,0.015107913669064053,0.0,0.0,0.0,1.0,0.35005779420142885
2024_16_MIN_SEA_spread,0.5129224652087475,-0.0207843846014819,-110.0,spread,2024_16_MIN_SEA,0.21,0.0,0.0,0.0,0.0,1.0,0.35005779420142885
2024_17_CAR_TB_spread,0.5275779376498799,0.0071942446043162,-110.0,spread,2024_17_CAR_TB,0.21,0.015107913669064053,0.0,0.0,0.0,4.0,0.35005779420142885
2024_17_ARI_LA_spread,0.5275779376498799,0.0071942446043162,-110.0,spread,2024_17_ARI_LA,0.21,0.015107913669064053,0.0,0.0,0.0,1.0,0.35005779420142885
2024_17_ARI_LA_spread,0.5213301690071614,-0.0047333137136008,-110.0,spread,2024_17_ARI_LA,0.21,0.0,0.0,0.0,0.0,2.0,0.35005779420142885
2024_17_ARI_LA_spread,0.5275779376498799,0.0071942446043162,-110.0,spread,2024_17_ARI_LA,0.21,0.015107913669064053,0.0,0.0,0.0,3.0,0.35005779420142885
2024_17_ARI_LA_spread,0.5213301690071614,-0.0047333137136008,-110.0,spread,2024_17_ARI_LA,0.21,0.0,0.0,0.0,0.0,4.0,0.35005779420142885
2024_17_ATL_WAS_spread,0.5146814979290517,-0.0174262312263557,-110.0,spread,2024_17_ATL_WAS,0.21,0.0,0.0,0.0,0.0,1.0,0.35005779420142885
2024_17_ATL_WAS_spread,0.5129224652087475,-0.0207843846014819,-110.0,spread,2024_17_ATL_WAS,0.21,0.0,0.0,0.0,0.0,2.0,0.35005779420142885
2024_17_ATL_WAS_spread,0.5146814979290517,-0.0174262312263557,-110.0,spread,2024_17_ATL_WAS,0.21,0.0,0.0,0.0,0.0,3.0,0.35005779420142885
2024_17_ATL_WAS_spread,0.5129224652087475,-0.0207843846014819,-110.0,spread,2024_17_ATL_WAS,0.21,0.0,0.0,0.0,0.0,4.0,0.35005779420142885
2024_17_BAL_HOU_spread,0.5275779376498799,0.0071942446043162,-110.0,spread,2024_17_BAL_HOU,0.21,0.015107913669064053,0.0,0.0,0.0,1.0,0.35005779420142885
2024_17_BAL_HOU_spread,0.5275779376498799,0.0071942446043162,-110.0,spread,2024_17_BAL_HOU,0.21,0.015107913669064053,0.0,0.0,0.0,2.0,0.35005779420142885
2024_17_BAL_HOU_spread,0.5275779376498799,0.0071942446043162,-110.0,spread,2024_17_BAL_HOU,0.21,0.015107913669064053,0.0,0.0,0.0,3.0,0.35005779420142885
2024_17_BAL_HOU_spread,0.5275779376498799,0.0071942446043162,-110.0,spread,2024_17_BAL_HOU,0.21,0.015107913669064053,0.0,0.0,0.0,4.0,0.35005779420142885
2024_17_CAR_TB_spread,0.5275779376498799,0.0071942446043162,-110.0,spread,2024_17_CAR_TB,0.21,0.015107913669064053,0.0,0.0,0.0,1.0,0.35005779420142885
2024_17_CAR_TB_spread,0.5275779376498799,0.0071942446043162,-110.0,spread,2024_17_CAR_TB,0.21,0.015107913669064053,0.0,0.0,0.0,2.0,0.35005779420142885
2024_17_CAR_TB_spread,0.5275779376498799,0.0071942446043162,-110.0,spread,2024_17_CAR_TB,0.21,0.015107913669064053,0.0,0.0,0.0,3.0,0.35005779420142885
2024_06_ATL_CAR_spread,0.5275779376498799,0.0071942446043162,-110.0,spread,2024_06_ATL_CAR,0.21,0.015107913669064053,0.0,0.0,0.0,3.0,0.35005779420142885
2024_06_ATL_CAR_spread,0.5275779376498799,0.0071942446043162,-110.0,spread,2024_06_ATL_CAR,0.21,0.015107913669064053,0.0,0.0,0.0,2.0,0.35005779420142885
2024_06_ATL_CAR_spread,0.5275779376498799,0.0071942446043162,-110.0,spread,2024_06_ATL_CAR,0.21,0.015107913669064053,0.0,0.0,0.0,1.0,0.35005779420142885
2023_18_DEN_LV_spread,0.5129224652087475,-0.0207843846014819,-110.0,spread,2023_18_DEN_LV,0.21,0.0,0.0,0.0,0.0,4.0,0.35005779420142885
2023_18_CHI_GB_spread,0.5129224652087475,-0.0207843846014819,-110.0,spread,2023_18_CHI_GB,0.21,0.0,0.0,0.0,0.0,1.0,0.35005779420142885
2023_18_CHI_GB_spread,0.5129224652087475,-0.0207843846014819,-110.0,spread,2023_18_CHI_GB,0.21,0.0,0.0,0.0,0.0,2.0,0.35005779420142885
2023_18_CHI_GB_spread,0.5129224652087475,-0.0207843846014819,-110.0,spread,2023_18_CHI_GB,0.21,0.0,0.0,0.0,0.0,3.0,0.35005779420142885
2023_18_CHI_GB_spread,0.5129224652087475,-0.0207843846014819,-110.0,spread,2023_18_CHI_GB,0.21,0.0,0.0,0.0,0.0,4.0,0.35005779420142885
2023_18_DEN_LV_spread,0.5144845776298238,-0.0178021699794272,-110.0,spread,2023_18_DEN_LV,0.21,0.0,0.0,0.0,0.0,1.0,0.35005779420142885
2023_18_DEN_LV_spread,0.5129224652087475,-0.0207843846014819,-110.0,spread,2023_18_DEN_LV,0.21,0.0,0.0,0.0,0.0,2.0,0.35005779420142885
2023_18_DEN_LV_spread,0.5144845776298238,-0.0178021699794272,-110.0,spread,2023_18_DEN_LV,0.21,0.0,0.0,0.0,0.0,3.0,0.35005779420142885
2023_18_HOU_IND_spread,0.5129224652087475,-0.0207843846014819,-110.0,spread,2023_18_HOU_IND,0.21,0.0,0.0,0.0,0.0,1.0,0.35005779420142885
2023_17_CIN_KC_spread,0.5275779376498799,0.0071942446043162,-110.0,spread,2023_17_CIN_KC,0.21,0.015107913669064053,0.0,0.0,0.0,1.0,0.35005779420142885
2023_19_CLE_HOU_spread,0.5253164556962026,0.0028768699654776,-110.0,spread,2023_19_CLE_HOU,0.21,0.006041426927503129,0.0,0.0,0.0,1.0,0.35005779420142885
2023_19_CLE_HOU_spread,0.5253164556962026,0.0028768699654776,-110.0,spread,2023_19_CLE_HOU,0.21,0.006041426927503129,0.0,0.0,0.0,2.0,0.35005779420142885
2023_19_CLE_HOU_spread,0.5253164556962026,0.0028768699654776,-110.0,spread,2023_19_CLE_HOU,0.21,0.006041426927503129,0.0,0.0,0.0,3.0,0.35005779420142885
2023_19_CLE_HOU_spread,0.5129224652087475,-0.0207843846014819,-110.0,spread,2023_19_CLE_HOU,0.21,0.0,0.0,0.0,0.0,4.0,0.35005779420142885
2023_19_CLE_HOU_spread,0.5129224652087475,-0.0207843846014819,-110.0,spread,2023_19_CLE_HOU,0.21,0.0,0.0,0.0,0.0,5.0,0.35005779420142885
2023_19_CLE_HOU_spread,0.5253164556962026,0.0028768699654776,-110.0,spread,2023_19_CLE_HOU,0.21,0.006041426927503129,0.0,0.0,0.0,6.0,0.35005779420142885
2023_19_CLE_HOU_spread,0.5253164556962026,0.0028768699654776,-110.0,spread,2023_19_CLE_HOU,0.21,0.006041426927503129,0.0,0.0,0.0,7.0,0.35005779420142885
2023_18_BUF_MIA_spread,0.5253164556962026,0.0028768699654776,-110.0,spread,2023_18_BUF_MIA,0.21,0.006041426927503129,0.0,0.0,0.0,4.0,0.35005779420142885
2023_18_BUF_MIA_spread,0.5253164556962026,0.0028768699654776,-110.0,spread,2023_18_BUF_MIA,0.21,0.006041426927503129,0.0,0.0,0.0,3.0,0.35005779420142885
2023_18_BUF_MIA_spread,0.5253164556962026,0.0028768699654776,-110.0,spread,2023_18_BUF_MIA,0.21,0.006041426927503129,0.0,0.0,0.0,2.0,0.35005779420142885
2023_18_BUF_MIA_spread,0.5253164556962026,0.0028768699654776,-110.0,spread,2023_18_BUF_MIA,0.21,0.006041426927503129,0.0,0.0,0.0,1.0,0.35005779420142885
2023_17_CIN_KC_spread,0.5275779376498799,0.0071942446043162,-110.0,spread,2023_17_CIN_KC,0.21,0.015107913669064053,0.0,0.0,0.0,3.0,0.35005779420142885
2023_17_CIN_KC_spread,0.5266043399982442,0.0053355581784662,-110.0,spread,2023_17_CIN_KC,0.21,0.0112046721747791,0.0,0.0,0.0,4.0,0.35005779420142885
2023_17_GB_MIN_spread,0.5129224652087475,-0.0207843846014819,-110.0,spread,2023_17_GB_MIN,0.21,0.0,0.0,0.0,0.0,1.0,0.35005779420142885
2023_17_GB_MIN_spread,0.3581561271606485,-0.3162473936023983,-110.0,spread,2023_17_GB_MIN,0.21,0.0,0.0,0.0,0.0,2.0,0.35005779420142885
2023_17_GB_MIN_spread,0.5129224652087475,-0.0207843846014819,-110.0,spread,2023_17_GB_MIN,0.21,0.0,0.0,0.0,0.0,3.0,0.35005779420142885
2023_17_GB_MIN_spread,0.3581561271606485,-0.3162473936023983,-110.0,spread,2023_17_GB_MIN,0.21,0.0,0.0,0.0,0.0,4.0,0.35005779420142885
2023_17_LA_NYG_spread,0.5275779376498799,0.0071942446043162,-110.0,spread,2023_17_LA_NYG,0.21,0.015107913669064053,0.0,0.0,0.0,1.0,0.35005779420142885
2023_17_LAC_DEN_spread,0.5144795341496474,-0.0178117984415821,-110.0,spread,2023_17_LAC_DEN,0.21,0.0,0.0,0.0,0.0,1.0,0.35005779420142885
2023_17_LAC_DEN_spread,0.5129224652087475,-0.0207843846014819,-110.0,spread,2023_17_LAC_DEN,0.21,0.0,0.0,0.0,0.0,2.0,0.35005779420142885
2023_17_LAC_DEN_spread,0.5144795341496474,-0.0178117984415821,-110.0,spread,2023_17_LAC_DEN,0.21,0.0,0.0,0.0,0.0,3.0,0.35005779420142885
2023_17_LAC_DEN_spread,0.5129224652087475,-0.0207843846014819,-110.0,spread,2023_17_LAC_DEN,0.21,0.0,0.0,0.0,0.0,4.0,0.35005779420142885
2023_18_ATL_NO_spread,0.5144791015260036,-0.0178126243594475,-110.0,spread,2023_18_ATL_NO,0.21,0.0,0.0,0.0,0.0,1.0,0.35005779420142885
2023_18_ATL_NO_spread,0.5129224652087475,-0.0207843846014819,-110.0,spread,2023_18_ATL_NO,0.21,0.0,0.0,0.0,0.0,2.0,0.35005779420142885
2023_18_ATL_NO_spread,0.5144791015260036,-0.0178126243594475,-110.0,spread,2023_18_ATL_NO,0.21,0.0,0.0,0.0,0.0,3.0,0.35005779420142885
2023_18_ATL_NO_spread,0.5129224652087475,-0.0207843846014819,-110.0,spread,2023_18_ATL_NO,0.21,0.0,0.0,0.0,0.0,4.0,0.35005779420142885
2023_19_CLE_HOU_spread,0.5253164556962026,0.0028768699654776,-110.0,spread,2023_19_CLE_HOU,0.21,0.006041426927503129,0.0,0.0,0.0,8.0,0.35005779420142885
2023_19_CLE_HOU_spread,0.5129224652087475,-0.0207843846014819,-110.0,spread,2023_19_CLE_HOU,0.21,0.0,0.0,0.0,0.0,9.0,0.35005779420142885
2023_19_CLE_HOU_spread,0.5129224652087475,-0.0207843846014819,-110.0,spread,2023_19_CLE_HOU,0.21,0.0,0.0,0.0,0.0,10.0,0.35005779420142885
2023_19_PHI_TB_spread,0.5253164556962026,0.0028768699654776,-110.0,spread,2023_19_PHI_TB,0.21,0.006041426927503129,0.0,0.0,0.0,4.0,0.35005779420142885
2023_19_PIT_BUF_spread,0.5275779376498799,0.0071942446043162,-110.0,spread,2023_19_PIT_BUF,0.21,0.015107913669064053,0.0,0.0,0.0,2.0,0.35005779420142885
2023_19_PIT_BUF_spread,0.5275779376498799,0.0071942446043162,-110.0,spread,2023_19_PIT_BUF,0.21,0.015107913669064053,0.0,0.0,0.0,3.0,0.35005779420142885
2023_19_PIT_BUF_spread,0.5275779376498799,0.0071942446043162,-110.0,spread,2023_19_PIT_BUF,0.21,0.015107913669064053,0.0,0.0,0.0,4.0,0.35005779420142885
2023_20_GB_SF_spread,0.5275779376498799,0.0071942446043162,-110.0,spread,2023_20_GB_SF,0.21,0.015107913669064053,0.0,0.0,0.0,1.0,0.35005779420142885
2023_20_GB_SF_spread,0.5275779376498799,0.0071942446043162,-110.0,spread,2023_20_GB_SF,0.21,0.015107913669064053,0.0,0.0,0.0,2.0,0.35005779420142885
2023_20_GB_SF_spread,0.5275779376498799,0.0071942446043162,-110.0,spread,2023_20_GB_SF,0.21,0.015107913669064053,0.0,0.0,0.0,3.0,0.35005779420142885
2023_20_GB_SF_spread,0.5275779376498799,0.0071942446043162,-110.0,spread,2023_20_GB_SF,0.21,0.015107913669064053,0.0,0.0,0.0,4.0,0.35005779420142885
2023_20_HOU_BAL_spread,0.5275779376498799,0.0071942446043162,-110.0,spread,2023_20_HOU_BAL,0.21,0.015107913669064053,0.0,0.0,0.0,1.0,0.35005779420142885
2023_20_HOU_BAL_spread,0.5275779376498799,0.0071942446043162,-110.0,spread,2023_20_HOU_BAL,0.21,0.015107913669064053,0.0,0.0,0.0,2.0,0.35005779420142885
2023_20_HOU_BAL_spread,0.5275779376498799,0.0071942446043162,-110.0,spread,2023_20_HOU_BAL,0.21,0.015107913669064053,0.0,0.0,0.0,3.0,0.35005779420142885
2023_20_HOU_BAL_spread,0.5275779376498799,0.0071942446043162,-110.0,spread,2023_20_HOU_BAL,0.21,0.015107913669064053,0.0,0.0,0.0,4.0,0.35005779420142885
2023_20_HOU_BAL_spread,0.5275779376498799,0.0071942446043162,-110.0,spread,2023_20_HOU_BAL,0.21,0.015107913669064053,0.0,0.0,0.0,5.0,0.35005779420142885
2023_20_HOU_BAL_spread,0.5275779376498799,0.0071942446043162,-110.0,spread,2023_20_HOU_BAL,0.21,0.015107913669064053,0.0,0.0,0.0,6.0,0.35005779420142885
2023_20_HOU_BAL_spread,0.5275779376498799,0.0071942446043162,-110.0,spread,2023_20_HOU_BAL,0.21,0.015107913669064053,0.0,0.0,0.0,7.0,0.35005779420142885
2023_20_HOU_BAL_spread,0.5275779376498799,0.0071942446043162,-110.0,spread,2023_20_HOU_BAL,0.21,0.015107913669064053,0.0,0.0,0.0,8.0,0.35005779420142885
2023_19_PIT_BUF_spread,0.5275779376498799,0.0071942446043162,-110.0,spread,2023_19_PIT_BUF,0.21,0.015107913669064053,0.0,0.0,0.0,1.0,0.35005779420142885
2023_19_PHI_TB_spread,0.5253164556962026,0.0028768699654776,-110.0,spread,2023_19_PHI_TB,0.21,0.006041426927503129,0.0,0.0,0.0,3.0,0.35005779420142885
2023_19_CLE_HOU_spread,0.5253164556962026,0.0028768699654776,-110.0,spread,2023_19_CLE_HOU,0.21,0.006041426927503129,0.0,0.0,0.0,11.0,0.35005779420142885
2023_19_PHI_TB_spread,0.5253164556962026,0.0028768699654776,-110.0,spread,2023_19_PHI_TB,0.21,0.006041426927503129,0.0,0.0,0.0,2.0,0.35005779420142885
2023_19_CLE_HOU_spread,0.5253164556962026,0.0028768699654776,-110.0,spread,2023_19_CLE_HOU,0.21,0.006041426927503129,0.0,0.0,0.0,12.0,0.35005779420142885
2023_19_CLE_HOU_spread,0.5253164556962026,0.0028768699654776,-110.0,spread,2023_19_CLE_HOU,0.21,0.006041426927503129,0.0,0.0,0.0,13.0,0.35005779420142885
2023_19_CLE_HOU_spread,0.5129224652087475,-0.0207843846014819,-110.0,spread,2023_19_CLE_HOU,0.21,0.0,0.0,0.0,0.0,14.0,0.35005779420142885
2023_19_CLE_HOU_spread,0.5129224652087475,-0.0207843846014819,-110.0,spread,2023_19_CLE_HOU,0.21,0.0,0.0,0.0,0.0,15.0,0.35005779420142885
2023_19_CLE_HOU_spread,0.5253164556962026,0.0028768699654776,-110.0,spread,2023_19_CLE_HOU,0.21,0.006041426927503129,0.0,0.0,0.0,16.0,0.35005779420142885
2023_19_CLE_HOU_spread,0.5253164556962026,0.0028768699654776,-110.0,spread,2023_19_CLE_HOU,0.21,0.006041426927503129,0.0,0.0,0.0,17.0,0.35005779420142885
2023_19_CLE_HOU_spread,0.5253164556962026,0.0028768699654776,-110.0,spread,2023_19_CLE_HOU,0.21,0.006041426927503129,0.0,0.0,0.0,18.0,0.35005779420142885
2023_19_CLE_HOU_spread,0.5129224652087475,-0.0207843846014819,-110.0,spread,2023_19_CLE_HOU,0.21,0.0,0.0,0.0,0.0,19.0,0.35005779420142885
2023_19_CLE_HOU_spread,0.5129224652087475,-0.0207843846014819,-110.0,spread,2023_19_CLE_HOU,0.21,0.0,0.0,0.0,0.0,20.0,0.35005779420142885
2023_19_CLE_HOU_spread,0.5253164556962026,0.0028768699654776,-110.0,spread,2023_19_CLE_HOU,0.21,0.006041426927503129,0.0,0.0,0.0,21.0,0.35005779420142885
2023_19_CLE_HOU_spread,0.5253164556962026,0.0028768699654776,-110.0,spread,2023_19_CLE_HOU,0.21,0.006041426927503129,0.0,0.0,0.0,22.0,0.35005779420142885
2023_19_CLE_HOU_spread,0.5253164556962026,0.0028768699654776,-110.0,spread,2023_19_CLE_HOU,0.21,0.006041426927503129,0.0,0.0,0.0,23.0,0.35005779420142885
2023_19_CLE_HOU_spread,0.5129224652087475,-0.0207843846014819,-110.0,spread,2023_19_CLE_HOU,0.21,0.0,0.0,0.0,0.0,24.0,0.35005779420142885
2023_19_CLE_HOU_spread,0.5129224652087475,-0.0207843846014819,-110.0,spread,2023_19_CLE_HOU,0.21,0.0,0.0,0.0,0.0,25.0,0.35005779420142885
2023_19_PHI_TB_spread,0.5253164556962026,0.0028768699654776,-110.0,spread,2023_19_PHI_TB,0.21,0.006041426927503129,0.0,0.0,0.0,1.0,0.35005779420142885
2023_17_CIN_KC_spread,0.5266043399982442,0.0053355581784662,-110.0,spread,2023_17_CIN_KC,0.21,0.0112046721747791,0.0,0.0,0.0,2.0,0.35005779420142885
2023_17_ATL_CHI_spread,0.5129224652087475,-0.0207843846014819,-110.0,spread,2023_17_ATL_CHI,0.21,0.0,0.0,0.0,0.0,4.0,0.35005779420142885
2024_05_NYJ_MIN_spread,0.5129224652087475,-0.0207843846014819,-110.0,spread,2024_05_NYJ_MIN,0.21,0.0,0.0,0.0,0.0,1.0,0.35005779420142885
2023_14_DEN_LAC_spread,0.5129224652087475,-0.0207843846014819,-110.0,spread,2023_14_DEN_LAC,0.21,0.0,0.0,0.0,0.0,2.0,0.35005779420142885
2023_13_SEA_DAL_spread,0.5275779376498799,0.0071942446043162,-110.0,spread,2023_13_SEA_DAL,0.21,0.015107913669064053,0.0,0.0,0.0,4.0,0.35005779420142885
2023_13_SF_PHI_spread,0.5129224652087475,-0.0207843846014819,-110.0,spread,2023_13_SF_PHI,0.21,0.0,0.0,0.0,0.0,1.0,0.35005779420142885
2023_14_BUF_KC_spread,0.5129224652087475,-0.0207843846014819,-110.0,spread,2023_14_BUF_KC,0.21,0.0,0.0,0.0,0.0,1.0,0.35005779420142885
2023_14_BUF_KC_spread,0.5129224652087475,-0.0207843846014819,-110.0,spread,2023_14_BUF_KC,0.21,0.0,0.0,0.0,0.0,2.0,0.35005779420142885
2023_14_BUF_KC_spread,0.5129224652087475,-0.0207843846014819,-110.0,spread,2023_14_BUF_KC,0.21,0.0,0.0,0.0,0.0,3.0,0.35005779420142885
2023_14_BUF_KC_spread,0.5129224652087475,-0.0207843846014819,-110.0,spread,2023_14_BUF_KC,0.21,0.0,0.0,0.0,0.0,4.0,0.35005779420142885
2023_14_DEN_LAC_spread,0.5129224652087475,-0.0207843846014819,-110.0,spread,2023_14_DEN_LAC,0.21,0.0,0.0,0.0,0.0,1.0,0.35005779420142885
2023_14_DEN_LAC_spread,0.5129224652087475,-0.0207843846014819,-110.0,spread,2023_14_DEN_LAC,0.21,0.0,0.0,0.0,0.0,3.0,0.35005779420142885
2023_17_ATL_CHI_spread,0.5129224652087475,-0.0207843846014819,-110.0,spread,2023_17_ATL_CHI,0.21,0.0,0.0,0.0,0.0,3.0,0.35005779420142885
2023_14_DEN_LAC_spread,0.5129224652087475,-0.0207843846014819,-110.0,spread,2023_14_DEN_LAC,0.21,0.0,0.0,0.0,0.0,4.0,0.35005779420142885
2023_14_GB_NYG_spread,0.5275779376498799,0.0071942446043162,-110.0,spread,2023_14_GB_NYG,0.21,0.015107913669064053,0.0,0.0,0.0,1.0,0.35005779420142885
2023_14_GB_NYG_spread,0.5275779376498799,0.0071942446043162,-110.0,spread,2023_14_GB_NYG,0.21,0.015107913669064053,0.0,0.0,0.0,2.0,0.35005779420142885
2023_14_GB_NYG_spread,0.5275779376498799,0.0071942446043162,-110.0,spread,2023_14_GB_NYG,0.21,0.015107913669064053,0.0,0.0,0.0,3.0,0.35005779420142885
2023_14_GB_NYG_spread,0.5275779376498799,0.0071942446043162,-110.0,spread,2023_14_GB_NYG,0.21,0.015107913669064053,0.0,0.0,0.0,4.0,0.35005779420142885
2023_14_LA_BAL_spread,0.5275779376498799,0.0071942446043162,-110.0,spread,2023_14_LA_BAL,0.21,0.015107913669064053,0.0,0.0,0.0,1.0,0.35005779420142885
2023_14_LA_BAL_spread,0.526602512675829,0.0053320696538554,-110.0,spread,2023_14_LA_BAL,0.21,0.011197346273096319,0.0,0.0,0.0,2.0,0.35005779420142885
2023_13_SEA_DAL_spread,0.5275779376498799,0.0071942446043162,-110.0,spread,2023_13_SEA_DAL,0.21,0.015107913669064053,0.0,0.0,0.0,3.0,0.35005779420142885
2023_13_SEA_DAL_spread,0.5275779376498799,0.0071942446043162,-110.0,spread,2023_13_SEA_DAL,0.21,0.015107913669064053,0.0,0.0,0.0,2.0,0.35005779420142885
2023_13_SEA_DAL_spread,0.5275779376498799,0.0071942446043162,-110.0,spread,2023_13_SEA_DAL,0.21,0.015107913669064053,0.0,0.0,0.0,1.0,0.35005779420142885
2023_13_KC_GB_spread,0.5129224652087475,-0.0207843846014819,-110.0,spread,2023_13_KC_GB,0.21,0.0,0.0,0.0,0.0,4.0,0.35005779420142885
2022_02_IND_JAX_spread,0.5136706211543234,-0.0193560868872007,-110.0,spread,2022_02_IND_JAX,0.21,0.0,0.0,0.0,0.0,2.0,0.35005779420142885
2023_12_GB_DET_spread,0.5275779376498799,0.0071942446043162,-110.0,spread,2023_12_GB_DET,0.21,0.015107913669064053,0.0,0.0,0.0,3.0,0.35005779420142885
2023_12_GB_DET_spread,0.5275779376498799,0.0071942446043162,-110.0,spread,2023_12_GB_DET,0.21,0.015107913669064053,0.0,0.0,0.0,4.0,0.35005779420142885
2023_12_JAX_HOU_spread,0.5129224652087475,-0.0207843846014819,-110.0,spread,2023_12_JAX_HOU,0.21,0.0,0.0,0.0,0.0,1.0,0.35005779420142885
2023_13_ARI_PIT_spread,0.5275779376498799,0.0071942446043162,-110.0,spread,2023_13_ARI_PIT,0.21,0.015107913669064053,0.0,0.0,0.0,1.0,0.35005779420142885
2023_13_ARI_PIT_spread,0.5129224652087475,-0.0207843846014819,-110.0,spread,2023_13_ARI_PIT,0.21,0.0,0.0,0.0,0.0,2.0,0.35005779420142885
2023_13_ARI_PIT_spread,0.5275779376498799,0.0071942446043162,-110.0,spread,2023_13_ARI_PIT,0.21,0.015107913669064053,0.0,0.0,0.0,3.0,0.35005779420142885
2023_13_ARI_PIT_spread,0.5129224652087475,-0.0207843846014819,-110.0,spread,2023_13_ARI_PIT,0.21,0.0,0.0,0.0,0.0,4.0,0.35005779420142885
2023_13_DEN_HOU_spread,0.5144593656517622,-0.0178503019375448,-110.0,spread,2023_13_DEN_HOU,0.21,0.0,0.0,0.0,0.0,1.0,0.35005779420142885
2023_13_DEN_HOU_spread,0.5129224652087475,-0.0207843846014819,-110.0,spread,2023_13_DEN_HOU,0.21,0.0,0.0,0.0,0.0,2.0,0.35005779420142885
2023_13_DEN_HOU_spread,0.5144593656517622,-0.0178503019375448,-110.0,spread,2023_13_DEN_HOU,0.21,0.0,0.0,0.0,0.0,3.0,0.35005779420142885
2023_13_DEN_HOU_spread,0.5129224652087475,-0.0207843846014819,-110.0,spread,2023_13_DEN_HOU,0.21,0.0,0.0,0.0,0.0,4.0,0.35005779420142885
2023_13_KC_GB_spread,0.5129224652087475,-0.0207843846014819,-110.0,spread,2023_13_KC_GB,0.21,0.0,0.0,0.0,0.0,1.0,0.35005779420142885
2023_13_KC_GB_spread,0.5129224652087475,-0.0207843846014819,-110.0,spread,2023_13_KC_GB,0.21,0.0,0.0,0.0,0.0,2.0,0.35005779420142885
2023_13_KC_GB_spread,0.5129224652087475,-0.0207843846014819,-110.0,spread,2023_13_KC_GB,0.21,0.0,0.0,0.0,0.0,3.0,0.35005779420142885
2023_14_LA_BAL_spread,0.5275779376498799,0.0071942446043162,-110.0,spread,2023_14_LA_BAL,0.21,0.015107913669064053,0.0,0.0,0.0,3.0,0.35005779420142885
2023_14_LA_BAL_spread,0.526602512675829,0.0053320696538554,-110.0,spread,2023_14_LA_BAL,0.21,0.011197346273096319,0.0,0.0,0.0,4.0,0.35005779420142885
2023_14_MIN_LV_spread,0.5129224652087475,-0.0207843846014819,-110.0,spread,2023_14_MIN_LV,0.21,0.0,0.0,0.0,0.0,1.0,0.35005779420142885
2023_16_ARI_CHI_spread,0.5275779376498799,0.0071942446043162,-110.0,spread,2023_16_ARI_CHI,0.21,0.015107913669064053,0.0,0.0,0.0,3.0,0.35005779420142885
2023_16_BAL_SF_spread,0.5275779376498799,0.0071942446043162,-110.0,spread,2023_16_BAL_SF,0.21,0.015107913669064053,0.0,0.0,0.0,1.0,0.35005779420142885
2023_16_BAL_SF_spread,0.5211091902111543,-0.0051551823241599,-110.0,spread,2023_16_BAL_SF,0.21,0.0,0.0,0.0,0.0,2.0,0.35005779420142885
2023_16_BAL_SF_spread,0.5275779376498799,0.0071942446043162,-110.0,spread,2023_16_BAL_SF,0.21,0.015107913669064053,0.0,0.0,0.0,3.0,0.35005779420142885
2023_16_BAL_SF_spread,0.5211091902111543,-0.0051551823241599,-110.0,spread,2023_16_BAL_SF,0.21,0.0,0.0,0.0,0.0,4.0,0.35005779420142885
2023_16_CIN_PIT_spread,0.5275779376498799,0.0071942446043162,-110.0,spread,2023_16_CIN_PIT,0.21,0.015107913669064053,0.0,0.0,0.0,1.0,0.35005779420142885
2023_16_CIN_PIT_spread,0.5275779376498799,0.0071942446043162,-110.0,spread,2023_16_CIN_PIT,0.21,0.015107913669064053,0.0,0.0,0.0,2.0,0.35005779420142885
2023_16_CIN_PIT_spread,0.5275779376498799,0.0071942446043162,-110.0,spread,2023_16_CIN_PIT,0.21,0.015107913669064053,0.0,0.0,0.0,3.0,0.35005779420142885
2023_16_CIN_PIT_spread,0.5275779376498799,0.0071942446043162,-110.0,spread,2023_16_CIN_PIT,0.21,0.015107913669064053,0.0,0.0,0.0,4.0,0.35005779420142885
2023_16_DET_MIN_spread,0.5253164556962026,0.0028768699654776,-110.0,spread,2023_16_DET_MIN,0.21,0.006041426927503129,0.0,0.0,0.0,1.0,0.35005779420142885
2023_16_DET_MIN_spread,0.5253164556962026,0.0028768699654776,-110.0,spread,2023_16_DET_MIN,0.21,0.006041426927503129,0.0,0.0,0.0,2.0,0.35005779420142885
2023_16_DET_MIN_spread,0.5253164556962026,0.0028768699654776,-110.0,spread,2023_16_DET_MIN,0.21,0.006041426927503129,0.0,0.0,0.0,3.0,0.35005779420142885
2023_16_DET_MIN_spread,0.5253164556962026,0.0028768699654776,-110.0,spread,2023_16_DET_MIN,0.21,0.006041426927503129,0.0,0.0,0.0,4.0,0.35005779420142885
2023_16_GB_CAR_spread,0.5129224652087475,-0.0207843846014819,-110.0,spread,2023_16_GB_CAR,0.21,0.0,0.0,0.0,0.0,1.0,0.35005779420142885
2023_17_ATL_CHI_spread,0.5129224652087475,-0.0207843846014819,-110.0,spread,2023_17_ATL_CHI,0.21,0.0,0.0,0.0,0.0,1.0,0.35005779420142885
2023_17_ATL_CHI_spread,0.5129224652087475,-0.0207843846014819,-110.0,spread,2023_17_ATL_CHI,0.21,0.0,0.0,0.0,0.0,2.0,0.35005779420142885
2023_16_ARI_CHI_spread,0.5129224652087475,-0.0207843846014819,-110.0,spread,2023_16_ARI_CHI,0.21,0.0,0.0,0.0,0.0,4.0,0.35005779420142885
2023_16_ARI_CHI_spread,0.5129224652087475,-0.0207843846014819,-110.0,spread,2023_16_ARI_CHI,0.21,0.0,0.0,0.0,0.0,2.0,0.35005779420142885
2023_15_DAL_BUF_spread,0.5129224652087475,-0.0207843846014819,-110.0,spread,2023_15_DAL_BUF,0.21,0.0,0.0,0.0,0.0,1.0,0.35005779420142885
2023_16_ARI_CHI_spread,0.5275779376498799,0.0071942446043162,-110.0,spread,2023_16_ARI_CHI,0.21,0.015107913669064053,0.0,0.0,0.0,1.0,0.35005779420142885
2023_15_DAL_BUF_spread,0.5129224652087475,-0.0207843846014819,-110.0,spread,2023_15_DAL_BUF,0.21,0.0,0.0,0.0,0.0,2.0,0.35005779420142885
2023_15_DAL_BUF_spread,0.5129224652087475,-0.0207843846014819,-110.0,spread,2023_15_DAL_BUF,0.21,0.0,0.0,0.0,0.0,3.0,0.35005779420142885
2023_15_DAL_BUF_spread,0.5129224652087475,-0.0207843846014819,-110.0,spread,2023_15_DAL_BUF,0.21,0.0,0.0,0.0,0.0,4.0,0.35005779420142885
2023_15_DEN_DET_spread,0.5275779376498799,0.0071942446043162,-110.0,spread,2023_15_DEN_DET,0.21,0.015107913669064053,0.0,0.0,0.0,1.0,0.35005779420142885
2023_15_DEN_DET_spread,0.5129224652087475,-0.0207843846014819,-110.0,spread,2023_15_DEN_DET,0.21,0.0,0.0,0.0,0.0,2.0,0.35005779420142885
2023_15_DEN_DET_spread,0.5275779376498799,0.0071942446043162,-110.0,spread,2023_15_DEN_DET,0.21,0.015107913669064053,0.0,0.0,0.0,3.0,0.35005779420142885
2023_15_DEN_DET_spread,0.5129224652087475,-0.0207843846014819,-110.0,spread,2023_15_DEN_DET,0.21,0.0,0.0,0.0,0.0,4.0,0.35005779420142885
2023_15_HOU_TEN_spread,0.5129224652087475,-0.0207843846014819,-110.0,spread,2023_15_HOU_TEN,0.21,0.0,0.0,0.0,0.0,1.0,0.35005779420142885
2023_15_HOU_TEN_spread,0.5129224652087475,-0.0207843846014819,-110.0,spread,2023_15_HOU_TEN,0.21,0.0,0.0,0.0,0.0,2.0,0.35005779420142885
2023_15_HOU_TEN_spread,0.5129224652087475,-0.0207843846014819,-110.0,spread,2023_15_HOU_TEN,0.21,0.0,0.0,0.0,0.0,3.0,0.35005779420142885
2023_15_HOU_TEN_spread,0.5129224652087475,-0.0207843846014819,-110.0,spread,2023_15_HOU_TEN,0.21,0.0,0.0,0.0,0.0,4.0,0.35005779420142885
2023_15_KC_NE_spread,0.56,0.0690909090909092,-110.0,spread,2023_15_KC_NE,0.21,0.14509090909090944,0.03046909090909098,0.022851818181818237,0.0,2.0,0.35005779420142885
2023_15_KC_NE_spread,0.56,0.0690909090909092,-110.0,spread,2023_15_KC_NE,0.21,0.14509090909090944,0.03046909090909098,0.022851818181818237,0.0,3.0,0.35005779420142885
2023_15_KC_NE_spread,0.56,0.0690909090909092,-110.0,spread,2023_15_KC_NE,0.21,0.14509090909090944,0.03046909090909098,0.022851818181818237,0.0,4.0,0.35005779420142885
2023_15_LAC_LV_spread,0.5129224652087475,-0.0207843846014819,-110.0,spread,2023_15_LAC_LV,0.21,0.0,0.0,0.0,0.0,1.0,0.35005779420142885
2023_20_HOU_BAL_spread,0.5275779376498799,0.0071942446043162,-110.0,spread,2023_20_HOU_BAL,0.21,0.015107913669064053,0.0,0.0,0.0,9.0,0.35005779420142885
2023_20_HOU_BAL_spread,0.5275779376498799,0.0071942446043162,-110.0,spread,2023_20_HOU_BAL,0.21,0.015107913669064053,0.0,0.0,0.0,10.0,0.35005779420142885
2023_20_HOU_BAL_spread,0.5275779376498799,0.0071942446043162,-110.0,spread,2023_20_HOU_BAL,0.21,0.015107913669064053,0.0,0.0,0.0,11.0,0.35005779420142885
2024_03_CAR_LV_spread,0.5129224652087475,-0.0207843846014819,-110.0,spread,2024_03_CAR_LV,0.21,0.0,0.0,0.0,0.0,4.0,0.35005779420142885
2024_02_NO_DAL_spread,0.5154356662748135,-0.0159864552935377,-110.0,spread,2024_02_NO_DAL,0.21,0.0,0.0,0.0,0.0,2.0,0.35005779420142885
2024_02_NO_DAL_spread,0.5275779376498799,0.0071942446043162,-110.0,spread,2024_02_NO_DAL,0.21,0.015107913669064053,0.0,0.0,0.0,3.0,0.35005779420142885
2024_02_NO_DAL_spread,0.5154356662748135,-0.0159864552935377,-110.0,spread,2024_02_NO_DAL,0.21,0.0,0.0,0.0,0.0,4.0,0.35005779420142885
2024_02_SEA_NE_spread,0.5129224652087475,-0.0207843846014819,-110.0,spread,2024_02_SEA_NE,0.21,0.0,0.0,0.0,0.0,1.0,0.35005779420142885
2024_03_CAR_LV_spread,0.5275779376498799,0.0071942446043162,-110.0,spread,2024_03_CAR_LV,0.21,0.015107913669064053,0.0,0.0,0.0,1.0,0.35005779420142885
2024_03_CAR_LV_spread,0.5129224652087475,-0.0207843846014819,-110.0,spread,2024_03_CAR_LV,0.21,0.0,0.0,0.0,0.0,2.0,0.35005779420142885
2024_03_CAR_LV_spread,0.5275779376498799,0.0071942446043162,-110.0,spread,2024_03_CAR_LV,0.21,0.015107913669064053,0.0,0.0,0.0,3.0,0.35005779420142885
2024_03_DEN_TB_spread,0.5275779376498799,0.0071942446043162,-110.0,spread,2024_03_DEN_TB,0.21,0.015107913669064053,0.0,0.0,0.0,1.0,0.35005779420142885
2023_20_HOU_BAL_spread,0.5275779376498799,0.0071942446043162,-110.0,spread,2023_20_HOU_BAL,0.21,0.015107913669064053,0.0,0.0,0.0,12.0,0.35005779420142885
2024_03_DEN_TB_spread,0.5129224652087475,-0.0207843846014819,-110.0,spread,2024_03_DEN_TB,0.21,0.0,0.0,0.0,0.0,2.0,0.35005779420142885
2024_03_DEN_TB_spread,0.5275779376498799,0.0071942446043162,-110.0,spread,2024_03_DEN_TB,0.21,0.015107913669064053,0.0,0.0,0.0,3.0,0.35005779420142885
2024_03_DEN_TB_spread,0.5129224652087475,-0.0207843846014819,-110.0,spread,2024_03_DEN_TB,0.21,0.0,0.0,0.0,0.0,4.0,0.35005779420142885
2024_03_HOU_MIN_spread,0.5129224652087475,-0.0207843846014819,-110.0,spread,2024_03_HOU_MIN,0.21,0.0,0.0,0.0,0.0,1.0,0.35005779420142885
2024_03_HOU_MIN_spread,0.5129224652087475,-0.0207843846014819,-110.0,spread,2024_03_HOU_MIN,0.21,0.0,0.0,0.0,0.0,2.0,0.35005779420142885
2024_03_HOU_MIN_spread,0.5129224652087475,-0.0207843846014819,-110.0,spread,2024_03_HOU_MIN,0.21,0.0,0.0,0.0,0.0,3.0,0.35005779420142885
2024_03_HOU_MIN_spread,0.5129224652087475,-0.0207843846014819,-110.0,spread,2024_03_HOU_MIN,0.21,0.0,0.0,0.0,0.0,4.0,0.35005779420142885
2024_02_NO_DAL_spread,0.5275779376498799,0.0071942446043162,-110.0,spread,2024_02_NO_DAL,0.21,0.015107913669064053,0.0,0.0,0.0,1.0,0.35005779420142885
2024_02_CIN_KC_spread,0.5154364539329043,-0.0159849515826372,-110.0,spread,2024_02_CIN_KC,0.21,0.0,0.0,0.0,0.0,4.0,0.35005779420142885
2024_02_CIN_KC_spread,0.5275779376498799,0.0071942446043162,-110.0,spread,2024_02_CIN_KC,0.21,0.015107913669064053,0.0,0.0,0.0,3.0,0.35005779420142885
2024_02_CIN_KC_spread,0.5154364539329043,-0.0159849515826372,-110.0,spread,2024_02_CIN_KC,0.21,0.0,0.0,0.0,0.0,2.0,0.35005779420142885
2024_01_CAR_NO_spread,0.5129224652087475,-0.0207843846014819,-110.0,spread,2024_01_CAR_NO,0.21,0.0,0.0,0.0,0.0,16.0,0.35005779420142885
2024_01_DAL_CLE_spread,0.5129224652087475,-0.0207843846014819,-110.0,spread,2024_01_DAL_CLE,0.21,0.0,0.0,0.0,0.0,1.0,0.35005779420142885
2024_01_WAS_TB_spread,0.5272209100896427,0.0065126465347724,-110.0,spread,2024_01_WAS_TB,0.21,0.01367655772302203,0.0,0.0,0.0,1.0,0.35005779420142885
2024_01_WAS_TB_spread,0.5129224652087475,-0.0207843846014819,-110.0,spread,2024_01_WAS_TB,0.21,0.0,0.0,0.0,0.0,2.0,0.35005779420142885
2024_01_WAS_TB_spread,0.5272209100896427,0.0065126465347724,-110.0,spread,2024_01_WAS_TB,0.21,0.01367655772302203,0.0,0.0,0.0,3.0,0.35005779420142885
2024_01_WAS_TB_spread,0.5129224652087475,-0.0207843846014819,-110.0,spread,2024_01_WAS_TB,0.21,0.0,0.0,0.0,0.0,4.0,0.35005779420142885
2024_02_BUF_MIA_spread,0.5129224652087475,-0.0207843846014819,-110.0,spread,2024_02_BUF_MIA,0.21,0.0,0.0,0.0,0.0,1.0,0.35005779420142885
2024_02_BUF_MIA_spread,0.5129224652087475,-0.0207843846014819,-110.0,spread,2024_02_BUF_MIA,0.21,0.0,0.0,0.0,0.0,2.0,0.35005779420142885
2024_02_BUF_MIA_spread,0.5129224652087475,-0.0207843846014819,-110.0,spread,2024_02_BUF_MIA,0.21,0.0,0.0,0.0,0.0,3.0,0.35005779420142885
2024_02_BUF_MIA_spread,0.5129224652087475,-0.0207843846014819,-110.0,spread,2024_02_BUF_MIA,0.21,0.0,0.0,0.0,0.0,4.0,0.35005779420142885
2024_02_CHI_HOU_spread,0.5275779376498799,0.0071942446043162,-110.0,spread,2024_02_CHI_HOU,0.21,0.015107913669064053,0.0,0.0,0.0,1.0,0.35005779420142885
2024_02_CHI_HOU_spread,0.5129224652087475,-0.0207843846014819,-110.0,spread,2024_02_CHI_HOU,0.21,0.0,0.0,0.0,0.0,2.0,0.35005779420142885
2024_02_CHI_HOU_spread,0.5275779376498799,0.0071942446043162,-110.0,spread,2024_02_CHI_HOU,0.21,0.015107913669064053,0.0,0.0,0.0,3.0,0.35005779420142885
2024_02_CHI_HOU_spread,0.5129224652087475,-0.0207843846014819,-110.0,spread,2024_02_CHI_HOU,0.21,0.0,0.0,0.0,0.0,4.0,0.35005779420142885
2024_02_CIN_KC_spread,0.5275779376498799,0.0071942446043162,-110.0,spread,2024_02_CIN_KC,0.21,0.015107913669064053,0.0,0.0,0.0,1.0,0.35005779420142885
2024_03_KC_ATL_spread,0.5129224652087475,-0.0207843846014819,-110.0,spread,2024_03_KC_ATL,0.21,0.0,0.0,0.0,0.0,1.0,0.35005779420142885
2024_03_KC_ATL_spread,0.5129224652087475,-0.0207843846014819,-110.0,spread,2024_03_KC_ATL,0.21,0.0,0.0,0.0,0.0,2.0,0.35005779420142885
2024_03_KC_ATL_spread,0.5129224652087475,-0.0207843846014819,-110.0,spread,2024_03_KC_ATL,0.21,0.0,0.0,0.0,0.0,3.0,0.35005779420142885
2024_04_KC_LAC_spread,0.5275779376498799,0.0071942446043162,-110.0,spread,2024_04_KC_LAC,0.21,0.015107913669064053,0.0,0.0,0.0,1.0,0.35005779420142885
2024_05_BAL_CIN_spread,0.5129224652087475,-0.0207843846014819,-110.0,spread,2024_05_BAL_CIN,0.21,0.0,0.0,0.0,0.0,2.0,0.35005779420142885
2024_05_BAL_CIN_spread,0.5129224652087475,-0.0207843846014819,-110.0,spread,2024_05_BAL_CIN,0.21,0.0,0.0,0.0,0.0,3.0,0.35005779420142885
2024_05_BAL_CIN_spread,0.5129224652087475,-0.0207843846014819,-110.0,spread,2024_05_BAL_CIN,0.21,0.0,0.0,0.0,0.0,4.0,0.35005779420142885
2024_05_CAR_CHI_spread,0.525782231996465,0.0037660792659787,-110.0,spread,2024_05_CAR_CHI,0.21,0.00790876645855541,0.0,0.0,0.0,1.0,0.35005779420142885
2024_05_CAR_CHI_spread,0.5129224652087475,-0.0207843846014819,-110.0,spread,2024_05_CAR_CHI,0.21,0.0,0.0,0.0,0.0,2.0,0.35005779420142885
2024_05_CAR_CHI_spread,0.525782231996465,0.0037660792659787,-110.0,spread,2024_05_CAR_CHI,0.21,0.00790876645855541,0.0,0.0,0.0,3.0,0.35005779420142885
2024_05_CAR_CHI_spread,0.5129224652087475,-0.0207843846014819,-110.0,spread,2024_05_CAR_CHI,0.21,0.0,0.0,0.0,0.0,4.0,0.35005779420142885
2024_05_IND_JAX_spread,0.5146852792632853,-0.0174190123155461,-110.0,spread,2024_05_IND_JAX,0.21,0.0,0.0,0.0,0.0,1.0,0.35005779420142885
2024_05_IND_JAX_spread,0.5129224652087475,-0.0207843846014819,-110.0,spread,2024_05_IND_JAX,0.21,0.0,0.0,0.0,0.0,2.0,0.35005779420142885
2024_05_IND_JAX_spread,0.5146852792632853,-0.0174190123155461,-110.0,spread,2024_05_IND_JAX,0.21,0.0,0.0,0.0,0.0,3.0,0.35005779420142885
2024_05_IND_JAX_spread,0.5129224652087475,-0.0207843846014819,-110.0,spread,2024_05_IND_JAX,0.21,0.0,0.0,0.0,0.0,4.0,0.35005779420142885
2024_05_NYG_SEA_spread,0.5275779376498799,0.0071942446043162,-110.0,spread,2024_05_NYG_SEA,0.21,0.015107913669064053,0.0,0.0,0.0,1.0,0.35005779420142885
2024_05_NYG_SEA_spread,0.5253164556962026,0.0028768699654776,-110.0,spread,2024_05_NYG_SEA,0.21,0.006041426927503129,0.0,0.0,0.0,2.0,0.35005779420142885
2024_05_NYG_SEA_spread,0.5275779376498799,0.0071942446043162,-110.0,spread,2024_05_NYG_SEA,0.21,0.015107913669064053,0.0,0.0,0.0,3.0,0.35005779420142885
2024_05_NYG_SEA_spread,0.5253164556962026,0.0028768699654776,-110.0,spread,2024_05_NYG_SEA,0.21,0.006041426927503129,0.0,0.0,0.0,4.0,0.35005779420142885
2024_05_BAL_CIN_spread,0.5129224652087475,-0.0207843846014819,-110.0,spread,2024_05_BAL_CIN,0.21,0.0,0.0,0.0,0.0,1.0,0.35005779420142885
2024_04_DEN_NYJ_spread,0.5262860909017746,0.0047279917215696,-110.0,spread,2024_04_DEN_NYJ,0.21,0.00992878261529622,0.0,0.0,0.0,4.0,0.35005779420142885
2024_03_KC_ATL_spread,0.5129224652087475,-0.0207843846014819,-110.0,spread,2024_03_KC_ATL,0.21,0.0,0.0,0.0,0.0,4.0,0.35005779420142885
2024_04_DEN_NYJ_spread,0.5275779376498799,0.0071942446043162,-110.0,spread,2024_04_DEN_NYJ,0.21,0.015107913669064053,0.0,0.0,0.0,3.0,0.35005779420142885
2024_03_LAC_PIT_spread,0.5129224652087475,-0.0207843846014819,-110.0,spread,2024_03_LAC_PIT,0.21,0.0,0.0,0.0,0.0,1.0,0.35005779420142885
2024_04_BUF_BAL_spread,0.5129224652087475,-0.0207843846014819,-110.0,spread,2024_04_BUF_BAL,0.21,0.0,0.0,0.0,0.0,1.0,0.35005779420142885
2024_04_BUF_BAL_spread,0.5129224652087475,-0.0207843846014819,-110.0,spread,2024_04_BUF_BAL,0.21,0.0,0.0,0.0,0.0,2.0,0.35005779420142885
2024_04_BUF_BAL_spread,0.5129224652087475,-0.0207843846014819,-110.0,spread,2024_04_BUF_BAL,0.21,0.0,0.0,0.0,0.0,3.0,0.35005779420142885
2024_04_BUF_BAL_spread,0.5129224652087475,-0.0207843846014819,-110.0,spread,2024_04_BUF_BAL,0.21,0.0,0.0,0.0,0.0,4.0,0.35005779420142885
2024_04_CIN_CAR_spread,0.5129224652087475,-0.0207843846014819,-110.0,spread,2024_04_CIN_CAR,0.21,0.0,0.0,0.0,0.0,1.0,0.35005779420142885
2024_04_CIN_CAR_spread,0.5129224652087475,-0.0207843846014819,-110.0,spread,2024_04_CIN_CAR,0.21,0.0,0.0,0.0,0.0,2.0,0.35005779420142885
2024_04_CIN_CAR_spread,0.5129224652087475,-0.0207843846014819,-110.0,spread,2024_04_CIN_CAR,0.21,0.0,0.0,0.0,0.0,3.0,0.35005779420142885
2024_04_CIN_CAR_spread,0.5129224652087475,-0.0207843846014819,-110.0,spread,2024_04_CIN_CAR,0.21,0.0,0.0,0.0,0.0,4.0,0.35005779420142885
2024_04_DAL_NYG_spread,0.5275779376498799,0.0071942446043162,-110.0,spread,2024_04_DAL_NYG,0.21,0.015107913669064053,0.0,0.0,0.0,1.0,0.35005779420142885
2024_04_DAL_NYG_spread,0.5275779376498799,0.0071942446043162,-110.0,spread,2024_04_DAL_NYG,0.21,0.015107913669064053,0.0,0.0,0.0,2.0,0.35005779420142885
2024_04_DAL_NYG_spread,0.5275779376498799,0.0071942446043162,-110.0,spread,2024_04_DAL_NYG,0.21,0.015107913669064053,0.0,0.0,0.0,3.0,0.35005779420142885
2024_04_DAL_NYG_spread,0.5275779376498799,0.0071942446043162,-110.0,spread,2024_04_DAL_NYG,0.21,0.015107913669064053,0.0,0.0,0.0,4.0,0.35005779420142885
2024_04_DEN_NYJ_spread,0.5275779376498799,0.0071942446043162,-110.0,spread,2024_04_DEN_NYJ,0.21,0.015107913669064053,0.0,0.0,0.0,1.0,0.35005779420142885
2024_04_DEN_NYJ_spread,0.5262860909017746,0.0047279917215696,-110.0,spread,2024_04_DEN_NYJ,0.21,0.00992878261529622,0.0,0.0,0.0,2.0,0.35005779420142885
2024_01_CAR_NO_spread,0.5129224652087475,-0.0207843846014819,-110.0,spread,2024_01_CAR_NO,0.21,0.0,0.0,0.0,0.0,15.0,0.35005779420142885
2024_01_CAR_NO_spread,0.5226258440210494,-0.0022597523234511,-110.0,spread,2024_01_CAR_NO,0.21,0.0,0.0,0.0,0.0,14.0,0.35005779420142885
2024_01_CAR_NO_spread,0.5226258440210494,-0.0022597523234511,-110.0,spread,2024_01_CAR_NO,0.21,0.0,0.0,0.0,0.0,13.0,0.35005779420142885
2023_21_DET_SF_spread,0.5266525655244729,0.0054276250921756,-110.0,spread,2023_21_DET_SF,0.21,0.011398012693568986,0.0,0.0,0.0,1.0,0.35005779420142885
2023_21_DET_SF_spread,0.5266525655244729,0.0054276250921756,-110.0,spread,2023_21_DET_SF,0.21,0.011398012693568986,0.0,0.0,0.0,3.0,0.35005779420142885
2023_21_DET_SF_spread,0.5266525655244729,0.0054276250921756,-110.0,spread,2023_21_DET_SF,0.21,0.011398012693568986,0.0,0.0,0.0,4.0,0.35005779420142885
2023_21_KC_BAL_spread,0.5275779376498799,0.0071942446043162,-110.0,spread,2023_21_KC_BAL,0.21,0.015107913669064053,0.0,0.0,0.0,1.0,0.35005779420142885
2023_21_KC_BAL_spread,0.5275779376498799,0.0071942446043162,-110.0,spread,2023_21_KC_BAL,0.21,0.015107913669064053,0.0,0.0,0.0,2.0,0.35005779420142885
2023_21_KC_BAL_spread,0.5275779376498799,0.0071942446043162,-110.0,spread,2023_21_KC_BAL,0.21,0.015107913669064053,0.0,0.0,0.0,3.0,0.35005779420142885
2023_21_KC_BAL_spread,0.5275779376498799,0.0071942446043162,-110.0,spread,2023_21_KC_BAL,0.21,0.015107913669064053,0.0,0.0,0.0,4.0,0.35005779420142885
2023_21_KC_BAL_spread,0.5129224652087475,-0.0207843846014819,-110.0,spread,2023_21_KC_BAL,0.21,0.0,0.0,0.0,0.0,5.0,0.35005779420142885
2023_21_KC_BAL_spread,0.5129224652087475,-0.0207843846014819,-110.0,spread,2023_21_KC_BAL,0.21,0.0,0.0,0.0,0.0,6.0,0.35005779420142885
2023_21_KC_BAL_spread,0.5275779376498799,0.0071942446043162,-110.0,spread,2023_21_KC_BAL,0.21,0.015107913669064053,0.0,0.0,0.0,7.0,0.35005779420142885
2023_21_KC_BAL_spread,0.5275779376498799,0.0071942446043162,-110.0,spread,2023_21_KC_BAL,0.21,0.015107913669064053,0.0,0.0,0.0,8.0,0.35005779420142885
2023_21_KC_BAL_spread,0.5275779376498799,0.0071942446043162,-110.0,spread,2023_21_KC_BAL,0.21,0.015107913669064053,0.0,0.0,0.0,9.0,0.35005779420142885
2023_21_KC_BAL_spread,0.5275779376498799,0.0071942446043162,-110.0,spread,2023_21_KC_BAL,0.21,0.015107913669064053,0.0,0.0,0.0,10.0,0.35005779420142885
2023_21_KC_BAL_spread,0.5129224652087475,-0.0207843846014819,-110.0,spread,2023_21_KC_BAL,0.21,0.0,0.0,0.0,0.0,11.0,0.35005779420142885
2023_21_KC_BAL_spread,0.5129224652087475,-0.0207843846014819,-110.0,spread,2023_21_KC_BAL,0.21,0.0,0.0,0.0,0.0,12.0,0.35005779420142885
2023_21_KC_BAL_spread,0.5275779376498799,0.0071942446043162,-110.0,spread,2023_21_KC_BAL,0.21,0.015107913669064053,0.0,0.0,0.0,13.0,0.35005779420142885
2023_21_DET_SF_spread,0.5266525655244729,0.0054276250921756,-110.0,spread,2023_21_DET_SF,0.21,0.011398012693568986,0.0,0.0,0.0,2.0,0.35005779420142885
2023_20_KC_BUF_spread,0.5129224652087475,-0.0207843846014819,-110.0,spread,2023_20_KC_BUF,0.21,0.0,0.0,0.0,0.0,4.0,0.35005779420142885
2023_21_KC_BAL_spread,0.5275779376498799,0.0071942446043162,-110.0,spread,2023_21_KC_BAL,0.21,0.015107913669064053,0.0,0.0,0.0,15.0,0.35005779420142885
2023_20_KC_BUF_spread,0.5129224652087475,-0.0207843846014819,-110.0,spread,2023_20_KC_BUF,0.21,0.0,0.0,0.0,0.0,3.0,0.35005779420142885
2023_20_HOU_BAL_spread,0.5275779376498799,0.0071942446043162,-110.0,spread,2023_20_HOU_BAL,0.21,0.015107913669064053,0.0,0.0,0.0,13.0,0.35005779420142885
2023_20_HOU_BAL_spread,0.5275779376498799,0.0071942446043162,-110.0,spread,2023_20_HOU_BAL,0.21,0.015107913669064053,0.0,0.0,0.0,14.0,0.35005779420142885
2023_20_HOU_BAL_spread,0.5275779376498799,0.0071942446043162,-110.0,spread,2023_20_HOU_BAL,0.21,0.015107913669064053,0.0,0.0,0.0,15.0,0.35005779420142885
2023_20_HOU_BAL_spread,0.5275779376498799,0.0071942446043162,-110.0,spread,2023_20_HOU_BAL,0.21,0.015107913669064053,0.0,0.0,0.0,16.0,0.35005779420142885
2023_20_HOU_BAL_spread,0.5275779376498799,0.0071942446043162,-110.0,spread,2023_20_HOU_BAL,0.21,0.015107913669064053,0.0,0.0,0.0,17.0,0.35005779420142885
2023_20_HOU_BAL_spread,0.5275779376498799,0.0071942446043162,-110.0,spread,2023_20_HOU_BAL,0.21,0.015107913669064053,0.0,0.0,0.0,18.0,0.35005779420142885
2023_20_HOU_BAL_spread,0.5275779376498799,0.0071942446043162,-110.0,spread,2023_20_HOU_BAL,0.21,0.015107913669064053,0.0,0.0,0.0,19.0,0.35005779420142885
2023_20_HOU_BAL_spread,0.5275779376498799,0.0071942446043162,-110.0,spread,2023_20_HOU_BAL,0.21,0.015107913669064053,0.0,0.0,0.0,20.0,0.35005779420142885
2023_20_HOU_BAL_spread,0.5275779376498799,0.0071942446043162,-110.0,spread,2023_20_HOU_BAL,0.21,0.015107913669064053,0.0,0.0,0.0,21.0,0.35005779420142885
2023_20_HOU_BAL_spread,0.5275779376498799,0.0071942446043162,-110.0,spread,2023_20_HOU_BAL,0.21,0.015107913669064053,0.0,0.0,0.0,22.0,0.35005779420142885
2023_20_HOU_BAL_spread,0.5275779376498799,0.0071942446043162,-110.0,spread,2023_20_HOU_BAL,0.21,0.015107913669064053,0.0,0.0,0.0,23.0,0.35005779420142885
2023_20_HOU_BAL_spread,0.5275779376498799,0.0071942446043162,-110.0,spread,2023_20_HOU_BAL,0.21,0.015107913669064053,0.0,0.0,0.0,24.0,0.35005779420142885
2023_20_HOU_BAL_spread,0.5275779376498799,0.0071942446043162,-110.0,spread,2023_20_HOU_BAL,0.21,0.015107913669064053,0.0,0.0,0.0,25.0,0.35005779420142885
2023_20_KC_BUF_spread,0.5129224652087475,-0.0207843846014819,-110.0,spread,2023_20_KC_BUF,0.21,0.0,0.0,0.0,0.0,1.0,0.35005779420142885
2023_20_KC_BUF_spread,0.5129224652087475,-0.0207843846014819,-110.0,spread,2023_20_KC_BUF,0.21,0.0,0.0,0.0,0.0,2.0,0.35005779420142885
2023_21_KC_BAL_spread,0.5275779376498799,0.0071942446043162,-110.0,spread,2023_21_KC_BAL,0.21,0.015107913669064053,0.0,0.0,0.0,14.0,0.35005779420142885
2023_21_KC_BAL_spread,0.5275779376498799,0.0071942446043162,-110.0,spread,2023_21_KC_BAL,0.21,0.015107913669064053,0.0,0.0,0.0,16.0,0.35005779420142885
2024_01_CAR_NO_spread,0.5129224652087475,-0.0207843846014819,-110.0,spread,2024_01_CAR_NO,0.21,0.0,0.0,0.0,0.0,12.0,0.35005779420142885
2023_21_KC_BAL_spread,0.5129224652087475,-0.0207843846014819,-110.0,spread,2023_21_KC_BAL,0.21,0.0,0.0,0.0,0.0,35.0,0.35005779420142885
2024_01_BAL_KC_spread,0.5129224652087475,-0.0207843846014819,-110.0,spread,2024_01_BAL_KC,0.21,0.0,0.0,0.0,0.0,1.0,0.35005779420142885
2024_01_BAL_KC_spread,0.5129224652087475,-0.0207843846014819,-110.0,spread,2024_01_BAL_KC,0.21,0.0,0.0,0.0,0.0,2.0,0.35005779420142885
2024_01_BAL_KC_spread,0.5129224652087475,-0.0207843846014819,-110.0,spread,2024_01_BAL_KC,0.21,0.0,0.0,0.0,0.0,3.0,0.35005779420142885
2024_01_BAL_KC_spread,0.5129224652087475,-0.0207843846014819,-110.0,spread,2024_01_BAL_KC,0.21,0.0,0.0,0.0,0.0,4.0,0.35005779420142885
2024_01_CAR_NO_spread,0.5226258440210494,-0.0022597523234511,-110.0,spread,2024_01_CAR_NO,0.21,0.0,0.0,0.0,0.0,1.0,0.35005779420142885
2024_01_CAR_NO_spread,0.5226258440210494,-0.0022597523234511,-110.0,spread,2024_01_CAR_NO,0.21,0.0,0.0,0.0,0.0,2.0,0.35005779420142885
2024_01_CAR_NO_spread,0.5129224652087475,-0.0207843846014819,-110.0,spread,2024_01_CAR_NO,0.21,0.0,0.0,0.0,0.0,3.0,0.35005779420142885
2024_01_CAR_NO_spread,0.5129224652087475,-0.0207843846014819,-110.0,spread,2024_01_CAR_NO,0.21,0.0,0.0,0.0,0.0,4.0,0.35005779420142885
2024_01_CAR_NO_spread,0.5226258440210494,-0.0022597523234511,-110.0,spread,2024_01_CAR_NO,0.21,0.0,0.0,0.0,0.0,5.0,0.35005779420142885
2024_01_CAR_NO_spread,0.5226258440210494,-0.0022597523234511,-110.0,spread,2024_01_CAR_NO,0.21,0.0,0.0,0.0,0.0,6.0,0.35005779420142885
2024_01_CAR_NO_spread,0.5129224652087475,-0.0207843846014819,-110.0,spread,2024_01_CAR_NO,0.21,0.0,0.0,0.0,0.0,7.0,0.35005779420142885
2024_01_CAR_NO_spread,0.5129224652087475,-0.0207843846014819,-110.0,spread,2024_01_CAR_NO,0.21,0.0,0.0,0.0,0.0,8.0,0.35005779420142885
2024_01_CAR_NO_spread,0.5226258440210494,-0.0022597523234511,-110.0,spread,2024_01_CAR_NO,0.21,0.0,0.0,0.0,0.0,9.0,0.35005779420142885
2024_01_CAR_NO_spread,0.5226258440210494,-0.0022597523234511,-110.0,spread,2024_01_CAR_NO,0.21,0.0,0.0,0.0,0.0,10.0,0.35005779420142885
2024_01_CAR_NO_spread,0.5129224652087475,-0.0207843846014819,-110.0,spread,2024_01_CAR_NO,0.21,0.0,0.0,0.0,0.0,11.0,0.35005779420142885
2023_21_KC_BAL_spread,0.5129224652087475,-0.0207843846014819,-110.0,spread,2023_21_KC_BAL,0.21,0.0,0.0,0.0,0.0,36.0,0.35005779420142885
2023_21_KC_BAL_spread,0.5275779376498799,0.0071942446043162,-110.0,spread,2023_21_KC_BAL,0.21,0.015107913669064053,0.0,0.0,0.0,34.0,0.35005779420142885
2023_21_KC_BAL_spread,0.5129224652087475,-0.0207843846014819,-110.0,spread,2023_21_KC_BAL,0.21,0.0,0.0,0.0,0.0,17.0,0.35005779420142885
2023_21_KC_BAL_spread,0.5275779376498799,0.0071942446043162,-110.0,spread,2023_21_KC_BAL,0.21,0.015107913669064053,0.0,0.0,0.0,33.0,0.35005779420142885
2023_21_KC_BAL_spread,0.5129224652087475,-0.0207843846014819,-110.0,spread,2023_21_KC_BAL,0.21,0.0,0.0,0.0,0.0,18.0,0.35005779420142885
2023_21_KC_BAL_spread,0.5275779376498799,0.0071942446043162,-110.0,spread,2023_21_KC_BAL,0.21,0.015107913669064053,0.0,0.0,0.0,19.0,0.35005779420142885
2023_21_KC_BAL_spread,0.5275779376498799,0.0071942446043162,-110.0,spread,2023_21_KC_BAL,0.21,0.015107913669064053,0.0,0.0,0.0,20.0,0.35005779420142885
2023_21_KC_BAL_spread,0.5275779376498799,0.0071942446043162,-110.0,spread,2023_21_KC_BAL,0.21,0.015107913669064053,0.0,0.0,0.0,21.0,0.35005779420142885
2023_21_KC_BAL_spread,0.5275779376498799,0.0071942446043162,-110.0,spread,2023_21_KC_BAL,0.21,0.015107913669064053,0.0,0.0,0.0,22.0,0.35005779420142885
2023_21_KC_BAL_spread,0.5129224652087475,-0.0207843846014819,-110.0,spread,2023_21_KC_BAL,0.21,0.0,0.0,0.0,0.0,23.0,0.35005779420142885
2023_21_KC_BAL_spread,0.5129224652087475,-0.0207843846014819,-110.0,spread,2023_21_KC_BAL,0.21,0.0,0.0,0.0,0.0,24.0,0.35005779420142885
2023_21_KC_BAL_spread,0.5275779376498799,0.0071942446043162,-110.0,spread,2023_21_KC_BAL,0.21,0.015107913669064053,0.0,0.0,0.0,25.0,0.35005779420142885
2023_21_KC_BAL_spread,0.5275779376498799,0.0071942446043162,-110.0,spread,2023_21_KC_BAL,0.21,0.015107913669064053,0.0,0.0,0.0,26.0,0.35005779420142885
2023_21_KC_BAL_spread,0.5275779376498799,0.0071942446043162,-110.0,spread,2023_21_KC_BAL,0.21,0.015107913669064053,0.0,0.0,0.0,27.0,0.35005779420142885
2023_21_KC_BAL_spread,0.5275779376498799,0.0071942446043162,-110.0,spread,2023_21_KC_BAL,0.21,0.015107913669064053,0.0,0.0,0.0,28.0,0.35005779420142885
2023_21_KC_BAL_spread,0.5129224652087475,-0.0207843846014819,-110.0,spread,2023_21_KC_BAL,0.21,0.0,0.0,0.0,0.0,29.0,0.35005779420142885
2023_21_KC_BAL_spread,0.5129224652087475,-0.0207843846014819,-110.0,spread,2023_21_KC_BAL,0.21,0.0,0.0,0.0,0.0,30.0,0.35005779420142885
2023_21_KC_BAL_spread,0.5275779376498799,0.0071942446043162,-110.0,spread,2023_21_KC_BAL,0.21,0.015107913669064053,0.0,0.0,0.0,31.0,0.35005779420142885
2023_21_KC_BAL_spread,0.5275779376498799,0.0071942446043162,-110.0,spread,2023_21_KC_BAL,0.21,0.015107913669064053,0.0,0.0,0.0,32.0,0.35005779420142885
2022_02_IND_JAX_spread,0.5136706211543234,-0.0193560868872007,-110.0,spread,2022_02_IND_JAX,0.21,0.0,0.0,0.0,0.0,3.0,0.35005779420142885
2022_01_NYG_TEN_spread,0.5129224652087475,-0.0207843846014819,-110.0,spread,2022_01_NYG_TEN,0.21,0.0,0.0,0.0,0.0,4.0,0.35005779420142885
2022_02_IND_JAX_spread,0.5136706211543234,-0.0193560868872007,-110.0,spread,2022_02_IND_JAX,0.21,0.0,0.0,0.0,0.0,1.0,0.35005779420142885
2020_01_CLE_BAL_spread,0.5275779376498799,0.0071942446043162,-110.0,spread,2020_01_CLE_BAL,0.21,0.015107913669064053,0.0,0.0,0.0,1.0,0.35005779420142885
2020_01_ARI_SF_spread,0.5200523598065371,-0.0071727676420655,-110.0,spread,2020_01_ARI_SF,0.21,0.0,0.0,0.0,0.0,2.0,0.35005779420142885
2020_01_ARI_SF_spread,0.5200523598065371,-0.0071727676420655,-110.0,spread,2020_01_ARI_SF,0.21,0.0,0.0,0.0,0.0,3.0,0.35005779420142885
2020_01_ARI_SF_spread,0.5200523598065371,-0.0071727676420655,-110.0,spread,2020_01_ARI_SF,0.21,0.0,0.0,0.0,0.0,4.0,0.35005779420142885
2020_01_CHI_DET_spread,0.5129224652087475,-0.0207843846014819,-110.0,spread,2020_01_CHI_DET,0.21,0.0,0.0,0.0,0.0,1.0,0.35005779420142885
2020_01_CHI_DET_spread,0.5129224652087475,-0.0207843846014819,-110.0,spread,2020_01_CHI_DET,0.21,0.0,0.0,0.0,0.0,2.0,0.35005779420142885
2020_01_CHI_DET_spread,0.5129224652087475,-0.0207843846014819,-110.0,spread,2020_01_CHI_DET,0.21,0.0,0.0,0.0,0.0,3.0,0.35005779420142885
2020_01_CHI_DET_spread,0.5129224652087475,-0.0207843846014819,-110.0,spread,2020_01_CHI_DET,0.21,0.0,0.0,0.0,0.0,4.0,0.35005779420142885
2020_01_CLE_BAL_spread,0.5199341156860025,-0.0073985064176316,-110.0,spread,2020_01_CLE_BAL,0.21,0.0,0.0,0.0,0.0,2.0,0.35005779420142885
2020_04_ARI_CAR_spread,0.5129224652087475,-0.0207843846014819,-110.0,spread,2020_04_ARI_CAR,0.21,0.0,0.0,0.0,0.0,2.0,0.35005779420142885
2020_01_CLE_BAL_spread,0.5199341156860025,-0.0073985064176316,-110.0,spread,2020_01_CLE_BAL,0.21,0.0,0.0,0.0,0.0,3.0,0.35005779420142885
2020_01_CLE_BAL_spread,0.5275779376498799,0.0071942446043162,-110.0,spread,2020_01_CLE_BAL,0.21,0.015107913669064053,0.0,0.0,0.0,4.0,0.35005779420142885
2020_01_CLE_BAL_spread,0.5199341156860025,-0.0073985064176316,-110.0,spread,2020_01_CLE_BAL,0.21,0.0,0.0,0.0,0.0,5.0,0.35005779420142885
2020_01_CLE_BAL_spread,0.5199341156860025,-0.0073985064176316,-110.0,spread,2020_01_CLE_BAL,0.21,0.0,0.0,0.0,0.0,6.0,0.35005779420142885
2020_01_CLE_BAL_spread,0.5275779376498799,0.0071942446043162,-110.0,spread,2020_01_CLE_BAL,0.21,0.015107913669064053,0.0,0.0,0.0,7.0,0.35005779420142885
2020_01_CLE_BAL_spread,0.5199341156860025,-0.0073985064176316,-110.0,spread,2020_01_CLE_BAL,0.21,0.0,0.0,0.0,0.0,8.0,0.35005779420142885
2020_01_CLE_BAL_spread,0.5199341156860025,-0.0073985064176316,-110.0,spread,2020_01_CLE_BAL,0.21,0.0,0.0,0.0,0.0,9.0,0.35005779420142885
2020_01_ARI_SF_spread,0.5200523598065371,-0.0071727676420655,-110.0,spread,2020_01_ARI_SF,0.21,0.0,0.0,0.0,0.0,1.0,0.35005779420142885
2019_21_SF_KC_spread,0.5129224652087475,-0.0207843846014819,-110.0,spread,2019_21_SF_KC,0.21,0.0,0.0,0.0,0.0,16.0,0.35005779420142885
2019_21_SF_KC_spread,0.5129224652087475,-0.0207843846014819,-110.0,spread,2019_21_SF_KC,0.21,0.0,0.0,0.0,0.0,15.0,0.35005779420142885
2019_21_SF_KC_spread,0.5129224652087475,-0.0207843846014819,-110.0,spread,2019_21_SF_KC,0.21,0.0,0.0,0.0,0.0,14.0,0.35005779420142885
2019_20_TEN_KC_spread,0.5275779376498799,0.0071942446043162,-110.0,spread,2019_20_TEN_KC,0.21,0.015107913669064053,0.0,0.0,0.0,15.0,0.35005779420142885
2019_20_TEN_KC_spread,0.5275779376498799,0.0071942446043162,-110.0,spread,2019_20_TEN_KC,0.21,0.015107913669064053,0.0,0.0,0.0,16.0,0.35005779420142885
2019_21_SF_KC_spread,0.5129224652087475,-0.0207843846014819,-110.0,spread,2019_21_SF_KC,0.21,0.0,0.0,0.0,0.0,1.0,0.35005779420142885
2019_21_SF_KC_spread,0.5129224652087475,-0.0207843846014819,-110.0,spread,2019_21_SF_KC,0.21,0.0,0.0,0.0,0.0,2.0,0.35005779420142885
2019_21_SF_KC_spread,0.5129224652087475,-0.0207843846014819,-110.0,spread,2019_21_SF_KC,0.21,0.0,0.0,0.0,0.0,3.0,0.35005779420142885
2019_21_SF_KC_spread,0.5129224652087475,-0.0207843846014819,-110.0,spread,2019_21_SF_KC,0.21,0.0,0.0,0.0,0.0,4.0,0.35005779420142885
2019_21_SF_KC_spread,0.5129224652087475,-0.0207843846014819,-110.0,spread,2019_21_SF_KC,0.21,0.0,0.0,0.0,0.0,5.0,0.35005779420142885
2019_21_SF_KC_spread,0.5129224652087475,-0.0207843846014819,-110.0,spread,2019_21_SF_KC,0.21,0.0,0.0,0.0,0.0,6.0,0.35005779420142885
2019_21_SF_KC_spread,0.5129224652087475,-0.0207843846014819,-110.0,spread,2019_21_SF_KC,0.21,0.0,0.0,0.0,0.0,7.0,0.35005779420142885
2019_21_SF_KC_spread,0.5129224652087475,-0.0207843846014819,-110.0,spread,2019_21_SF_KC,0.21,0.0,0.0,0.0,0.0,8.0,0.35005779420142885
2019_21_SF_KC_spread,0.5129224652087475,-0.0207843846014819,-110.0,spread,2019_21_SF_KC,0.21,0.0,0.0,0.0,0.0,9.0,0.35005779420142885
2019_21_SF_KC_spread,0.5129224652087475,-0.0207843846014819,-110.0,spread,2019_21_SF_KC,0.21,0.0,0.0,0.0,0.0,10.0,0.35005779420142885
2019_21_SF_KC_spread,0.5129224652087475,-0.0207843846014819,-110.0,spread,2019_21_SF_KC,0.21,0.0,0.0,0.0,0.0,11.0,0.35005779420142885
2019_21_SF_KC_spread,0.5129224652087475,-0.0207843846014819,-110.0,spread,2019_21_SF_KC,0.21,0.0,0.0,0.0,0.0,12.0,0.35005779420142885
2019_21_SF_KC_spread,0.5129224652087475,-0.0207843846014819,-110.0,spread,2019_21_SF_KC,0.21,0.0,0.0,0.0,0.0,13.0,0.35005779420142885
2020_01_LV_CAR_spread,0.5129224652087475,-0.0207843846014819,-110.0,spread,2020_01_LV_CAR,0.21,0.0,0.0,0.0,0.0,1.0,0.35005779420142885
2020_01_LV_CAR_spread,0.5129224652087475,-0.0207843846014819,-110.0,spread,2020_01_LV_CAR,0.21,0.0,0.0,0.0,0.0,2.0,0.35005779420142885
2020_01_LV_CAR_spread,0.5129224652087475,-0.0207843846014819,-110.0,spread,2020_01_LV_CAR,0.21,0.0,0.0,0.0,0.0,3.0,0.35005779420142885
2020_03_CAR_LAC_spread,0.5129224652087475,-0.0207843846014819,-110.0,spread,2020_03_CAR_LAC,0.21,0.0,0.0,0.0,0.0,1.0,0.35005779420142885
2020_03_DAL_SEA_spread,0.5129224652087475,-0.0207843846014819,-110.0,spread,2020_03_DAL_SEA,0.21,0.0,0.0,0.0,0.0,2.0,0.35005779420142885
2020_03_DAL_SEA_spread,0.5275779376498799,0.0071942446043162,-110.0,spread,2020_03_DAL_SEA,0.21,0.015107913669064053,0.0,0.0,0.0,3.0,0.35005779420142885
2020_03_DAL_SEA_spread,0.5129224652087475,-0.0207843846014819,-110.0,spread,2020_03_DAL_SEA,0.21,0.0,0.0,0.0,0.0,4.0,0.35005779420142885
2020_03_DET_ARI_spread,0.5275779376498799,0.0071942446043162,-110.0,spread,2020_03_DET_ARI,0.21,0.015107913669064053,0.0,0.0,0.0,1.0,0.35005779420142885
2020_03_DET_ARI_spread,0.5129224652087475,-0.0207843846014819,-110.0,spread,2020_03_DET_ARI,0.21,0.0,0.0,0.0,0.0,2.0,0.35005779420142885
2020_03_DET_ARI_spread,0.5275779376498799,0.0071942446043162,-110.0,spread,2020_03_DET_ARI,0.21,0.015107913669064053,0.0,0.0,0.0,3.0,0.35005779420142885
2020_03_DET_ARI_spread,0.5129224652087475,-0.0207843846014819,-110.0,spread,2020_03_DET_ARI,0.21,0.0,0.0,0.0,0.0,4.0,0.35005779420142885
2020_03_KC_BAL_spread,0.5132338950827069,-0.0201898366602867,-110.0,spread,2020_03_KC_BAL,0.21,0.0,0.0,0.0,0.0,1.0,0.35005779420142885
2020_03_KC_BAL_spread,0.5129224652087475,-0.0207843846014819,-110.0,spread,2020_03_KC_BAL,0.21,0.0,0.0,0.0,0.0,2.0,0.35005779420142885
2020_03_KC_BAL_spread,0.5132338950827069,-0.0201898366602867,-110.0,spread,2020_03_KC_BAL,0.21,0.0,0.0,0.0,0.0,3.0,0.35005779420142885
2020_03_KC_BAL_spread,0.5129224652087475,-0.0207843846014819,-110.0,spread,2020_03_KC_BAL,0.21,0.0,0.0,0.0,0.0,4.0,0.35005779420142885
2020_03_LA_BUF_spread,0.5129224652087475,-0.0207843846014819,-110.0,spread,2020_03_LA_BUF,0.21,0.0,0.0,0.0,0.0,1.0,0.35005779420142885
2020_03_LA_BUF_spread,0.5129224652087475,-0.0207843846014819,-110.0,spread,2020_03_LA_BUF,0.21,0.0,0.0,0.0,0.0,2.0,0.35005779420142885
2020_03_LA_BUF_spread,0.5129224652087475,-0.0207843846014819,-110.0,spread,2020_03_LA_BUF,0.21,0.0,0.0,0.0,0.0,3.0,0.35005779420142885
2020_03_LA_BUF_spread,0.5129224652087475,-0.0207843846014819,-110.0,spread,2020_03_LA_BUF,0.21,0.0,0.0,0.0,0.0,4.0,0.35005779420142885
2020_03_DAL_SEA_spread,0.5275779376498799,0.0071942446043162,-110.0,spread,2020_03_DAL_SEA,0.21,0.015107913669064053,0.0,0.0,0.0,1.0,0.35005779420142885
2020_02_DET_GB_spread,0.5275779376498799,0.0071942446043162,-110.0,spread,2020_02_DET_GB,0.21,0.015107913669064053,0.0,0.0,0.0,1.0,0.35005779420142885
2020_01_LV_CAR_spread,0.5129224652087475,-0.0207843846014819,-110.0,spread,2020_01_LV_CAR,0.21,0.0,0.0,0.0,0.0,4.0,0.35005779420142885
2020_02_DEN_PIT_spread,0.5129224652087475,-0.0207843846014819,-110.0,spread,2020_02_DEN_PIT,0.21,0.0,0.0,0.0,0.0,4.0,0.35005779420142885
2020_02_BUF_MIA_spread,0.5275779376498799,0.0071942446043162,-110.0,spread,2020_02_BUF_MIA,0.21,0.015107913669064053,0.0,0.0,0.0,1.0,0.35005779420142885
2020_02_BUF_MIA_spread,0.5275779376498799,0.0071942446043162,-110.0,spread,2020_02_BUF_MIA,0.21,0.015107913669064053,0.0,0.0,0.0,2.0,0.35005779420142885
2020_02_BUF_MIA_spread,0.5275779376498799,0.0071942446043162,-110.0,spread,2020_02_BUF_MIA,0.21,0.015107913669064053,0.0,0.0,0.0,3.0,0.35005779420142885
2020_02_BUF_MIA_spread,0.5275779376498799,0.0071942446043162,-110.0,spread,2020_02_BUF_MIA,0.21,0.015107913669064053,0.0,0.0,0.0,4.0,0.35005779420142885
2020_02_CAR_TB_spread,0.5275779376498799,0.0071942446043162,-110.0,spread,2020_02_CAR_TB,0.21,0.015107913669064053,0.0,0.0,0.0,1.0,0.35005779420142885
2020_02_CAR_TB_spread,0.5253164556962026,0.0028768699654776,-110.0,spread,2020_02_CAR_TB,0.21,0.006041426927503129,0.0,0.0,0.0,2.0,0.35005779420142885
2020_02_CAR_TB_spread,0.5275779376498799,0.0071942446043162,-110.0,spread,2020_02_CAR_TB,0.21,0.015107913669064053,0.0,0.0,0.0,3.0,0.35005779420142885
2020_02_CAR_TB_spread,0.5253164556962026,0.0028768699654776,-110.0,spread,2020_02_CAR_TB,0.21,0.006041426927503129,0.0,0.0,0.0,4.0,0.35005779420142885
2020_02_CIN_CLE_spread,0.5275779376498799,0.0071942446043162,-110.0,spread,2020_02_CIN_CLE,0.21,0.015107913669064053,0.0,0.0,0.0,1.0,0.35005779420142885
2020_02_CIN_CLE_spread,0.5129224652087475,-0.0207843846014819,-110.0,spread,2020_02_CIN_CLE,0.21,0.0,0.0,0.0,0.0,2.0,0.35005779420142885
2020_02_CIN_CLE_spread,0.5275779376498799,0.0071942446043162,-110.0,spread,2020_02_CIN_CLE,0.21,0.015107913669064053,0.0,0.0,0.0,3.0,0.35005779420142885
2020_02_CIN_CLE_spread,0.5129224652087475,-0.0207843846014819,-110.0,spread,2020_02_CIN_CLE,0.21,0.0,0.0,0.0,0.0,4.0,0.35005779420142885
2020_02_DEN_PIT_spread,0.5275779376498799,0.0071942446043162,-110.0,spread,2020_02_DEN_PIT,0.21,0.015107913669064053,0.0,0.0,0.0,1.0,0.35005779420142885
2020_02_DEN_PIT_spread,0.5129224652087475,-0.0207843846014819,-110.0,spread,2020_02_DEN_PIT,0.21,0.0,0.0,0.0,0.0,2.0,0.35005779420142885
2020_02_DEN_PIT_spread,0.5275779376498799,0.0071942446043162,-110.0,spread,2020_02_DEN_PIT,0.21,0.015107913669064053,0.0,0.0,0.0,3.0,0.35005779420142885
2019_20_TEN_KC_spread,0.5275779376498799,0.0071942446043162,-110.0,spread,2019_20_TEN_KC,0.21,0.015107913669064053,0.0,0.0,0.0,14.0,0.35005779420142885
2019_20_TEN_KC_spread,0.5275779376498799,0.0071942446043162,-110.0,spread,2019_20_TEN_KC,0.21,0.015107913669064053,0.0,0.0,0.0,13.0,0.35005779420142885
2019_20_TEN_KC_spread,0.5275779376498799,0.0071942446043162,-110.0,spread,2019_20_TEN_KC,0.21,0.015107913669064053,0.0,0.0,0.0,12.0,0.35005779420142885
2019_19_MIN_SF_spread,0.5275779376498799,0.0071942446043162,-110.0,spread,2019_19_MIN_SF,0.21,0.015107913669064053,0.0,0.0,0.0,5.0,0.35005779420142885
2019_19_MIN_SF_spread,0.5262275545013958,0.0046162404117556,-110.0,spread,2019_19_MIN_SF,0.21,0.009694104864686763,0.0,0.0,0.0,7.0,0.35005779420142885
2019_19_MIN_SF_spread,0.5261864033100041,0.0045376790463715,-110.0,spread,2019_19_MIN_SF,0.21,0.009529125997380199,0.0,0.0,0.0,8.0,0.35005779420142885
2019_19_MIN_SF_spread,0.5275779376498799,0.0071942446043162,-110.0,spread,2019_19_MIN_SF,0.21,0.015107913669064053,0.0,0.0,0.0,9.0,0.35005779420142885
2019_19_MIN_SF_spread,0.5262275545013958,0.0046162404117556,-110.0,spread,2019_19_MIN_SF,0.21,0.009694104864686763,0.0,0.0,0.0,10.0,0.35005779420142885
2019_19_MIN_SF_spread,0.5262275545013958,0.0046162404117556,-110.0,spread,2019_19_MIN_SF,0.21,0.009694104864686763,0.0,0.0,0.0,11.0,0.35005779420142885
2019_19_MIN_SF_spread,0.5261864033100041,0.0045376790463715,-110.0,spread,2019_19_MIN_SF,0.21,0.009529125997380199,0.0,0.0,0.0,12.0,0.35005779420142885
2019_19_MIN_SF_spread,0.5275779376498799,0.0071942446043162,-110.0,spread,2019_19_MIN_SF,0.21,0.015107913669064053,0.0,0.0,0.0,13.0,0.35005779420142885
2019_19_MIN_SF_spread,0.5262275545013958,0.0046162404117556,-110.0,spread,2019_19_MIN_SF,0.21,0.009694104864686763,0.0,0.0,0.0,14.0,0.35005779420142885
2019_19_MIN_SF_spread,0.5262275545013958,0.0046162404117556,-110.0,spread,2019_19_MIN_SF,0.21,0.009694104864686763,0.0,0.0,0.0,15.0,0.35005779420142885
2019_19_MIN_SF_spread,0.5261864033100041,0.0045376790463715,-110.0,spread,2019_19_MIN_SF,0.21,0.009529125997380199,0.0,0.0,0.0,16.0,0.35005779420142885
2019_19_SEA_GB_spread,0.5275779376498799,0.0071942446043162,-110.0,spread,2019_19_SEA_GB,0.21,0.015107913669064053,0.0,0.0,0.0,1.0,0.35005779420142885
2019_19_SEA_GB_spread,0.5275779376498799,0.0071942446043162,-110.0,spread,2019_19_SEA_GB,0.21,0.015107913669064053,0.0,0.0,0.0,2.0,0.35005779420142885
2019_19_SEA_GB_spread,0.5275779376498799,0.0071942446043162,-110.0,spread,2019_19_SEA_GB,0.21,0.015107913669064053,0.0,0.0,0.0,3.0,0.35005779420142885
2019_19_SEA_GB_spread,0.5129224652087475,-0.0207843846014819,-110.0,spread,2019_19_SEA_GB,0.21,0.0,0.0,0.0,0.0,4.0,0.35005779420142885
2019_19_SEA_GB_spread,0.5275779376498799,0.0071942446043162,-110.0,spread,2019_19_SEA_GB,0.21,0.015107913669064053,0.0,0.0,0.0,5.0,0.35005779420142885
2019_19_MIN_SF_spread,0.5262275545013958,0.0046162404117556,-110.0,spread,2019_19_MIN_SF,0.21,0.009694104864686763,0.0,0.0,0.0,6.0,0.35005779420142885
2019_19_MIN_SF_spread,0.5261864033100041,0.0045376790463715,-110.0,spread,2019_19_MIN_SF,0.21,0.009529125997380199,0.0,0.0,0.0,4.0,0.35005779420142885
2019_19_SEA_GB_spread,0.5275779376498799,0.0071942446043162,-110.0,spread,2019_19_SEA_GB,0.21,0.015107913669064053,0.0,0.0,0.0,7.0,0.35005779420142885
2019_19_MIN_SF_spread,0.5262275545013958,0.0046162404117556,-110.0,spread,2019_19_MIN_SF,0.21,0.009694104864686763,0.0,0.0,0.0,3.0,0.35005779420142885
2019_18_MIN_NO_spread,0.5275779376498799,0.0071942446043162,-110.0,spread,2019_18_MIN_NO,0.21,0.015107913669064053,0.0,0.0,0.0,1.0,0.35005779420142885
2019_18_MIN_NO_spread,0.5275779376498799,0.0071942446043162,-110.0,spread,2019_18_MIN_NO,0.21,0.015107913669064053,0.0,0.0,0.0,2.0,0.35005779420142885
2019_18_MIN_NO_spread,0.5275779376498799,0.0071942446043162,-110.0,spread,2019_18_MIN_NO,0.21,0.015107913669064053,0.0,0.0,0.0,3.0,0.35005779420142885
2019_18_MIN_NO_spread,0.5275779376498799,0.0071942446043162,-110.0,spread,2019_18_MIN_NO,0.21,0.015107913669064053,0.0,0.0,0.0,4.0,0.35005779420142885
2019_18_SEA_PHI_spread,0.5129224652087475,-0.0207843846014819,-110.0,spread,2019_18_SEA_PHI,0.21,0.0,0.0,0.0,0.0,1.0,0.35005779420142885
2019_18_SEA_PHI_spread,0.5129224652087475,-0.0207843846014819,-110.0,spread,2019_18_SEA_PHI,0.21,0.0,0.0,0.0,0.0,2.0,0.35005779420142885
2019_18_SEA_PHI_spread,0.5129224652087475,-0.0207843846014819,-110.0,spread,2019_18_SEA_PHI,0.21,0.0,0.0,0.0,0.0,3.0,0.35005779420142885
2019_18_SEA_PHI_spread,0.5129224652087475,-0.0207843846014819,-110.0,spread,2019_18_SEA_PHI,0.21,0.0,0.0,0.0,0.0,4.0,0.35005779420142885
2019_18_SEA_PHI_spread,0.5129224652087475,-0.0207843846014819,-110.0,spread,2019_18_SEA_PHI,0.21,0.0,0.0,0.0,0.0,5.0,0.35005779420142885
2019_18_SEA_PHI_spread,0.5129224652087475,-0.0207843846014819,-110.0,spread,2019_18_SEA_PHI,0.21,0.0,0.0,0.0,0.0,6.0,0.35005779420142885
2019_18_SEA_PHI_spread,0.5129224652087475,-0.0207843846014819,-110.0,spread,2019_18_SEA_PHI,0.21,0.0,0.0,0.0,0.0,7.0,0.35005779420142885
2019_18_SEA_PHI_spread,0.5129224652087475,-0.0207843846014819,-110.0,spread,2019_18_SEA_PHI,0.21,0.0,0.0,0.0,0.0,8.0,0.35005779420142885
2019_18_SEA_PHI_spread,0.5129224652087475,-0.0207843846014819,-110.0,spread,2019_18_SEA_PHI,0.21,0.0,0.0,0.0,0.0,9.0,0.35005779420142885
2019_19_MIN_SF_spread,0.5275779376498799,0.0071942446043162,-110.0,spread,2019_19_MIN_SF,0.21,0.015107913669064053,0.0,0.0,0.0,1.0,0.35005779420142885
2019_19_MIN_SF_spread,0.5262275545013958,0.0046162404117556,-110.0,spread,2019_19_MIN_SF,0.21,0.009694104864686763,0.0,0.0,0.0,2.0,0.35005779420142885
2019_19_SEA_GB_spread,0.5275779376498799,0.0071942446043162,-110.0,spread,2019_19_SEA_GB,0.21,0.015107913669064053,0.0,0.0,0.0,6.0,0.35005779420142885
2019_19_SEA_GB_spread,0.5129224652087475,-0.0207843846014819,-110.0,spread,2019_19_SEA_GB,0.21,0.0,0.0,0.0,0.0,8.0,0.35005779420142885
2019_20_TEN_KC_spread,0.5275779376498799,0.0071942446043162,-110.0,spread,2019_20_TEN_KC,0.21,0.015107913669064053,0.0,0.0,0.0,11.0,0.35005779420142885
2019_20_GB_SF_spread,0.5275779376498799,0.0071942446043162,-110.0,spread,2019_20_GB_SF,0.21,0.015107913669064053,0.0,0.0,0.0,10.0,0.35005779420142885
2019_20_GB_SF_spread,0.5275779376498799,0.0071942446043162,-110.0,spread,2019_20_GB_SF,0.21,0.015107913669064053,0.0,0.0,0.0,12.0,0.35005779420142885
2019_20_GB_SF_spread,0.5275779376498799,0.0071942446043162,-110.0,spread,2019_20_GB_SF,0.21,0.015107913669064053,0.0,0.0,0.0,13.0,0.35005779420142885
2019_20_GB_SF_spread,0.5275779376498799,0.0071942446043162,-110.0,spread,2019_20_GB_SF,0.21,0.015107913669064053,0.0,0.0,0.0,14.0,0.35005779420142885
2019_20_GB_SF_spread,0.5275779376498799,0.0071942446043162,-110.0,spread,2019_20_GB_SF,0.21,0.015107913669064053,0.0,0.0,0.0,15.0,0.35005779420142885
2019_20_GB_SF_spread,0.5275779376498799,0.0071942446043162,-110.0,spread,2019_20_GB_SF,0.21,0.015107913669064053,0.0,0.0,0.0,16.0,0.35005779420142885
2019_20_TEN_KC_spread,0.5275779376498799,0.0071942446043162,-110.0,spread,2019_20_TEN_KC,0.21,0.015107913669064053,0.0,0.0,0.0,1.0,0.35005779420142885
2019_20_TEN_KC_spread,0.5275779376498799,0.0071942446043162,-110.0,spread,2019_20_TEN_KC,0.21,0.015107913669064053,0.0,0.0,0.0,2.0,0.35005779420142885
2019_20_TEN_KC_spread,0.5275779376498799,0.0071942446043162,-110.0,spread,2019_20_TEN_KC,0.21,0.015107913669064053,0.0,0.0,0.0,3.0,0.35005779420142885
2019_20_TEN_KC_spread,0.5275779376498799,0.0071942446043162,-110.0,spread,2019_20_TEN_KC,0.21,0.015107913669064053,0.0,0.0,0.0,4.0,0.35005779420142885
2019_20_TEN_KC_spread,0.5275779376498799,0.0071942446043162,-110.0,spread,2019_20_TEN_KC,0.21,0.015107913669064053,0.0,0.0,0.0,5.0,0.35005779420142885
2019_20_TEN_KC_spread,0.5275779376498799,0.0071942446043162,-110.0,spread,2019_20_TEN_KC,0.21,0.015107913669064053,0.0,0.0,0.0,6.0,0.35005779420142885
2019_20_TEN_KC_spread,0.5275779376498799,0.0071942446043162,-110.0,spread,2019_20_TEN_KC,0.21,0.015107913669064053,0.0,0.0,0.0,7.0,0.35005779420142885
2019_20_TEN_KC_spread,0.5275779376498799,0.0071942446043162,-110.0,spread,2019_20_TEN_KC,0.21,0.015107913669064053,0.0,0.0,0.0,8.0,0.35005779420142885
2019_20_TEN_KC_spread,0.5275779376498799,0.0071942446043162,-110.0,spread,2019_20_TEN_KC,0.21,0.015107913669064053,0.0,0.0,0.0,9.0,0.35005779420142885
2019_20_TEN_KC_spread,0.5275779376498799,0.0071942446043162,-110.0,spread,2019_20_TEN_KC,0.21,0.015107913669064053,0.0,0.0,0.0,10.0,0.35005779420142885
2019_20_GB_SF_spread,0.5275779376498799,0.0071942446043162,-110.0,spread,2019_20_GB_SF,0.21,0.015107913669064053,0.0,0.0,0.0,11.0,0.35005779420142885
2019_20_GB_SF_spread,0.5275779376498799,0.0071942446043162,-110.0,spread,2019_20_GB_SF,0.21,0.015107913669064053,0.0,0.0,0.0,9.0,0.35005779420142885
2019_19_SEA_GB_spread,0.5275779376498799,0.0071942446043162,-110.0,spread,2019_19_SEA_GB,0.21,0.015107913669064053,0.0,0.0,0.0,9.0,0.35005779420142885
2019_20_GB_SF_spread,0.5275779376498799,0.0071942446043162,-110.0,spread,2019_20_GB_SF,0.21,0.015107913669064053,0.0,0.0,0.0,8.0,0.35005779420142885
2019_19_SEA_GB_spread,0.5275779376498799,0.0071942446043162,-110.0,spread,2019_19_SEA_GB,0.21,0.015107913669064053,0.0,0.0,0.0,10.0,0.35005779420142885
2019_19_SEA_GB_spread,0.5275779376498799,0.0071942446043162,-110.0,spread,2019_19_SEA_GB,0.21,0.015107913669064053,0.0,0.0,0.0,11.0,0.35005779420142885
2019_19_SEA_GB_spread,0.5129224652087475,-0.0207843846014819,-110.0,spread,2019_19_SEA_GB,0.21,0.0,0.0,0.0,0.0,12.0,0.35005779420142885
2019_19_SEA_GB_spread,0.5275779376498799,0.0071942446043162,-110.0,spread,2019_19_SEA_GB,0.21,0.015107913669064053,0.0,0.0,0.0,13.0,0.35005779420142885
2019_19_SEA_GB_spread,0.5275779376498799,0.0071942446043162,-110.0,spread,2019_19_SEA_GB,0.21,0.015107913669064053,0.0,0.0,0.0,14.0,0.35005779420142885
2019_19_SEA_GB_spread,0.5275779376498799,0.0071942446043162,-110.0,spread,2019_19_SEA_GB,0.21,0.015107913669064053,0.0,0.0,0.0,15.0,0.35005779420142885
2019_19_SEA_GB_spread,0.5129224652087475,-0.0207843846014819,-110.0,spread,2019_19_SEA_GB,0.21,0.0,0.0,0.0,0.0,16.0,0.35005779420142885
2019_19_TEN_BAL_spread,0.5275779376498799,0.0071942446043162,-110.0,spread,2019_19_TEN_BAL,0.21,0.015107913669064053,0.0,0.0,0.0,1.0,0.35005779420142885
2019_20_GB_SF_spread,0.5275779376498799,0.0071942446043162,-110.0,spread,2019_20_GB_SF,0.21,0.015107913669064053,0.0,0.0,0.0,1.0,0.35005779420142885
2019_20_GB_SF_spread,0.5275779376498799,0.0071942446043162,-110.0,spread,2019_20_GB_SF,0.21,0.015107913669064053,0.0,0.0,0.0,2.0,0.35005779420142885
2019_20_GB_SF_spread,0.5275779376498799,0.0071942446043162,-110.0,spread,2019_20_GB_SF,0.21,0.015107913669064053,0.0,0.0,0.0,3.0,0.35005779420142885
2019_20_GB_SF_spread,0.5275779376498799,0.0071942446043162,-110.0,spread,2019_20_GB_SF,0.21,0.015107913669064053,0.0,0.0,0.0,4.0,0.35005779420142885
2019_20_GB_SF_spread,0.5275779376498799,0.0071942446043162,-110.0,spread,2019_20_GB_SF,0.21,0.015107913669064053,0.0,0.0,0.0,5.0,0.35005779420142885
2019_20_GB_SF_spread,0.5275779376498799,0.0071942446043162,-110.0,spread,2019_20_GB_SF,0.21,0.015107913669064053,0.0,0.0,0.0,6.0,0.35005779420142885
2019_20_GB_SF_spread,0.5275779376498799,0.0071942446043162,-110.0,spread,2019_20_GB_SF,0.21,0.015107913669064053,0.0,0.0,0.0,7.0,0.35005779420142885
2020_04_ARI_CAR_spread,0.5129224652087475,-0.0207843846014819,-110.0,spread,2020_04_ARI_CAR,0.21,0.0,0.0,0.0,0.0,1.0,0.35005779420142885
2020_04_ARI_CAR_spread,0.5129224652087475,-0.0207843846014819,-110.0,spread,2020_04_ARI_CAR,0.21,0.0,0.0,0.0,0.0,3.0,0.35005779420142885
2020_11_CIN_WAS_spread,0.5129224652087475,-0.0207843846014819,-110.0,spread,2020_11_CIN_WAS,0.21,0.0,0.0,0.0,0.0,1.0,0.35005779420142885
2020_09_BAL_IND_spread,0.3193257147661225,-0.3903781809010389,-110.0,spread,2020_09_BAL_IND,0.21,0.0,0.0,0.0,0.0,6.0,0.35005779420142885
2020_08_TB_NYG_spread,0.5275779376498799,0.0071942446043162,-110.0,spread,2020_08_TB_NYG,0.21,0.015107913669064053,0.0,0.0,0.0,3.0,0.35005779420142885
2020_08_TB_NYG_spread,0.5275779376498799,0.0071942446043162,-110.0,spread,2020_08_TB_NYG,0.21,0.015107913669064053,0.0,0.0,0.0,4.0,0.35005779420142885
2020_09_BAL_IND_spread,0.3193257147661225,-0.3903781809010389,-110.0,spread,2020_09_BAL_IND,0.21,0.0,0.0,0.0,0.0,1.0,0.35005779420142885
2020_09_BAL_IND_spread,0.3193257147661225,-0.3903781809010389,-110.0,spread,2020_09_BAL_IND,0.21,0.0,0.0,0.0,0.0,2.0,0.35005779420142885
2020_09_BAL_IND_spread,0.3178175667914292,-0.3932573724890897,-110.0,spread,2020_09_BAL_IND,0.21,0.0,0.0,0.0,0.0,3.0,0.35005779420142885
2020_09_BAL_IND_spread,0.1437421676742598,-0.7255831344400494,-110.0,spread,2020_09_BAL_IND,0.21,0.0,0.0,0.0,0.0,4.0,0.35005779420142885
2020_09_BAL_IND_spread,0.3193257147661225,-0.3903781809010389,-110.0,spread,2020_09_BAL_IND,0.21,0.0,0.0,0.0,0.0,5.0,0.35005779420142885
2020_09_BAL_IND_spread,0.3178175667914292,-0.3932573724890897,-110.0,spread,2020_09_BAL_IND,0.21,0.0,0.0,0.0,0.0,7.0,0.35005779420142885
2020_04_ARI_CAR_spread,0.5129224652087475,-0.0207843846014819,-110.0,spread,2020_04_ARI_CAR,0.21,0.0,0.0,0.0,0.0,4.0,0.35005779420142885
2020_09_BAL_IND_spread,0.1437421676742598,-0.7255831344400494,-110.0,spread,2020_09_BAL_IND,0.21,0.0,0.0,0.0,0.0,8.0,0.35005779420142885
2020_09_BAL_IND_spread,0.3193257147661225,-0.3903781809010389,-110.0,spread,2020_09_BAL_IND,0.21,0.0,0.0,0.0,0.0,9.0,0.35005779420142885
2020_09_BAL_IND_spread,0.3193257147661225,-0.3903781809010389,-110.0,spread,2020_09_BAL_IND,0.21,0.0,0.0,0.0,0.0,10.0,0.35005779420142885
2020_09_BAL_IND_spread,0.3178175667914292,-0.3932573724890897,-110.0,spread,2020_09_BAL_IND,0.21,0.0,0.0,0.0,0.0,11.0,0.35005779420142885
2020_09_BAL_IND_spread,0.1437421676742598,-0.7255831344400494,-110.0,spread,2020_09_BAL_IND,0.21,0.0,0.0,0.0,0.0,12.0,0.35005779420142885
2020_09_BAL_IND_spread,0.3193257147661225,-0.3903781809010389,-110.0,spread,2020_09_BAL_IND,0.21,0.0,0.0,0.0,0.0,13.0,0.35005779420142885
2020_09_BAL_IND_spread,0.3193257147661225,-0.3903781809010389,-110.0,spread,2020_09_BAL_IND,0.21,0.0,0.0,0.0,0.0,14.0,0.35005779420142885
2020_08_TB_NYG_spread,0.5275779376498799,0.0071942446043162,-110.0,spread,2020_08_TB_NYG,0.21,0.015107913669064053,0.0,0.0,0.0,2.0,0.35005779420142885
2020_08_TB_NYG_spread,0.5275779376498799,0.0071942446043162,-110.0,spread,2020_08_TB_NYG,0.21,0.015107913669064053,0.0,0.0,0.0,1.0,0.35005779420142885
2020_08_SF_SEA_spread,0.143248995054433,-0.7265246458051733,-110.0,spread,2020_08_SF_SEA,0.21,0.0,0.0,0.0,0.0,4.0,0.35005779420142885
2020_08_SF_SEA_spread,0.3185037955571031,-0.391947299390985,-110.0,spread,2020_08_SF_SEA,0.21,0.0,0.0,0.0,0.0,3.0,0.35005779420142885
2020_07_SEA_ARI_spread,0.5129224652087475,-0.0207843846014819,-110.0,spread,2020_07_SEA_ARI,0.21,0.0,0.0,0.0,0.0,4.0,0.35005779420142885
2020_08_ATL_CAR_spread,0.5129224652087475,-0.0207843846014819,-110.0,spread,2020_08_ATL_CAR,0.21,0.0,0.0,0.0,0.0,1.0,0.35005779420142885
2020_08_ATL_CAR_spread,0.5129224652087475,-0.0207843846014819,-110.0,spread,2020_08_ATL_CAR,0.21,0.0,0.0,0.0,0.0,2.0,0.35005779420142885
2020_08_ATL_CAR_spread,0.5129224652087475,-0.0207843846014819,-110.0,spread,2020_08_ATL_CAR,0.21,0.0,0.0,0.0,0.0,3.0,0.35005779420142885
2020_08_ATL_CAR_spread,0.5129224652087475,-0.0207843846014819,-110.0,spread,2020_08_ATL_CAR,0.21,0.0,0.0,0.0,0.0,4.0,0.35005779420142885
2020_08_LAC_DEN_spread,0.5129224652087475,-0.0207843846014819,-110.0,spread,2020_08_LAC_DEN,0.21,0.0,0.0,0.0,0.0,1.0,0.35005779420142885
2020_08_LAC_DEN_spread,0.5129224652087475,-0.0207843846014819,-110.0,spread,2020_08_LAC_DEN,0.21,0.0,0.0,0.0,0.0,2.0,0.35005779420142885
2020_08_LAC_DEN_spread,0.5129224652087475,-0.0207843846014819,-110.0,spread,2020_08_LAC_DEN,0.21,0.0,0.0,0.0,0.0,3.0,0.35005779420142885
2020_08_LAC_DEN_spread,0.5129224652087475,-0.0207843846014819,-110.0,spread,2020_08_LAC_DEN,0.21,0.0,0.0,0.0,0.0,4.0,0.35005779420142885
2020_08_PIT_BAL_spread,0.5253164556962026,0.0028768699654776,-110.0,spread,2020_08_PIT_BAL,0.21,0.006041426927503129,0.0,0.0,0.0,1.0,0.35005779420142885
2020_08_PIT_BAL_spread,0.5129224652087475,-0.0207843846014819,-110.0,spread,2020_08_PIT_BAL,0.21,0.0,0.0,0.0,0.0,2.0,0.35005779420142885
2020_08_PIT_BAL_spread,0.5253164556962026,0.0028768699654776,-110.0,spread,2020_08_PIT_BAL,0.21,0.006041426927503129,0.0,0.0,0.0,3.0,0.35005779420142885
2020_08_PIT_BAL_spread,0.5129224652087475,-0.0207843846014819,-110.0,spread,2020_08_PIT_BAL,0.21,0.0,0.0,0.0,0.0,4.0,0.35005779420142885
2020_08_SF_SEA_spread,0.3185037955571031,-0.391947299390985,-110.0,spread,2020_08_SF_SEA,0.21,0.0,0.0,0.0,0.0,1.0,0.35005779420142885
2020_08_SF_SEA_spread,0.143248995054433,-0.7265246458051733,-110.0,spread,2020_08_SF_SEA,0.21,0.0,0.0,0.0,0.0,2.0,0.35005779420142885
2020_09_BAL_IND_spread,0.3178175667914292,-0.3932573724890897,-110.0,spread,2020_09_BAL_IND,0.21,0.0,0.0,0.0,0.0,15.0,0.35005779420142885
2020_09_BAL_IND_spread,0.1437421676742598,-0.7255831344400494,-110.0,spread,2020_09_BAL_IND,0.21,0.0,0.0,0.0,0.0,16.0,0.35005779420142885
2020_09_MIA_ARI_spread,0.5275779376498799,0.0071942446043162,-110.0,spread,2020_09_MIA_ARI,0.21,0.015107913669064053,0.0,0.0,0.0,1.0,0.35005779420142885
2020_10_IND_TEN_spread,0.5129224652087475,-0.0207843846014819,-110.0,spread,2020_10_IND_TEN,0.21,0.0,0.0,0.0,0.0,3.0,0.35005779420142885
2020_10_PHI_NYG_spread,0.5129224652087475,-0.0207843846014819,-110.0,spread,2020_10_PHI_NYG,0.21,0.0,0.0,0.0,0.0,1.0,0.35005779420142885
2020_10_PHI_NYG_spread,0.5129224652087475,-0.0207843846014819,-110.0,spread,2020_10_PHI_NYG,0.21,0.0,0.0,0.0,0.0,2.0,0.35005779420142885
2020_10_PHI_NYG_spread,0.5129224652087475,-0.0207843846014819,-110.0,spread,2020_10_PHI_NYG,0.21,0.0,0.0,0.0,0.0,3.0,0.35005779420142885
2020_10_PHI_NYG_spread,0.5129224652087475,-0.0207843846014819,-110.0,spread,2020_10_PHI_NYG,0.21,0.0,0.0,0.0,0.0,4.0,0.35005779420142885
2020_10_TB_CAR_spread,0.5129224652087475,-0.0207843846014819,-110.0,spread,2020_10_TB_CAR,0.21,0.0,0.0,0.0,0.0,1.0,0.35005779420142885
2020_10_TB_CAR_spread,0.5129224652087475,-0.0207843846014819,-110.0,spread,2020_10_TB_CAR,0.21,0.0,0.0,0.0,0.0,2.0,0.35005779420142885
2020_10_TB_CAR_spread,0.5129224652087475,-0.0207843846014819,-110.0,spread,2020_10_TB_CAR,0.21,0.0,0.0,0.0,0.0,3.0,0.35005779420142885
2020_10_TB_CAR_spread,0.5129224652087475,-0.0207843846014819,-110.0,spread,2020_10_TB_CAR,0.21,0.0,0.0,0.0,0.0,4.0,0.35005779420142885
2020_11_ARI_SEA_spread,0.5129224652087475,-0.0207843846014819,-110.0,spread,2020_11_ARI_SEA,0.21,0.0,0.0,0.0,0.0,1.0,0.35005779420142885
2020_11_ARI_SEA_spread,0.5129224652087475,-0.0207843846014819,-110.0,spread,2020_11_ARI_SEA,0.21,0.0,0.0,0.0,0.0,2.0,0.35005779420142885
2020_11_ARI_SEA_spread,0.5129224652087475,-0.0207843846014819,-110.0,spread,2020_11_ARI_SEA,0.21,0.0,0.0,0.0,0.0,3.0,0.35005779420142885
2020_11_ARI_SEA_spread,0.5129224652087475,-0.0207843846014819,-110.0,spread,2020_11_ARI_SEA,0.21,0.0,0.0,0.0,0.0,4.0,0.35005779420142885
2020_11_ATL_NO_spread,0.5129224652087475,-0.0207843846014819,-110.0,spread,2020_11_ATL_NO,0.21,0.0,0.0,0.0,0.0,1.0,0.35005779420142885
2020_11_ATL_NO_spread,0.5129224652087475,-0.0207843846014819,-110.0,spread,2020_11_ATL_NO,0.21,0.0,0.0,0.0,0.0,2.0,0.35005779420142885
2020_11_ATL_NO_spread,0.5129224652087475,-0.0207843846014819,-110.0,spread,2020_11_ATL_NO,0.21,0.0,0.0,0.0,0.0,3.0,0.35005779420142885
2020_10_IND_TEN_spread,0.5129224652087475,-0.0207843846014819,-110.0,spread,2020_10_IND_TEN,0.21,0.0,0.0,0.0,0.0,4.0,0.35005779420142885
2020_10_IND_TEN_spread,0.5129224652087475,-0.0207843846014819,-110.0,spread,2020_10_IND_TEN,0.21,0.0,0.0,0.0,0.0,2.0,0.35005779420142885
2020_09_MIA_ARI_spread,0.5129224652087475,-0.0207843846014819,-110.0,spread,2020_09_MIA_ARI,0.21,0.0,0.0,0.0,0.0,2.0,0.35005779420142885
2020_10_IND_TEN_spread,0.5129224652087475,-0.0207843846014819,-110.0,spread,2020_10_IND_TEN,0.21,0.0,0.0,0.0,0.0,1.0,0.35005779420142885
2020_09_MIA_ARI_spread,0.5275779376498799,0.0071942446043162,-110.0,spread,2020_09_MIA_ARI,0.21,0.015107913669064053,0.0,0.0,0.0,3.0,0.35005779420142885
2020_09_MIA_ARI_spread,0.5129224652087475,-0.0207843846014819,-110.0,spread,2020_09_MIA_ARI,0.21,0.0,0.0,0.0,0.0,4.0,0.35005779420142885
2020_09_NO_TB_spread,0.5129224652087475,-0.0207843846014819,-110.0,spread,2020_09_NO_TB,0.21,0.0,0.0,0.0,0.0,1.0,0.35005779420142885
2020_09_NO_TB_spread,0.5129224652087475,-0.0207843846014819,-110.0,spread,2020_09_NO_TB,0.21,0.0,0.0,0.0,0.0,2.0,0.35005779420142885
2020_09_NO_TB_spread,0.5129224652087475,-0.0207843846014819,-110.0,spread,2020_09_NO_TB,0.21,0.0,0.0,0.0,0.0,3.0,0.35005779420142885
2020_09_NO_TB_spread,0.5129224652087475,-0.0207843846014819,-110.0,spread,2020_09_NO_TB,0.21,0.0,0.0,0.0,0.0,4.0,0.35005779420142885
2020_09_NYG_WAS_spread,0.5129224652087475,-0.0207843846014819,-110.0,spread,2020_09_NYG_WAS,0.21,0.0,0.0,0.0,0.0,1.0,0.35005779420142885
2020_09_NYG_WAS_spread,0.5129224652087475,-0.0207843846014819,-110.0,spread,2020_09_NYG_WAS,0.21,0.0,0.0,0.0,0.0,2.0,0.35005779420142885
2020_09_NYG_WAS_spread,0.5129224652087475,-0.0207843846014819,-110.0,spread,2020_09_NYG_WAS,0.21,0.0,0.0,0.0,0.0,3.0,0.35005779420142885
2020_09_NYG_WAS_spread,0.5129224652087475,-0.0207843846014819,-110.0,spread,2020_09_NYG_WAS,0.21,0.0,0.0,0.0,0.0,4.0,0.35005779420142885
2020_10_BAL_NE_spread,0.5253164556962026,0.0028768699654776,-110.0,spread,2020_10_BAL_NE,0.21,0.006041426927503129,0.0,0.0,0.0,1.0,0.35005779420142885
2020_10_CIN_PIT_spread,0.5275779376498799,0.0071942446043162,-110.0,spread,2020_10_CIN_PIT,0.21,0.015107913669064053,0.0,0.0,0.0,1.0,0.35005779420142885
2020_10_CIN_PIT_spread,0.5159171022334976,-0.0150673502815044,-110.0,spread,2020_10_CIN_PIT,0.21,0.0,0.0,0.0,0.0,2.0,0.35005779420142885
2020_10_CIN_PIT_spread,0.5275779376498799,0.0071942446043162,-110.0,spread,2020_10_CIN_PIT,0.21,0.015107913669064053,0.0,0.0,0.0,3.0,0.35005779420142885
2020_10_CIN_PIT_spread,0.5159171022334976,-0.0150673502815044,-110.0,spread,2020_10_CIN_PIT,0.21,0.0,0.0,0.0,0.0,4.0,0.35005779420142885
2020_07_SEA_ARI_spread,0.5129224652087475,-0.0207843846014819,-110.0,spread,2020_07_SEA_ARI,0.21,0.0,0.0,0.0,0.0,3.0,0.35005779420142885
2020_07_SEA_ARI_spread,0.5129224652087475,-0.0207843846014819,-110.0,spread,2020_07_SEA_ARI,0.21,0.0,0.0,0.0,0.0,2.0,0.35005779420142885
2020_07_SEA_ARI_spread,0.5129224652087475,-0.0207843846014819,-110.0,spread,2020_07_SEA_ARI,0.21,0.0,0.0,0.0,0.0,1.0,0.35005779420142885
2020_04_DEN_NYJ_spread,0.2273580848107088,-0.5659527471795559,-110.0,spread,2020_04_DEN_NYJ,0.21,0.0,0.0,0.0,0.0,2.0,0.35005779420142885
2020_04_DEN_NYJ_spread,0.2273580848107088,-0.5659527471795559,-110.0,spread,2020_04_DEN_NYJ,0.21,0.0,0.0,0.0,0.0,4.0,0.35005779420142885
2020_04_NE_KC_spread,0.5275779376498799,0.0071942446043162,-110.0,spread,2020_04_NE_KC,0.21,0.015107913669064053,0.0,0.0,0.0,1.0,0.35005779420142885
2020_04_NE_KC_spread,0.5253164556962026,0.0028768699654776,-110.0,spread,2020_04_NE_KC,0.21,0.006041426927503129,0.0,0.0,0.0,2.0,0.35005779420142885
2020_04_NE_KC_spread,0.5275779376498799,0.0071942446043162,-110.0,spread,2020_04_NE_KC,0.21,0.015107913669064053,0.0,0.0,0.0,3.0,0.35005779420142885
2020_04_NE_KC_spread,0.5253164556962026,0.0028768699654776,-110.0,spread,2020_04_NE_KC,0.21,0.006041426927503129,0.0,0.0,0.0,4.0,0.35005779420142885
2020_05_ARI_NYJ_spread,0.5275779376498799,0.0071942446043162,-110.0,spread,2020_05_ARI_NYJ,0.21,0.015107913669064053,0.0,0.0,0.0,1.0,0.35005779420142885
2020_05_BUF_TEN_spread,0.515310021657584,-0.0162263222900668,-110.0,spread,2020_05_BUF_TEN,0.21,0.0,0.0,0.0,0.0,1.0,0.35005779420142885
2020_05_BUF_TEN_spread,0.515310021657584,-0.0162263222900668,-110.0,spread,2020_05_BUF_TEN,0.21,0.0,0.0,0.0,0.0,2.0,0.35005779420142885
2020_05_BUF_TEN_spread,0.515310021657584,-0.0162263222900668,-110.0,spread,2020_05_BUF_TEN,0.21,0.0,0.0,0.0,0.0,3.0,0.35005779420142885
2020_05_BUF_TEN_spread,0.515310021657584,-0.0162263222900668,-110.0,spread,2020_05_BUF_TEN,0.21,0.0,0.0,0.0,0.0,4.0,0.35005779420142885
2020_05_CIN_BAL_spread,0.5275779376498799,0.0071942446043162,-110.0,spread,2020_05_CIN_BAL,0.21,0.015107913669064053,0.0,0.0,0.0,1.0,0.35005779420142885
2020_05_CIN_BAL_spread,0.5275779376498799,0.0071942446043162,-110.0,spread,2020_05_CIN_BAL,0.21,0.015107913669064053,0.0,0.0,0.0,2.0,0.35005779420142885
2020_05_CIN_BAL_spread,0.5275779376498799,0.0071942446043162,-110.0,spread,2020_05_CIN_BAL,0.21,0.015107913669064053,0.0,0.0,0.0,3.0,0.35005779420142885
2020_05_CIN_BAL_spread,0.5275779376498799,0.0071942446043162,-110.0,spread,2020_05_CIN_BAL,0.21,0.015107913669064053,0.0,0.0,0.0,4.0,0.35005779420142885
2020_05_MIN_SEA_spread,0.5275779376498799,0.0071942446043162,-110.0,spread,2020_05_MIN_SEA,0.21,0.015107913669064053,0.0,0.0,0.0,1.0,0.35005779420142885
2020_04_DEN_NYJ_spread,0.2343876608972374,-0.5525326473780013,-110.0,spread,2020_04_DEN_NYJ,0.21,0.0,0.0,0.0,0.0,3.0,0.35005779420142885
2020_04_DEN_NYJ_spread,0.2343876608972374,-0.5525326473780013,-110.0,spread,2020_04_DEN_NYJ,0.21,0.0,0.0,0.0,0.0,1.0,0.35005779420142885
2020_05_MIN_SEA_spread,0.5275779376498799,0.0071942446043162,-110.0,spread,2020_05_MIN_SEA,0.21,0.015107913669064053,0.0,0.0,0.0,3.0,0.35005779420142885
2020_04_ATL_GB_spread,0.5129224652087475,-0.0207843846014819,-110.0,spread,2020_04_ATL_GB,0.21,0.0,0.0,0.0,0.0,16.0,0.35005779420142885
2020_04_ATL_GB_spread,0.5275779376498799,0.0071942446043162,-110.0,spread,2020_04_ATL_GB,0.21,0.015107913669064053,0.0,0.0,0.0,1.0,0.35005779420142885
2020_04_ATL_GB_spread,0.5129224652087475,-0.0207843846014819,-110.0,spread,2020_04_ATL_GB,0.21,0.0,0.0,0.0,0.0,2.0,0.35005779420142885
2020_04_ATL_GB_spread,0.5129224652087475,-0.0207843846014819,-110.0,spread,2020_04_ATL_GB,0.21,0.0,0.0,0.0,0.0,3.0,0.35005779420142885
2020_04_ATL_GB_spread,0.5129224652087475,-0.0207843846014819,-110.0,spread,2020_04_ATL_GB,0.21,0.0,0.0,0.0,0.0,4.0,0.35005779420142885
2020_04_ATL_GB_spread,0.5275779376498799,0.0071942446043162,-110.0,spread,2020_04_ATL_GB,0.21,0.015107913669064053,0.0,0.0,0.0,5.0,0.35005779420142885
2020_04_ATL_GB_spread,0.5129224652087475,-0.0207843846014819,-110.0,spread,2020_04_ATL_GB,0.21,0.0,0.0,0.0,0.0,6.0,0.35005779420142885
2020_04_ATL_GB_spread,0.5129224652087475,-0.0207843846014819,-110.0,spread,2020_04_ATL_GB,0.21,0.0,0.0,0.0,0.0,7.0,0.35005779420142885
2020_04_ATL_GB_spread,0.5129224652087475,-0.0207843846014819,-110.0,spread,2020_04_ATL_GB,0.21,0.0,0.0,0.0,0.0,8.0,0.35005779420142885
2020_04_ATL_GB_spread,0.5275779376498799,0.0071942446043162,-110.0,spread,2020_04_ATL_GB,0.21,0.015107913669064053,0.0,0.0,0.0,9.0,0.35005779420142885
2020_04_ATL_GB_spread,0.5129224652087475,-0.0207843846014819,-110.0,spread,2020_04_ATL_GB,0.21,0.0,0.0,0.0,0.0,10.0,0.35005779420142885
2020_04_ATL_GB_spread,0.5129224652087475,-0.0207843846014819,-110.0,spread,2020_04_ATL_GB,0.21,0.0,0.0,0.0,0.0,11.0,0.35005779420142885
2020_04_ATL_GB_spread,0.5129224652087475,-0.0207843846014819,-110.0,spread,2020_04_ATL_GB,0.21,0.0,0.0,0.0,0.0,12.0,0.35005779420142885
2020_04_ATL_GB_spread,0.5275779376498799,0.0071942446043162,-110.0,spread,2020_04_ATL_GB,0.21,0.015107913669064053,0.0,0.0,0.0,13.0,0.35005779420142885
2020_04_ATL_GB_spread,0.5129224652087475,-0.0207843846014819,-110.0,spread,2020_04_ATL_GB,0.21,0.0,0.0,0.0,0.0,14.0,0.35005779420142885
2020_04_ATL_GB_spread,0.5129224652087475,-0.0207843846014819,-110.0,spread,2020_04_ATL_GB,0.21,0.0,0.0,0.0,0.0,15.0,0.35005779420142885
2020_05_MIN_SEA_spread,0.515938494482586,-0.0150265105332448,-110.0,spread,2020_05_MIN_SEA,0.21,0.0,0.0,0.0,0.0,2.0,0.35005779420142885
2020_05_MIN_SEA_spread,0.515938494482586,-0.0150265105332448,-110.0,spread,2020_05_MIN_SEA,0.21,0.0,0.0,0.0,0.0,4.0,0.35005779420142885
2020_07_PIT_TEN_spread,0.143425397081879,-0.726187878298231,-110.0,spread,2020_07_PIT_TEN,0.21,0.0,0.0,0.0,0.0,4.0,0.35005779420142885
2020_06_DEN_NE_spread,0.5253164556962026,0.0028768699654776,-110.0,spread,2020_06_DEN_NE,0.21,0.006041426927503129,0.0,0.0,0.0,4.0,0.35005779420142885
2020_07_BUF_NYJ_spread,0.5275779376498799,0.0071942446043162,-110.0,spread,2020_07_BUF_NYJ,0.21,0.015107913669064053,0.0,0.0,0.0,1.0,0.35005779420142885
2020_07_BUF_NYJ_spread,0.5275779376498799,0.0071942446043162,-110.0,spread,2020_07_BUF_NYJ,0.21,0.015107913669064053,0.0,0.0,0.0,2.0,0.35005779420142885
2020_07_BUF_NYJ_spread,0.5275779376498799,0.0071942446043162,-110.0,spread,2020_07_BUF_NYJ,0.21,0.015107913669064053,0.0,0.0,0.0,3.0,0.35005779420142885
2020_07_BUF_NYJ_spread,0.5275779376498799,0.0071942446043162,-110.0,spread,2020_07_BUF_NYJ,0.21,0.015107913669064053,0.0,0.0,0.0,4.0,0.35005779420142885
2020_07_KC_DEN_spread,0.5253164556962026,0.0028768699654776,-110.0,spread,2020_07_KC_DEN,0.21,0.006041426927503129,0.0,0.0,0.0,1.0,0.35005779420142885
2020_07_KC_DEN_spread,0.5253164556962026,0.0028768699654776,-110.0,spread,2020_07_KC_DEN,0.21,0.006041426927503129,0.0,0.0,0.0,2.0,0.35005779420142885
2020_07_KC_DEN_spread,0.5253164556962026,0.0028768699654776,-110.0,spread,2020_07_KC_DEN,0.21,0.006041426927503129,0.0,0.0,0.0,3.0,0.35005779420142885
2020_07_KC_DEN_spread,0.5253164556962026,0.0028768699654776,-110.0,spread,2020_07_KC_DEN,0.21,0.006041426927503129,0.0,0.0,0.0,4.0,0.35005779420142885
2020_07_NYG_PHI_spread,0.5275779376498799,0.0071942446043162,-110.0,spread,2020_07_NYG_PHI,0.21,0.015107913669064053,0.0,0.0,0.0,1.0,0.35005779420142885
2020_07_NYG_PHI_spread,0.5129224652087475,-0.0207843846014819,-110.0,spread,2020_07_NYG_PHI,0.21,0.0,0.0,0.0,0.0,2.0,0.35005779420142885
2020_07_NYG_PHI_spread,0.5275779376498799,0.0071942446043162,-110.0,spread,2020_07_NYG_PHI,0.21,0.015107913669064053,0.0,0.0,0.0,3.0,0.35005779420142885
2020_07_NYG_PHI_spread,0.5129224652087475,-0.0207843846014819,-110.0,spread,2020_07_NYG_PHI,0.21,0.0,0.0,0.0,0.0,4.0,0.35005779420142885
2020_07_PIT_TEN_spread,0.3181343556628174,-0.3926525937346213,-110.0,spread,2020_07_PIT_TEN,0.21,0.0,0.0,0.0,0.0,1.0,0.35005779420142885
2020_07_PIT_TEN_spread,0.143425397081879,-0.726187878298231,-110.0,spread,2020_07_PIT_TEN,0.21,0.0,0.0,0.0,0.0,2.0,0.35005779420142885
2020_07_PIT_TEN_spread,0.3181343556628174,-0.3926525937346213,-110.0,spread,2020_07_PIT_TEN,0.21,0.0,0.0,0.0,0.0,3.0,0.35005779420142885
2020_06_HOU_TEN_spread,0.5253164556962026,0.0028768699654776,-110.0,spread,2020_06_HOU_TEN,0.21,0.006041426927503129,0.0,0.0,0.0,1.0,0.35005779420142885
2020_06_DEN_NE_spread,0.5275779376498799,0.0071942446043162,-110.0,spread,2020_06_DEN_NE,0.21,0.015107913669064053,0.0,0.0,0.0,3.0,0.35005779420142885
2020_05_PHI_PIT_spread,0.5275779376498799,0.0071942446043162,-110.0,spread,2020_05_PHI_PIT,0.21,0.015107913669064053,0.0,0.0,0.0,1.0,0.35005779420142885
2020_06_DEN_NE_spread,0.5253164556962026,0.0028768699654776,-110.0,spread,2020_06_DEN_NE,0.21,0.006041426927503129,0.0,0.0,0.0,2.0,0.35005779420142885
2020_05_PHI_PIT_spread,0.5256550762108078,0.0035233273115421,-110.0,spread,2020_05_PHI_PIT,0.21,0.007398987354238633,0.0,0.0,0.0,2.0,0.35005779420142885
2020_05_PHI_PIT_spread,0.5275779376498799,0.0071942446043162,-110.0,spread,2020_05_PHI_PIT,0.21,0.015107913669064053,0.0,0.0,0.0,3.0,0.35005779420142885
2020_05_PHI_PIT_spread,0.5256550762108078,0.0035233273115421,-110.0,spread,2020_05_PHI_PIT,0.21,0.007398987354238633,0.0,0.0,0.0,4.0,0.35005779420142885
2020_06_BAL_PHI_spread,0.56,0.0690909090909092,-110.0,spread,2020_06_BAL_PHI,0.21,0.14509090909090944,0.03046909090909098,0.022851818181818237,0.0,2.0,0.35005779420142885
2020_06_BAL_PHI_spread,0.56,0.0690909090909092,-110.0,spread,2020_06_BAL_PHI,0.21,0.14509090909090944,0.03046909090909098,0.022851818181818237,0.0,3.0,0.35005779420142885
2020_06_BAL_PHI_spread,0.56,0.0690909090909092,-110.0,spread,2020_06_BAL_PHI,0.21,0.14509090909090944,0.03046909090909098,0.022851818181818237,0.0,4.0,0.35005779420142885
2020_06_CHI_CAR_spread,0.5129224652087475,-0.0207843846014819,-110.0,spread,2020_06_CHI_CAR,0.21,0.0,0.0,0.0,0.0,1.0,0.35005779420142885
2020_06_CHI_CAR_spread,0.5129224652087475,-0.0207843846014819,-110.0,spread,2020_06_CHI_CAR,0.21,0.0,0.0,0.0,0.0,2.0,0.35005779420142885
2020_06_CHI_CAR_spread,0.5129224652087475,-0.0207843846014819,-110.0,spread,2020_06_CHI_CAR,0.21,0.0,0.0,0.0,0.0,3.0,0.35005779420142885
2020_06_CHI_CAR_spread,0.5129224652087475,-0.0207843846014819,-110.0,spread,2020_06_CHI_CAR,0.21,0.0,0.0,0.0,0.0,4.0,0.35005779420142885
2020_06_CLE_PIT_spread,0.5129224652087475,-0.0207843846014819,-110.0,spread,2020_06_CLE_PIT,0.21,0.0,0.0,0.0,0.0,1.0,0.35005779420142885
2020_06_CLE_PIT_spread,0.5129224652087475,-0.0207843846014819,-110.0,spread,2020_06_CLE_PIT,0.21,0.0,0.0,0.0,0.0,2.0,0.35005779420142885
2020_06_CLE_PIT_spread,0.5129224652087475,-0.0207843846014819,-110.0,spread,2020_06_CLE_PIT,0.21,0.0,0.0,0.0,0.0,3.0,0.35005779420142885
2020_06_CLE_PIT_spread,0.5129224652087475,-0.0207843846014819,-110.0,spread,2020_06_CLE_PIT,0.21,0.0,0.0,0.0,0.0,4.0,0.35005779420142885
2020_06_DEN_NE_spread,0.5275779376498799,0.0071942446043162,-110.0,spread,2020_06_DEN_NE,0.21,0.015107913669064053,0.0,0.0,0.0,1.0,0.35005779420142885
2019_18_BUF_HOU_spread,0.5129224652087475,-0.0207843846014819,-110.0,spread,2019_18_BUF_HOU,0.21,0.0,0.0,0.0,0.0,16.0,0.35005779420142885
2019_18_BUF_HOU_spread,0.5129224652087475,-0.0207843846014819,-110.0,spread,2019_18_BUF_HOU,0.21,0.0,0.0,0.0,0.0,15.0,0.35005779420142885
2019_18_BUF_HOU_spread,0.5129224652087475,-0.0207843846014819,-110.0,spread,2019_18_BUF_HOU,0.21,0.0,0.0,0.0,0.0,14.0,0.35005779420142885
2019_07_HOU_IND_spread,0.5129224652087475,-0.0207843846014819,-110.0,spread,2019_07_HOU_IND,0.21,0.0,0.0,0.0,0.0,3.0,0.35005779420142885
2019_06_PHI_MIN_spread,0.5239806396541193,0.0003266757033187,-110.0,spread,2019_06_PHI_MIN,0.21,0.0006860189769693214,0.0,0.0,0.0,1.0,0.35005779420142885
2019_06_PHI_MIN_spread,0.5129224652087475,-0.0207843846014819,-110.0,spread,2019_06_PHI_MIN,0.21,0.0,0.0,0.0,0.0,2.0,0.35005779420142885
2019_06_PHI_MIN_spread,0.5239806396541193,0.0003266757033187,-110.0,spread,2019_06_PHI_MIN,0.21,0.0006860189769693214,0.0,0.0,0.0,3.0,0.35005779420142885
2019_06_PHI_MIN_spread,0.5129224652087475,-0.0207843846014819,-110.0,spread,2019_06_PHI_MIN,0.21,0.0,0.0,0.0,0.0,4.0,0.35005779420142885
2019_06_PIT_LAC_spread,0.5187274788812949,-0.0097020857720733,-110.0,spread,2019_06_PIT_LAC,0.21,0.0,0.0,0.0,0.0,1.0,0.35005779420142885
2019_07_HOU_IND_spread,0.5129224652087475,-0.0207843846014819,-110.0,spread,2019_07_HOU_IND,0.21,0.0,0.0,0.0,0.0,1.0,0.35005779420142885
2019_07_HOU_IND_spread,0.5129224652087475,-0.0207843846014819,-110.0,spread,2019_07_HOU_IND,0.21,0.0,0.0,0.0,0.0,2.0,0.35005779420142885
2019_07_HOU_IND_spread,0.5129224652087475,-0.0207843846014819,-110.0,spread,2019_07_HOU_IND,0.21,0.0,0.0,0.0,0.0,4.0,0.35005779420142885
2019_18_BUF_HOU_spread,0.5129224652087475,-0.0207843846014819,-110.0,spread,2019_18_BUF_HOU,0.21,0.0,0.0,0.0,0.0,13.0,0.35005779420142885
2019_07_KC_DEN_spread,0.5129224652087475,-0.0207843846014819,-110.0,spread,2019_07_KC_DEN,0.21,0.0,0.0,0.0,0.0,1.0,0.35005779420142885
2019_07_KC_DEN_spread,0.5129224652087475,-0.0207843846014819,-110.0,spread,2019_07_KC_DEN,0.21,0.0,0.0,0.0,0.0,2.0,0.35005779420142885
2019_07_KC_DEN_spread,0.5129224652087475,-0.0207843846014819,-110.0,spread,2019_07_KC_DEN,0.21,0.0,0.0,0.0,0.0,3.0,0.35005779420142885
2019_07_KC_DEN_spread,0.5129224652087475,-0.0207843846014819,-110.0,spread,2019_07_KC_DEN,0.21,0.0,0.0,0.0,0.0,4.0,0.35005779420142885
2019_07_LAC_TEN_spread,0.5129224652087475,-0.0207843846014819,-110.0,spread,2019_07_LAC_TEN,0.21,0.0,0.0,0.0,0.0,1.0,0.35005779420142885
2019_07_LAC_TEN_spread,0.5129224652087475,-0.0207843846014819,-110.0,spread,2019_07_LAC_TEN,0.21,0.0,0.0,0.0,0.0,2.0,0.35005779420142885
2019_07_LAC_TEN_spread,0.5129224652087475,-0.0207843846014819,-110.0,spread,2019_07_LAC_TEN,0.21,0.0,0.0,0.0,0.0,3.0,0.35005779420142885
2019_06_NYG_NE_spread,0.5275779376498799,0.0071942446043162,-110.0,spread,2019_06_NYG_NE,0.21,0.015107913669064053,0.0,0.0,0.0,4.0,0.35005779420142885
2019_06_NYG_NE_spread,0.5275779376498799,0.0071942446043162,-110.0,spread,2019_06_NYG_NE,0.21,0.015107913669064053,0.0,0.0,0.0,3.0,0.35005779420142885
2019_06_NYG_NE_spread,0.5275779376498799,0.0071942446043162,-110.0,spread,2019_06_NYG_NE,0.21,0.015107913669064053,0.0,0.0,0.0,2.0,0.35005779420142885
2019_06_NYG_NE_spread,0.5275779376498799,0.0071942446043162,-110.0,spread,2019_06_NYG_NE,0.21,0.015107913669064053,0.0,0.0,0.0,1.0,0.35005779420142885
2019_05_CHI_OAK_spread,0.5275779376498799,0.0071942446043162,-110.0,spread,2019_05_CHI_OAK,0.21,0.015107913669064053,0.0,0.0,0.0,3.0,0.35005779420142885
2019_05_CHI_OAK_spread,0.5275779376498799,0.0071942446043162,-110.0,spread,2019_05_CHI_OAK,0.21,0.015107913669064053,0.0,0.0,0.0,4.0,0.35005779420142885
2019_05_DEN_LAC_spread,0.5274785584360814,0.0070045206507008,-110.0,spread,2019_05_DEN_LAC,0.21,0.014709493366471725,0.0,0.0,0.0,1.0,0.35005779420142885
2019_05_DEN_LAC_spread,0.5129224652087475,-0.0207843846014819,-110.0,spread,2019_05_DEN_LAC,0.21,0.0,0.0,0.0,0.0,2.0,0.35005779420142885
2019_05_DEN_LAC_spread,0.5274785584360814,0.0070045206507008,-110.0,spread,2019_05_DEN_LAC,0.21,0.014709493366471725,0.0,0.0,0.0,3.0,0.35005779420142885
2019_05_DEN_LAC_spread,0.5129224652087475,-0.0207843846014819,-110.0,spread,2019_05_DEN_LAC,0.21,0.0,0.0,0.0,0.0,4.0,0.35005779420142885
2019_05_GB_DAL_spread,0.5129224652087475,-0.0207843846014819,-110.0,spread,2019_05_GB_DAL,0.21,0.0,0.0,0.0,0.0,1.0,0.35005779420142885
2019_06_CAR_TB_spread,0.5129224652087475,-0.0207843846014819,-110.0,spread,2019_06_CAR_TB,0.21,0.0,0.0,0.0,0.0,1.0,0.35005779420142885
2019_06_CAR_TB_spread,0.5129224652087475,-0.0207843846014819,-110.0,spread,2019_06_CAR_TB,0.21,0.0,0.0,0.0,0.0,2.0,0.35005779420142885
2019_06_CAR_TB_spread,0.5129224652087475,-0.0207843846014819,-110.0,spread,2019_06_CAR_TB,0.21,0.0,0.0,0.0,0.0,3.0,0.35005779420142885
2019_06_CAR_TB_spread,0.5129224652087475,-0.0207843846014819,-110.0,spread,2019_06_CAR_TB,0.21,0.0,0.0,0.0,0.0,4.0,0.35005779420142885
2019_06_DET_GB_spread,0.5239730718272874,0.0003122280339122,-110.0,spread,2019_06_DET_GB,0.21,0.0006556788712156646,0.0,0.0,0.0,1.0,0.35005779420142885
2019_06_DET_GB_spread,0.5129224652087475,-0.0207843846014819,-110.0,spread,2019_06_DET_GB,0.21,0.0,0.0,0.0,0.0,2.0,0.35005779420142885
2019_06_DET_GB_spread,0.5239730718272874,0.0003122280339122,-110.0,spread,2019_06_DET_GB,0.21,0.0006556788712156646,0.0,0.0,0.0,3.0,0.35005779420142885
2019_06_DET_GB_spread,0.5129224652087475,-0.0207843846014819,-110.0,spread,2019_06_DET_GB,0.21,0.0,0.0,0.0,0.0,4.0,0.35005779420142885
2019_07_LAC_TEN_spread,0.5129224652087475,-0.0207843846014819,-110.0,spread,2019_07_LAC_TEN,0.21,0.0,0.0,0.0,0.0,4.0,0.35005779420142885
2019_07_MIA_BUF_spread,0.5275779376498799,0.0071942446043162,-110.0,spread,2019_07_MIA_BUF,0.21,0.015107913669064053,0.0,0.0,0.0,1.0,0.35005779420142885
2019_07_MIA_BUF_spread,0.5275779376498799,0.0071942446043162,-110.0,spread,2019_07_MIA_BUF,0.21,0.015107913669064053,0.0,0.0,0.0,2.0,0.35005779420142885
2019_08_OAK_HOU_spread,0.5129224652087475,-0.0207843846014819,-110.0,spread,2019_08_OAK_HOU,0.21,0.0,0.0,0.0,0.0,4.0,0.35005779420142885
2019_09_DAL_NYG_spread,0.5275779376498799,0.0071942446043162,-110.0,spread,2019_09_DAL_NYG,0.21,0.015107913669064053,0.0,0.0,0.0,1.0,0.35005779420142885
2019_09_DAL_NYG_spread,0.5275779376498799,0.0071942446043162,-110.0,spread,2019_09_DAL_NYG,0.21,0.015107913669064053,0.0,0.0,0.0,2.0,0.35005779420142885
2019_09_DAL_NYG_spread,0.5275779376498799,0.0071942446043162,-110.0,spread,2019_09_DAL_NYG,0.21,0.015107913669064053,0.0,0.0,0.0,3.0,0.35005779420142885
2019_09_DAL_NYG_spread,0.5275779376498799,0.0071942446043162,-110.0,spread,2019_09_DAL_NYG,0.21,0.015107913669064053,0.0,0.0,0.0,4.0,0.35005779420142885
2019_09_GB_LAC_spread,0.5275779376498799,0.0071942446043162,-110.0,spread,2019_09_GB_LAC,0.21,0.015107913669064053,0.0,0.0,0.0,1.0,0.35005779420142885
2019_09_GB_LAC_spread,0.5275779376498799,0.0071942446043162,-110.0,spread,2019_09_GB_LAC,0.21,0.015107913669064053,0.0,0.0,0.0,2.0,0.35005779420142885
2019_09_GB_LAC_spread,0.5275779376498799,0.0071942446043162,-110.0,spread,2019_09_GB_LAC,0.21,0.015107913669064053,0.0,0.0,0.0,3.0,0.35005779420142885
2019_09_GB_LAC_spread,0.5275779376498799,0.0071942446043162,-110.0,spread,2019_09_GB_LAC,0.21,0.015107913669064053,0.0,0.0,0.0,4.0,0.35005779420142885
2019_09_HOU_JAX_spread,0.5129224652087475,-0.0207843846014819,-110.0,spread,2019_09_HOU_JAX,0.21,0.0,0.0,0.0,0.0,1.0,0.35005779420142885
2019_09_HOU_JAX_spread,0.5129224652087475,-0.0207843846014819,-110.0,spread,2019_09_HOU_JAX,0.21,0.0,0.0,0.0,0.0,2.0,0.35005779420142885
2019_09_HOU_JAX_spread,0.5129224652087475,-0.0207843846014819,-110.0,spread,2019_09_HOU_JAX,0.21,0.0,0.0,0.0,0.0,3.0,0.35005779420142885
2019_09_HOU_JAX_spread,0.5129224652087475,-0.0207843846014819,-110.0,spread,2019_09_HOU_JAX,0.21,0.0,0.0,0.0,0.0,4.0,0.35005779420142885
2019_09_IND_PIT_spread,0.5129224652087475,-0.0207843846014819,-110.0,spread,2019_09_IND_PIT,0.21,0.0,0.0,0.0,0.0,1.0,0.35005779420142885
2019_09_IND_PIT_spread,0.5129224652087475,-0.0207843846014819,-110.0,spread,2019_09_IND_PIT,0.21,0.0,0.0,0.0,0.0,2.0,0.35005779420142885
2019_09_IND_PIT_spread,0.5129224652087475,-0.0207843846014819,-110.0,spread,2019_09_IND_PIT,0.21,0.0,0.0,0.0,0.0,3.0,0.35005779420142885
2019_08_WAS_MIN_spread,0.5275779376498799,0.0071942446043162,-110.0,spread,2019_08_WAS_MIN,0.21,0.015107913669064053,0.0,0.0,0.0,1.0,0.35005779420142885
2019_08_OAK_HOU_spread,0.5275779376498799,0.0071942446043162,-110.0,spread,2019_08_OAK_HOU,0.21,0.015107913669064053,0.0,0.0,0.0,3.0,0.35005779420142885
2019_07_MIA_BUF_spread,0.5275779376498799,0.0071942446043162,-110.0,spread,2019_07_MIA_BUF,0.21,0.015107913669064053,0.0,0.0,0.0,3.0,0.35005779420142885
2019_08_OAK_HOU_spread,0.5129224652087475,-0.0207843846014819,-110.0,spread,2019_08_OAK_HOU,0.21,0.0,0.0,0.0,0.0,2.0,0.35005779420142885
2019_07_MIA_BUF_spread,0.5275779376498799,0.0071942446043162,-110.0,spread,2019_07_MIA_BUF,0.21,0.015107913669064053,0.0,0.0,0.0,4.0,0.35005779420142885
2019_07_MIN_DET_spread,0.5129224652087475,-0.0207843846014819,-110.0,spread,2019_07_MIN_DET,0.21,0.0,0.0,0.0,0.0,1.0,0.35005779420142885
2019_08_ARI_NO_spread,0.5275779376498799,0.0071942446043162,-110.0,spread,2019_08_ARI_NO,0.21,0.015107913669064053,0.0,0.0,0.0,1.0,0.35005779420142885
2019_08_ARI_NO_spread,0.5275779376498799,0.0071942446043162,-110.0,spread,2019_08_ARI_NO,0.21,0.015107913669064053,0.0,0.0,0.0,2.0,0.35005779420142885
2019_08_ARI_NO_spread,0.5275779376498799,0.0071942446043162,-110.0,spread,2019_08_ARI_NO,0.21,0.015107913669064053,0.0,0.0,0.0,3.0,0.35005779420142885
2019_08_ARI_NO_spread,0.5275779376498799,0.0071942446043162,-110.0,spread,2019_08_ARI_NO,0.21,0.015107913669064053,0.0,0.0,0.0,4.0,0.35005779420142885
2019_08_CLE_NE_spread,0.5275779376498799,0.0071942446043162,-110.0,spread,2019_08_CLE_NE,0.21,0.015107913669064053,0.0,0.0,0.0,1.0,0.35005779420142885
2019_08_CLE_NE_spread,0.5275779376498799,0.0071942446043162,-110.0,spread,2019_08_CLE_NE,0.21,0.015107913669064053,0.0,0.0,0.0,2.0,0.35005779420142885
2019_08_CLE_NE_spread,0.5275779376498799,0.0071942446043162,-110.0,spread,2019_08_CLE_NE,0.21,0.015107913669064053,0.0,0.0,0.0,3.0,0.35005779420142885
2019_08_CLE_NE_spread,0.5275779376498799,0.0071942446043162,-110.0,spread,2019_08_CLE_NE,0.21,0.015107913669064053,0.0,0.0,0.0,4.0,0.35005779420142885
2019_08_LAC_CHI_spread,0.5239928211295164,0.0003499312472586,-110.0,spread,2019_08_LAC_CHI,0.21,0.0007348556192431021,0.0,0.0,0.0,1.0,0.35005779420142885
2019_08_LAC_CHI_spread,0.5129224652087475,-0.0207843846014819,-110.0,spread,2019_08_LAC_CHI,0.21,0.0,0.0,0.0,0.0,2.0,0.35005779420142885
2019_08_LAC_CHI_spread,0.5239928211295164,0.0003499312472586,-110.0,spread,2019_08_LAC_CHI,0.21,0.0007348556192431021,0.0,0.0,0.0,3.0,0.35005779420142885
2019_08_LAC_CHI_spread,0.5129224652087475,-0.0207843846014819,-110.0,spread,2019_08_LAC_CHI,0.21,0.0,0.0,0.0,0.0,4.0,0.35005779420142885
2019_08_OAK_HOU_spread,0.5275779376498799,0.0071942446043162,-110.0,spread,2019_08_OAK_HOU,0.21,0.015107913669064053,0.0,0.0,0.0,1.0,0.35005779420142885
2019_05_CHI_OAK_spread,0.5275779376498799,0.0071942446043162,-110.0,spread,2019_05_CHI_OAK,0.21,0.015107913669064053,0.0,0.0,0.0,2.0,0.35005779420142885
2019_05_CHI_OAK_spread,0.5275779376498799,0.0071942446043162,-110.0,spread,2019_05_CHI_OAK,0.21,0.015107913669064053,0.0,0.0,0.0,1.0,0.35005779420142885
2019_05_BUF_TEN_spread,0.5129224652087475,-0.0207843846014819,-110.0,spread,2019_05_BUF_TEN,0.21,0.0,0.0,0.0,0.0,4.0,0.35005779420142885
2019_02_ARI_BAL_spread,0.5275779376498799,0.0071942446043162,-110.0,spread,2019_02_ARI_BAL,0.21,0.015107913669064053,0.0,0.0,0.0,3.0,0.35005779420142885
2019_02_CHI_DEN_spread,0.5240759980322692,0.0005087235161503,-110.0,spread,2019_02_CHI_DEN,0.21,0.001068319383915689,0.0,0.0,0.0,1.0,0.35005779420142885
2019_02_CHI_DEN_spread,0.5240759980322692,0.0005087235161503,-110.0,spread,2019_02_CHI_DEN,0.21,0.001068319383915689,0.0,0.0,0.0,2.0,0.35005779420142885
2019_02_CHI_DEN_spread,0.5240759980322692,0.0005087235161503,-110.0,spread,2019_02_CHI_DEN,0.21,0.001068319383915689,0.0,0.0,0.0,3.0,0.35005779420142885
2019_02_CHI_DEN_spread,0.5240759980322692,0.0005087235161503,-110.0,spread,2019_02_CHI_DEN,0.21,0.001068319383915689,0.0,0.0,0.0,4.0,0.35005779420142885
2019_02_CLE_NYJ_spread,0.5275779376498799,0.0071942446043162,-110.0,spread,2019_02_CLE_NYJ,0.21,0.015107913669064053,0.0,0.0,0.0,1.0,0.35005779420142885
2019_02_CLE_NYJ_spread,0.5275779376498799,0.0071942446043162,-110.0,spread,2019_02_CLE_NYJ,0.21,0.015107913669064053,0.0,0.0,0.0,2.0,0.35005779420142885
2019_02_CLE_NYJ_spread,0.5275779376498799,0.0071942446043162,-110.0,spread,2019_02_CLE_NYJ,0.21,0.015107913669064053,0.0,0.0,0.0,3.0,0.35005779420142885
2019_02_CLE_NYJ_spread,0.5275779376498799,0.0071942446043162,-110.0,spread,2019_02_CLE_NYJ,0.21,0.015107913669064053,0.0,0.0,0.0,4.0,0.35005779420142885
2019_02_IND_TEN_spread,0.5129224652087475,-0.0207843846014819,-110.0,spread,2019_02_IND_TEN,0.21,0.0,0.0,0.0,0.0,1.0,0.35005779420142885
2019_02_IND_TEN_spread,0.5129224652087475,-0.0207843846014819,-110.0,spread,2019_02_IND_TEN,0.21,0.0,0.0,0.0,0.0,2.0,0.35005779420142885
2019_02_IND_TEN_spread,0.5129224652087475,-0.0207843846014819,-110.0,spread,2019_02_IND_TEN,0.21,0.0,0.0,0.0,0.0,3.0,0.35005779420142885
2019_02_IND_TEN_spread,0.5129224652087475,-0.0207843846014819,-110.0,spread,2019_02_IND_TEN,0.21,0.0,0.0,0.0,0.0,4.0,0.35005779420142885
2019_02_KC_OAK_spread,0.5275779376498799,0.0071942446043162,-110.0,spread,2019_02_KC_OAK,0.21,0.015107913669064053,0.0,0.0,0.0,1.0,0.35005779420142885
2019_03_BAL_KC_spread,0.5275779376498799,0.0071942446043162,-110.0,spread,2019_03_BAL_KC,0.21,0.015107913669064053,0.0,0.0,0.0,1.0,0.35005779420142885
2019_03_BAL_KC_spread,0.5129224652087475,-0.0207843846014819,-110.0,spread,2019_03_BAL_KC,0.21,0.0,0.0,0.0,0.0,2.0,0.35005779420142885
2019_02_ARI_BAL_spread,0.5275779376498799,0.0071942446043162,-110.0,spread,2019_02_ARI_BAL,0.21,0.015107913669064053,0.0,0.0,0.0,4.0,0.35005779420142885
2019_02_ARI_BAL_spread,0.5275779376498799,0.0071942446043162,-110.0,spread,2019_02_ARI_BAL,0.21,0.015107913669064053,0.0,0.0,0.0,2.0,0.35005779420142885
2019_03_BAL_KC_spread,0.5129224652087475,-0.0207843846014819,-110.0,spread,2019_03_BAL_KC,0.21,0.0,0.0,0.0,0.0,4.0,0.35005779420142885
2019_02_ARI_BAL_spread,0.5275779376498799,0.0071942446043162,-110.0,spread,2019_02_ARI_BAL,0.21,0.015107913669064053,0.0,0.0,0.0,1.0,0.35005779420142885
2019_01_ATL_MIN_spread,0.5253164556962026,0.0028768699654776,-110.0,spread,2019_01_ATL_MIN,0.21,0.006041426927503129,0.0,0.0,0.0,3.0,0.35005779420142885
2019_01_ATL_MIN_spread,0.5129224652087475,-0.0207843846014819,-110.0,spread,2019_01_ATL_MIN,0.21,0.0,0.0,0.0,0.0,4.0,0.35005779420142885
2019_01_BAL_MIA_spread,0.5275779376498799,0.0071942446043162,-110.0,spread,2019_01_BAL_MIA,0.21,0.015107913669064053,0.0,0.0,0.0,1.0,0.35005779420142885
2019_01_BAL_MIA_spread,0.5275779376498799,0.0071942446043162,-110.0,spread,2019_01_BAL_MIA,0.21,0.015107913669064053,0.0,0.0,0.0,2.0,0.35005779420142885
2019_01_BAL_MIA_spread,0.5275779376498799,0.0071942446043162,-110.0,spread,2019_01_BAL_MIA,0.21,0.015107913669064053,0.0,0.0,0.0,3.0,0.35005779420142885
2019_01_BAL_MIA_spread,0.5275779376498799,0.0071942446043162,-110.0,spread,2019_01_BAL_MIA,0.21,0.015107913669064053,0.0,0.0,0.0,4.0,0.35005779420142885
2019_01_BUF_NYJ_spread,0.5129224652087475,-0.0207843846014819,-110.0,spread,2019_01_BUF_NYJ,0.21,0.0,0.0,0.0,0.0,1.0,0.35005779420142885
2019_01_BUF_NYJ_spread,0.5129224652087475,-0.0207843846014819,-110.0,spread,2019_01_BUF_NYJ,0.21,0.0,0.0,0.0,0.0,2.0,0.35005779420142885
2019_01_BUF_NYJ_spread,0.5129224652087475,-0.0207843846014819,-110.0,spread,2019_01_BUF_NYJ,0.21,0.0,0.0,0.0,0.0,3.0,0.35005779420142885
2019_01_BUF_NYJ_spread,0.5129224652087475,-0.0207843846014819,-110.0,spread,2019_01_BUF_NYJ,0.21,0.0,0.0,0.0,0.0,4.0,0.35005779420142885
2019_01_CIN_SEA_spread,0.5275779376498799,0.0071942446043162,-110.0,spread,2019_01_CIN_SEA,0.21,0.015107913669064053,0.0,0.0,0.0,1.0,0.35005779420142885
2019_01_CIN_SEA_spread,0.5275779376498799,0.0071942446043162,-110.0,spread,2019_01_CIN_SEA,0.21,0.015107913669064053,0.0,0.0,0.0,2.0,0.35005779420142885
2019_01_CIN_SEA_spread,0.5275779376498799,0.0071942446043162,-110.0,spread,2019_01_CIN_SEA,0.21,0.015107913669064053,0.0,0.0,0.0,3.0,0.35005779420142885
2019_01_CIN_SEA_spread,0.5275779376498799,0.0071942446043162,-110.0,spread,2019_01_CIN_SEA,0.21,0.015107913669064053,0.0,0.0,0.0,4.0,0.35005779420142885
2019_01_DEN_OAK_spread,0.5221048884206189,-0.003254303924273,-110.0,spread,2019_01_DEN_OAK,0.21,0.0,0.0,0.0,0.0,1.0,0.35005779420142885
2019_03_BAL_KC_spread,0.5275779376498799,0.0071942446043162,-110.0,spread,2019_03_BAL_KC,0.21,0.015107913669064053,0.0,0.0,0.0,3.0,0.35005779420142885
2019_03_CHI_WAS_spread,0.5275779376498799,0.0071942446043162,-110.0,spread,2019_03_CHI_WAS,0.21,0.015107913669064053,0.0,0.0,0.0,1.0,0.35005779420142885
2019_05_BUF_TEN_spread,0.5239919927690543,0.0003483498318309,-110.0,spread,2019_05_BUF_TEN,0.21,0.000731534646844878,0.0,0.0,0.0,3.0,0.35005779420142885
2019_04_KC_DET_spread,0.5275779376498799,0.0071942446043162,-110.0,spread,2019_04_KC_DET,0.21,0.015107913669064053,0.0,0.0,0.0,3.0,0.35005779420142885
2019_04_MIN_CHI_spread,0.5129224652087475,-0.0207843846014819,-110.0,spread,2019_04_MIN_CHI,0.21,0.0,0.0,0.0,0.0,1.0,0.35005779420142885
2019_04_MIN_CHI_spread,0.5129224652087475,-0.0207843846014819,-110.0,spread,2019_04_MIN_CHI,0.21,0.0,0.0,0.0,0.0,2.0,0.35005779420142885
2019_04_MIN_CHI_spread,0.5129224652087475,-0.0207843846014819,-110.0,spread,2019_04_MIN_CHI,0.21,0.0,0.0,0.0,0.0,3.0,0.35005779420142885
2019_04_MIN_CHI_spread,0.5129224652087475,-0.0207843846014819,-110.0,spread,2019_04_MIN_CHI,0.21,0.0,0.0,0.0,0.0,4.0,0.35005779420142885
2019_04_NE_BUF_spread,0.5258641184638174,0.0039224079763787,-110.0,spread,2019_04_NE_BUF,0.21,0.008237056750395287,0.0,0.0,0.0,1.0,0.35005779420142885
2019_04_NE_BUF_spread,0.5258641184638174,0.0039224079763787,-110.0,spread,2019_04_NE_BUF,0.21,0.008237056750395287,0.0,0.0,0.0,2.0,0.35005779420142885
2019_04_NE_BUF_spread,0.5258641184638174,0.0039224079763787,-110.0,spread,2019_04_NE_BUF,0.21,0.008237056750395287,0.0,0.0,0.0,3.0,0.35005779420142885
2019_04_NE_BUF_spread,0.5258641184638174,0.0039224079763787,-110.0,spread,2019_04_NE_BUF,0.21,0.008237056750395287,0.0,0.0,0.0,4.0,0.35005779420142885
2019_04_PHI_GB_spread,0.5129224652087475,-0.0207843846014819,-110.0,spread,2019_04_PHI_GB,0.21,0.0,0.0,0.0,0.0,1.0,0.35005779420142885
2019_05_ATL_HOU_spread,0.5274771847049362,0.00700189807306,-110.0,spread,2019_05_ATL_HOU,0.21,0.014703985953426028,0.0,0.0,0.0,1.0,0.35005779420142885
2019_05_ATL_HOU_spread,0.5129224652087475,-0.0207843846014819,-110.0,spread,2019_05_ATL_HOU,0.21,0.0,0.0,0.0,0.0,2.0,0.35005779420142885
2019_05_ATL_HOU_spread,0.5274771847049362,0.00700189807306,-110.0,spread,2019_05_ATL_HOU,0.21,0.014703985953426028,0.0,0.0,0.0,3.0,0.35005779420142885
2019_05_ATL_HOU_spread,0.5129224652087475,-0.0207843846014819,-110.0,spread,2019_05_ATL_HOU,0.21,0.0,0.0,0.0,0.0,4.0,0.35005779420142885
2019_05_BUF_TEN_spread,0.5239919927690543,0.0003483498318309,-110.0,spread,2019_05_BUF_TEN,0.21,0.000731534646844878,0.0,0.0,0.0,1.0,0.35005779420142885
2019_05_BUF_TEN_spread,0.5129224652087475,-0.0207843846014819,-110.0,spread,2019_05_BUF_TEN,0.21,0.0,0.0,0.0,0.0,2.0,0.35005779420142885
2019_04_KC_DET_spread,0.5275779376498799,0.0071942446043162,-110.0,spread,2019_04_KC_DET,0.21,0.015107913669064053,0.0,0.0,0.0,4.0,0.35005779420142885
2019_04_KC_DET_spread,0.5275779376498799,0.0071942446043162,-110.0,spread,2019_04_KC_DET,0.21,0.015107913669064053,0.0,0.0,0.0,2.0,0.35005779420142885
2019_03_CHI_WAS_spread,0.5275779376498799,0.0071942446043162,-110.0,spread,2019_03_CHI_WAS,0.21,0.015107913669064053,0.0,0.0,0.0,2.0,0.35005779420142885
2019_04_KC_DET_spread,0.5275779376498799,0.0071942446043162,-110.0,spread,2019_04_KC_DET,0.21,0.015107913669064053,0.0,0.0,0.0,1.0,0.35005779420142885
2019_03_CHI_WAS_spread,0.5275779376498799,0.0071942446043162,-110.0,spread,2019_03_CHI_WAS,0.21,0.015107913669064053,0.0,0.0,0.0,3.0,0.35005779420142885
2019_03_CHI_WAS_spread,0.5275779376498799,0.0071942446043162,-110.0,spread,2019_03_CHI_WAS,0.21,0.015107913669064053,0.0,0.0,0.0,4.0,0.35005779420142885
2019_03_CIN_BUF_spread,0.5275779376498799,0.0071942446043162,-110.0,spread,2019_03_CIN_BUF,0.21,0.015107913669064053,0.0,0.0,0.0,1.0,0.35005779420142885
2019_03_CIN_BUF_spread,0.5129224652087475,-0.0207843846014819,-110.0,spread,2019_03_CIN_BUF,0.21,0.0,0.0,0.0,0.0,2.0,0.35005779420142885
2019_03_CIN_BUF_spread,0.5275779376498799,0.0071942446043162,-110.0,spread,2019_03_CIN_BUF,0.21,0.015107913669064053,0.0,0.0,0.0,3.0,0.35005779420142885
2019_03_CIN_BUF_spread,0.5129224652087475,-0.0207843846014819,-110.0,spread,2019_03_CIN_BUF,0.21,0.0,0.0,0.0,0.0,4.0,0.35005779420142885
2019_03_DEN_GB_spread,0.5275779376498799,0.0071942446043162,-110.0,spread,2019_03_DEN_GB,0.21,0.015107913669064053,0.0,0.0,0.0,1.0,0.35005779420142885
2019_03_DEN_GB_spread,0.5254705010308656,0.0031709565134706,-110.0,spread,2019_03_DEN_GB,0.21,0.006659008678288252,0.0,0.0,0.0,2.0,0.35005779420142885
2019_03_DEN_GB_spread,0.5275779376498799,0.0071942446043162,-110.0,spread,2019_03_DEN_GB,0.21,0.015107913669064053,0.0,0.0,0.0,3.0,0.35005779420142885
2019_03_DEN_GB_spread,0.5254705010308656,0.0031709565134706,-110.0,spread,2019_03_DEN_GB,0.21,0.006659008678288252,0.0,0.0,0.0,4.0,0.35005779420142885
2019_03_HOU_LAC_spread,0.5129224652087475,-0.0207843846014819,-110.0,spread,2019_03_HOU_LAC,0.21,0.0,0.0,0.0,0.0,1.0,0.35005779420142885
2019_04_CLE_BAL_spread,0.5275779376498799,0.0071942446043162,-110.0,spread,2019_04_CLE_BAL,0.21,0.015107913669064053,0.0,0.0,0.0,1.0,0.35005779420142885
2019_04_CLE_BAL_spread,0.5275779376498799,0.0071942446043162,-110.0,spread,2019_04_CLE_BAL,0.21,0.015107913669064053,0.0,0.0,0.0,2.0,0.35005779420142885
2019_04_CLE_BAL_spread,0.5275779376498799,0.0071942446043162,-110.0,spread,2019_04_CLE_BAL,0.21,0.015107913669064053,0.0,0.0,0.0,3.0,0.35005779420142885
2019_04_CLE_BAL_spread,0.5275779376498799,0.0071942446043162,-110.0,spread,2019_04_CLE_BAL,0.21,0.015107913669064053,0.0,0.0,0.0,4.0,0.35005779420142885
2019_09_IND_PIT_spread,0.5129224652087475,-0.0207843846014819,-110.0,spread,2019_09_IND_PIT,0.21,0.0,0.0,0.0,0.0,4.0,0.35005779420142885
2019_09_MIN_KC_spread,0.5129224652087475,-0.0207843846014819,-110.0,spread,2019_09_MIN_KC,0.21,0.0,0.0,0.0,0.0,1.0,0.35005779420142885
2019_09_MIN_KC_spread,0.5129224652087475,-0.0207843846014819,-110.0,spread,2019_09_MIN_KC,0.21,0.0,0.0,0.0,0.0,2.0,0.35005779420142885
2019_15_CHI_GB_spread,0.5129224652087475,-0.0207843846014819,-110.0,spread,2019_15_CHI_GB,0.21,0.0,0.0,0.0,0.0,4.0,0.35005779420142885
2019_15_DEN_KC_spread,0.5275779376498799,0.0071942446043162,-110.0,spread,2019_15_DEN_KC,0.21,0.015107913669064053,0.0,0.0,0.0,2.0,0.35005779420142885
2019_15_DEN_KC_spread,0.5275779376498799,0.0071942446043162,-110.0,spread,2019_15_DEN_KC,0.21,0.015107913669064053,0.0,0.0,0.0,3.0,0.35005779420142885
2019_15_DEN_KC_spread,0.5275779376498799,0.0071942446043162,-110.0,spread,2019_15_DEN_KC,0.21,0.015107913669064053,0.0,0.0,0.0,4.0,0.35005779420142885
2019_15_HOU_TEN_spread,0.5129224652087475,-0.0207843846014819,-110.0,spread,2019_15_HOU_TEN,0.21,0.0,0.0,0.0,0.0,1.0,0.35005779420142885
2019_15_HOU_TEN_spread,0.5129224652087475,-0.0207843846014819,-110.0,spread,2019_15_HOU_TEN,0.21,0.0,0.0,0.0,0.0,2.0,0.35005779420142885
2019_15_HOU_TEN_spread,0.5129224652087475,-0.0207843846014819,-110.0,spread,2019_15_HOU_TEN,0.21,0.0,0.0,0.0,0.0,3.0,0.35005779420142885
2019_15_HOU_TEN_spread,0.5129224652087475,-0.0207843846014819,-110.0,spread,2019_15_HOU_TEN,0.21,0.0,0.0,0.0,0.0,4.0,0.35005779420142885
2019_15_IND_NO_spread,0.5275779376498799,0.0071942446043162,-110.0,spread,2019_15_IND_NO,0.21,0.015107913669064053,0.0,0.0,0.0,1.0,0.35005779420142885
2019_16_BAL_CLE_spread,0.56,0.0690909090909092,-110.0,spread,2019_16_BAL_CLE,0.21,0.14509090909090944,0.03046909090909098,0.022851818181818237,0.0,2.0,0.35005779420142885
2019_16_BAL_CLE_spread,0.56,0.0690909090909092,-110.0,spread,2019_16_BAL_CLE,0.21,0.14509090909090944,0.03046909090909098,0.022851818181818237,0.0,3.0,0.35005779420142885
2019_16_BAL_CLE_spread,0.56,0.0690909090909092,-110.0,spread,2019_16_BAL_CLE,0.21,0.14509090909090944,0.03046909090909098,0.022851818181818237,0.0,4.0,0.35005779420142885
2019_16_BUF_NE_spread,0.5275779376498799,0.0071942446043162,-110.0,spread,2019_16_BUF_NE,0.21,0.015107913669064053,0.0,0.0,0.0,1.0,0.35005779420142885
2019_16_BUF_NE_spread,0.5261836628260251,0.0045324472133207,-110.0,spread,2019_16_BUF_NE,0.21,0.009518139147973542,0.0,0.0,0.0,2.0,0.35005779420142885
2019_16_BUF_NE_spread,0.5275779376498799,0.0071942446043162,-110.0,spread,2019_16_BUF_NE,0.21,0.015107913669064053,0.0,0.0,0.0,3.0,0.35005779420142885
2019_16_BUF_NE_spread,0.5261836628260251,0.0045324472133207,-110.0,spread,2019_16_BUF_NE,0.21,0.009518139147973542,0.0,0.0,0.0,4.0,0.35005779420142885
2019_15_DEN_KC_spread,0.5275779376498799,0.0071942446043162,-110.0,spread,2019_15_DEN_KC,0.21,0.015107913669064053,0.0,0.0,0.0,1.0,0.35005779420142885
2019_15_CHI_GB_spread,0.5274813050382207,0.0070097641638758,-110.0,spread,2019_15_CHI_GB,0.21,0.014720504744139221,0.0,0.0,0.0,3.0,0.35005779420142885
2019_16_DAL_PHI_spread,0.5129224652087475,-0.0207843846014819,-110.0,spread,2019_16_DAL_PHI,0.21,0.0,0.0,0.0,0.0,2.0,0.35005779420142885
2019_15_CHI_GB_spread,0.5129224652087475,-0.0207843846014819,-110.0,spread,2019_15_CHI_GB,0.21,0.0,0.0,0.0,0.0,2.0,0.35005779420142885
2019_14_CIN_CLE_spread,0.5253164556962026,0.0028768699654776,-110.0,spread,2019_14_CIN_CLE,0.21,0.006041426927503129,0.0,0.0,0.0,4.0,0.35005779420142885
2019_14_KC_NE_spread,0.5129224652087475,-0.0207843846014819,-110.0,spread,2019_14_KC_NE,0.21,0.0,0.0,0.0,0.0,1.0,0.35005779420142885
2019_14_KC_NE_spread,0.5129224652087475,-0.0207843846014819,-110.0,spread,2019_14_KC_NE,0.21,0.0,0.0,0.0,0.0,2.0,0.35005779420142885
2019_14_KC_NE_spread,0.5129224652087475,-0.0207843846014819,-110.0,spread,2019_14_KC_NE,0.21,0.0,0.0,0.0,0.0,3.0,0.35005779420142885
2019_14_KC_NE_spread,0.5129224652087475,-0.0207843846014819,-110.0,spread,2019_14_KC_NE,0.21,0.0,0.0,0.0,0.0,4.0,0.35005779420142885
2019_14_MIA_NYJ_spread,0.5275779376498799,0.0071942446043162,-110.0,spread,2019_14_MIA_NYJ,0.21,0.015107913669064053,0.0,0.0,0.0,1.0,0.35005779420142885
2019_14_MIA_NYJ_spread,0.5129224652087475,-0.0207843846014819,-110.0,spread,2019_14_MIA_NYJ,0.21,0.0,0.0,0.0,0.0,2.0,0.35005779420142885
2019_14_MIA_NYJ_spread,0.5275779376498799,0.0071942446043162,-110.0,spread,2019_14_MIA_NYJ,0.21,0.015107913669064053,0.0,0.0,0.0,3.0,0.35005779420142885
2019_14_MIA_NYJ_spread,0.5129224652087475,-0.0207843846014819,-110.0,spread,2019_14_MIA_NYJ,0.21,0.0,0.0,0.0,0.0,4.0,0.35005779420142885
2019_14_SF_NO_spread,0.5129224652087475,-0.0207843846014819,-110.0,spread,2019_14_SF_NO,0.21,0.0,0.0,0.0,0.0,1.0,0.35005779420142885
2019_15_BUF_PIT_spread,0.5129224652087475,-0.0207843846014819,-110.0,spread,2019_15_BUF_PIT,0.21,0.0,0.0,0.0,0.0,1.0,0.35005779420142885
2019_15_BUF_PIT_spread,0.5129224652087475,-0.0207843846014819,-110.0,spread,2019_15_BUF_PIT,0.21,0.0,0.0,0.0,0.0,2.0,0.35005779420142885
2019_15_BUF_PIT_spread,0.5129224652087475,-0.0207843846014819,-110.0,spread,2019_15_BUF_PIT,0.21,0.0,0.0,0.0,0.0,3.0,0.35005779420142885
2019_15_BUF_PIT_spread,0.5129224652087475,-0.0207843846014819,-110.0,spread,2019_15_BUF_PIT,0.21,0.0,0.0,0.0,0.0,4.0,0.35005779420142885
2019_15_CHI_GB_spread,0.5274813050382207,0.0070097641638758,-110.0,spread,2019_15_CHI_GB,0.21,0.014720504744139221,0.0,0.0,0.0,1.0,0.35005779420142885
2019_16_DAL_PHI_spread,0.5129224652087475,-0.0207843846014819,-110.0,spread,2019_16_DAL_PHI,0.21,0.0,0.0,0.0,0.0,1.0,0.35005779420142885
2019_16_DAL_PHI_spread,0.5129224652087475,-0.0207843846014819,-110.0,spread,2019_16_DAL_PHI,0.21,0.0,0.0,0.0,0.0,3.0,0.35005779420142885
2019_14_CIN_CLE_spread,0.5253164556962026,0.0028768699654776,-110.0,spread,2019_14_CIN_CLE,0.21,0.006041426927503129,0.0,0.0,0.0,2.0,0.35005779420142885
2019_17_CLE_CIN_spread,0.5129224652087475,-0.0207843846014819,-110.0,spread,2019_17_CLE_CIN,0.21,0.0,0.0,0.0,0.0,1.0,0.35005779420142885
2019_17_CLE_CIN_spread,0.5129224652087475,-0.0207843846014819,-110.0,spread,2019_17_CLE_CIN,0.21,0.0,0.0,0.0,0.0,3.0,0.35005779420142885
2019_17_CLE_CIN_spread,0.5129224652087475,-0.0207843846014819,-110.0,spread,2019_17_CLE_CIN,0.21,0.0,0.0,0.0,0.0,4.0,0.35005779420142885
2019_17_GB_DET_spread,0.5275779376498799,0.0071942446043162,-110.0,spread,2019_17_GB_DET,0.21,0.015107913669064053,0.0,0.0,0.0,1.0,0.35005779420142885
2019_18_BUF_HOU_spread,0.5129224652087475,-0.0207843846014819,-110.0,spread,2019_18_BUF_HOU,0.21,0.0,0.0,0.0,0.0,1.0,0.35005779420142885
2019_18_BUF_HOU_spread,0.5129224652087475,-0.0207843846014819,-110.0,spread,2019_18_BUF_HOU,0.21,0.0,0.0,0.0,0.0,2.0,0.35005779420142885
2019_18_BUF_HOU_spread,0.5129224652087475,-0.0207843846014819,-110.0,spread,2019_18_BUF_HOU,0.21,0.0,0.0,0.0,0.0,3.0,0.35005779420142885
2019_18_BUF_HOU_spread,0.5129224652087475,-0.0207843846014819,-110.0,spread,2019_18_BUF_HOU,0.21,0.0,0.0,0.0,0.0,4.0,0.35005779420142885
2019_18_BUF_HOU_spread,0.5129224652087475,-0.0207843846014819,-110.0,spread,2019_18_BUF_HOU,0.21,0.0,0.0,0.0,0.0,5.0,0.35005779420142885
2019_18_BUF_HOU_spread,0.5129224652087475,-0.0207843846014819,-110.0,spread,2019_18_BUF_HOU,0.21,0.0,0.0,0.0,0.0,6.0,0.35005779420142885
2019_18_BUF_HOU_spread,0.5129224652087475,-0.0207843846014819,-110.0,spread,2019_18_BUF_HOU,0.21,0.0,0.0,0.0,0.0,7.0,0.35005779420142885
2019_18_BUF_HOU_spread,0.5129224652087475,-0.0207843846014819,-110.0,spread,2019_18_BUF_HOU,0.21,0.0,0.0,0.0,0.0,8.0,0.35005779420142885
2019_18_BUF_HOU_spread,0.5129224652087475,-0.0207843846014819,-110.0,spread,2019_18_BUF_HOU,0.21,0.0,0.0,0.0,0.0,9.0,0.35005779420142885
2019_18_BUF_HOU_spread,0.5129224652087475,-0.0207843846014819,-110.0,spread,2019_18_BUF_HOU,0.21,0.0,0.0,0.0,0.0,10.0,0.35005779420142885
2019_18_BUF_HOU_spread,0.5129224652087475,-0.0207843846014819,-110.0,spread,2019_18_BUF_HOU,0.21,0.0,0.0,0.0,0.0,11.0,0.35005779420142885
2019_18_BUF_HOU_spread,0.5129224652087475,-0.0207843846014819,-110.0,spread,2019_18_BUF_HOU,0.21,0.0,0.0,0.0,0.0,12.0,0.35005779420142885
2019_17_CLE_CIN_spread,0.5129224652087475,-0.0207843846014819,-110.0,spread,2019_17_CLE_CIN,0.21,0.0,0.0,0.0,0.0,2.0,0.35005779420142885
2019_17_CHI_MIN_spread,0.5275779376498799,0.0071942446043162,-110.0,spread,2019_17_CHI_MIN,0.21,0.015107913669064053,0.0,0.0,0.0,4.0,0.35005779420142885
2019_16_DAL_PHI_spread,0.5129224652087475,-0.0207843846014819,-110.0,spread,2019_16_DAL_PHI,0.21,0.0,0.0,0.0,0.0,4.0,0.35005779420142885
2019_17_CHI_MIN_spread,0.5275779376498799,0.0071942446043162,-110.0,spread,2019_17_CHI_MIN,0.21,0.015107913669064053,0.0,0.0,0.0,3.0,0.35005779420142885
2019_16_GB_MIN_spread,0.5274781006922538,0.0070036467761208,-110.0,spread,2019_16_GB_MIN,0.21,0.014707658229853697,0.0,0.0,0.0,1.0,0.35005779420142885
2019_16_GB_MIN_spread,0.5129224652087475,-0.0207843846014819,-110.0,spread,2019_16_GB_MIN,0.21,0.0,0.0,0.0,0.0,2.0,0.35005779420142885
2019_16_GB_MIN_spread,0.5274781006922538,0.0070036467761208,-110.0,spread,2019_16_GB_MIN,0.21,0.014707658229853697,0.0,0.0,0.0,3.0,0.35005779420142885
2019_16_GB_MIN_spread,0.5129224652087475,-0.0207843846014819,-110.0,spread,2019_16_GB_MIN,0.21,0.0,0.0,0.0,0.0,4.0,0.35005779420142885
2019_16_HOU_TB_spread,0.5253164556962026,0.0028768699654776,-110.0,spread,2019_16_HOU_TB,0.21,0.006041426927503129,0.0,0.0,0.0,1.0,0.35005779420142885
2019_17_ARI_LA_spread,0.5275779376498799,0.0071942446043162,-110.0,spread,2019_17_ARI_LA,0.21,0.015107913669064053,0.0,0.0,0.0,1.0,0.35005779420142885
2019_17_ARI_LA_spread,0.526186643246071,0.0045381371061355,-110.0,spread,2019_17_ARI_LA,0.21,0.00953008792288461,0.0,0.0,0.0,2.0,0.35005779420142885
2019_17_ARI_LA_spread,0.5275779376498799,0.0071942446043162,-110.0,spread,2019_17_ARI_LA,0.21,0.015107913669064053,0.0,0.0,0.0,3.0,0.35005779420142885
2019_17_ARI_LA_spread,0.526186643246071,0.0045381371061355,-110.0,spread,2019_17_ARI_LA,0.21,0.00953008792288461,0.0,0.0,0.0,4.0,0.35005779420142885
2019_17_ATL_TB_spread,0.5129224652087475,-0.0207843846014819,-110.0,spread,2019_17_ATL_TB,0.21,0.0,0.0,0.0,0.0,1.0,0.35005779420142885
2019_17_ATL_TB_spread,0.5129224652087475,-0.0207843846014819,-110.0,spread,2019_17_ATL_TB,0.21,0.0,0.0,0.0,0.0,2.0,0.35005779420142885
2019_17_ATL_TB_spread,0.5129224652087475,-0.0207843846014819,-110.0,spread,2019_17_ATL_TB,0.21,0.0,0.0,0.0,0.0,3.0,0.35005779420142885
2019_17_ATL_TB_spread,0.5129224652087475,-0.0207843846014819,-110.0,spread,2019_17_ATL_TB,0.21,0.0,0.0,0.0,0.0,4.0,0.35005779420142885
2019_17_CHI_MIN_spread,0.5275779376498799,0.0071942446043162,-110.0,spread,2019_17_CHI_MIN,0.21,0.015107913669064053,0.0,0.0,0.0,1.0,0.35005779420142885
2019_17_CHI_MIN_spread,0.5275779376498799,0.0071942446043162,-110.0,spread,2019_17_CHI_MIN,0.21,0.015107913669064053,0.0,0.0,0.0,2.0,0.35005779420142885
2019_14_CIN_CLE_spread,0.5275779376498799,0.0071942446043162,-110.0,spread,2019_14_CIN_CLE,0.21,0.015107913669064053,0.0,0.0,0.0,3.0,0.35005779420142885
2019_14_CIN_CLE_spread,0.5275779376498799,0.0071942446043162,-110.0,spread,2019_14_CIN_CLE,0.21,0.015107913669064053,0.0,0.0,0.0,1.0,0.35005779420142885
2019_09_MIN_KC_spread,0.5129224652087475,-0.0207843846014819,-110.0,spread,2019_09_MIN_KC,0.21,0.0,0.0,0.0,0.0,3.0,0.35005779420142885
2019_10_LAC_OAK_spread,0.5129224652087475,-0.0207843846014819,-110.0,spread,2019_10_LAC_OAK,0.21,0.0,0.0,0.0,0.0,1.0,0.35005779420142885
2019_11_ARI_SF_spread,0.5275779376498799,0.0071942446043162,-110.0,spread,2019_11_ARI_SF,0.21,0.015107913669064053,0.0,0.0,0.0,2.0,0.35005779420142885
2019_11_ARI_SF_spread,0.5275779376498799,0.0071942446043162,-110.0,spread,2019_11_ARI_SF,0.21,0.015107913669064053,0.0,0.0,0.0,3.0,0.35005779420142885
2019_11_ARI_SF_spread,0.5275779376498799,0.0071942446043162,-110.0,spread,2019_11_ARI_SF,0.21,0.015107913669064053,0.0,0.0,0.0,4.0,0.35005779420142885
2019_11_BUF_MIA_spread,0.5275779376498799,0.0071942446043162,-110.0,spread,2019_11_BUF_MIA,0.21,0.015107913669064053,0.0,0.0,0.0,1.0,0.35005779420142885
2019_11_BUF_MIA_spread,0.5275779376498799,0.0071942446043162,-110.0,spread,2019_11_BUF_MIA,0.21,0.015107913669064053,0.0,0.0,0.0,2.0,0.35005779420142885
2019_11_BUF_MIA_spread,0.5275779376498799,0.0071942446043162,-110.0,spread,2019_11_BUF_MIA,0.21,0.015107913669064053,0.0,0.0,0.0,3.0,0.35005779420142885
2019_11_BUF_MIA_spread,0.5275779376498799,0.0071942446043162,-110.0,spread,2019_11_BUF_MIA,0.21,0.015107913669064053,0.0,0.0,0.0,4.0,0.35005779420142885
2019_11_HOU_BAL_spread,0.5274771062999657,0.0070017483908436,-110.0,spread,2019_11_HOU_BAL,0.21,0.014703671620771573,0.0,0.0,0.0,1.0,0.35005779420142885
2019_11_HOU_BAL_spread,0.5129224652087475,-0.0207843846014819,-110.0,spread,2019_11_HOU_BAL,0.21,0.0,0.0,0.0,0.0,2.0,0.35005779420142885
2019_11_HOU_BAL_spread,0.5274771062999657,0.0070017483908436,-110.0,spread,2019_11_HOU_BAL,0.21,0.014703671620771573,0.0,0.0,0.0,3.0,0.35005779420142885
2019_11_HOU_BAL_spread,0.5129224652087475,-0.0207843846014819,-110.0,spread,2019_11_HOU_BAL,0.21,0.0,0.0,0.0,0.0,4.0,0.35005779420142885
2019_11_JAX_IND_spread,0.5129224652087475,-0.0207843846014819,-110.0,spread,2019_11_JAX_IND,0.21,0.0,0.0,0.0,0.0,1.0,0.35005779420142885
2019_11_JAX_IND_spread,0.5129224652087475,-0.0207843846014819,-110.0,spread,2019_11_JAX_IND,0.21,0.0,0.0,0.0,0.0,2.0,0.35005779420142885
2019_11_JAX_IND_spread,0.5129224652087475,-0.0207843846014819,-110.0,spread,2019_11_JAX_IND,0.21,0.0,0.0,0.0,0.0,3.0,0.35005779420142885
2019_11_JAX_IND_spread,0.5129224652087475,-0.0207843846014819,-110.0,spread,2019_11_JAX_IND,0.21,0.0,0.0,0.0,0.0,4.0,0.35005779420142885
2019_11_ARI_SF_spread,0.5275779376498799,0.0071942446043162,-110.0,spread,2019_11_ARI_SF,0.21,0.015107913669064053,0.0,0.0,0.0,1.0,0.35005779420142885
2019_10_KC_TEN_spread,0.5275779376498799,0.0071942446043162,-110.0,spread,2019_10_KC_TEN,0.21,0.015107913669064053,0.0,0.0,0.0,4.0,0.35005779420142885
2019_12_DAL_NE_spread,0.5275779376498799,0.0071942446043162,-110.0,spread,2019_12_DAL_NE,0.21,0.015107913669064053,0.0,0.0,0.0,1.0,0.35005779420142885
2019_10_KC_TEN_spread,0.5275779376498799,0.0071942446043162,-110.0,spread,2019_10_KC_TEN,0.21,0.015107913669064053,0.0,0.0,0.0,3.0,0.35005779420142885
2019_09_MIN_KC_spread,0.5129224652087475,-0.0207843846014819,-110.0,spread,2019_09_MIN_KC,0.21,0.0,0.0,0.0,0.0,4.0,0.35005779420142885
2019_10_ATL_NO_spread,0.5275779376498799,0.0071942446043162,-110.0,spread,2019_10_ATL_NO,0.21,0.015107913669064053,0.0,0.0,0.0,1.0,0.35005779420142885
2019_10_ATL_NO_spread,0.5275779376498799,0.0071942446043162,-110.0,spread,2019_10_ATL_NO,0.21,0.015107913669064053,0.0,0.0,0.0,2.0,0.35005779420142885
2019_10_ATL_NO_spread,0.5275779376498799,0.0071942446043162,-110.0,spread,2019_10_ATL_NO,0.21,0.015107913669064053,0.0,0.0,0.0,3.0,0.35005779420142885
2019_10_ATL_NO_spread,0.5275779376498799,0.0071942446043162,-110.0,spread,2019_10_ATL_NO,0.21,0.015107913669064053,0.0,0.0,0.0,4.0,0.35005779420142885
2019_10_BUF_CLE_spread,0.5129224652087475,-0.0207843846014819,-110.0,spread,2019_10_BUF_CLE,0.21,0.0,0.0,0.0,0.0,1.0,0.35005779420142885
2019_10_BUF_CLE_spread,0.5129224652087475,-0.0207843846014819,-110.0,spread,2019_10_BUF_CLE,0.21,0.0,0.0,0.0,0.0,2.0,0.35005779420142885
2019_10_BUF_CLE_spread,0.5129224652087475,-0.0207843846014819,-110.0,spread,2019_10_BUF_CLE,0.21,0.0,0.0,0.0,0.0,3.0,0.35005779420142885
2019_10_BUF_CLE_spread,0.5129224652087475,-0.0207843846014819,-110.0,spread,2019_10_BUF_CLE,0.21,0.0,0.0,0.0,0.0,4.0,0.35005779420142885
2019_10_DET_CHI_spread,0.5275779376498799,0.0071942446043162,-110.0,spread,2019_10_DET_CHI,0.21,0.015107913669064053,0.0,0.0,0.0,1.0,0.35005779420142885
2019_10_DET_CHI_spread,0.5187161124578472,-0.0097237853077462,-110.0,spread,2019_10_DET_CHI,0.21,0.0,0.0,0.0,0.0,2.0,0.35005779420142885
2019_10_DET_CHI_spread,0.5275779376498799,0.0071942446043162,-110.0,spread,2019_10_DET_CHI,0.21,0.015107913669064053,0.0,0.0,0.0,3.0,0.35005779420142885
2019_10_DET_CHI_spread,0.5187161124578472,-0.0097237853077462,-110.0,spread,2019_10_DET_CHI,0.21,0.0,0.0,0.0,0.0,4.0,0.35005779420142885
2019_10_KC_TEN_spread,0.5275779376498799,0.0071942446043162,-110.0,spread,2019_10_KC_TEN,0.21,0.015107913669064053,0.0,0.0,0.0,1.0,0.35005779420142885
2019_10_KC_TEN_spread,0.5275779376498799,0.0071942446043162,-110.0,spread,2019_10_KC_TEN,0.21,0.015107913669064053,0.0,0.0,0.0,2.0,0.35005779420142885
2019_11_KC_LAC_spread,0.5275779376498799,0.0071942446043162,-110.0,spread,2019_11_KC_LAC,0.21,0.015107913669064053,0.0,0.0,0.0,1.0,0.35005779420142885
2019_12_DAL_NE_spread,0.5129224652087475,-0.0207843846014819,-110.0,spread,2019_12_DAL_NE,0.21,0.0,0.0,0.0,0.0,2.0,0.35005779420142885
2019_14_BAL_BUF_spread,0.5275779376498799,0.0071942446043162,-110.0,spread,2019_14_BAL_BUF,0.21,0.015107913669064053,0.0,0.0,0.0,4.0,0.35005779420142885
2019_13_BUF_DAL_spread,0.5253164556962026,0.0028768699654776,-110.0,spread,2019_13_BUF_DAL,0.21,0.006041426927503129,0.0,0.0,0.0,4.0,0.35005779420142885
2019_13_CLE_PIT_spread,0.5129224652087475,-0.0207843846014819,-110.0,spread,2019_13_CLE_PIT,0.21,0.0,0.0,0.0,0.0,2.0,0.35005779420142885
2019_13_CLE_PIT_spread,0.5129224652087475,-0.0207843846014819,-110.0,spread,2019_13_CLE_PIT,0.21,0.0,0.0,0.0,0.0,3.0,0.35005779420142885
2019_13_CLE_PIT_spread,0.5129224652087475,-0.0207843846014819,-110.0,spread,2019_13_CLE_PIT,0.21,0.0,0.0,0.0,0.0,4.0,0.35005779420142885
2019_13_LAC_DEN_spread,0.5129224652087475,-0.0207843846014819,-110.0,spread,2019_13_LAC_DEN,0.21,0.0,0.0,0.0,0.0,1.0,0.35005779420142885
2019_13_LAC_DEN_spread,0.5129224652087475,-0.0207843846014819,-110.0,spread,2019_13_LAC_DEN,0.21,0.0,0.0,0.0,0.0,2.0,0.35005779420142885
2019_13_LAC_DEN_spread,0.5129224652087475,-0.0207843846014819,-110.0,spread,2019_13_LAC_DEN,0.21,0.0,0.0,0.0,0.0,3.0,0.35005779420142885
2019_13_LAC_DEN_spread,0.5129224652087475,-0.0207843846014819,-110.0,spread,2019_13_LAC_DEN,0.21,0.0,0.0,0.0,0.0,4.0,0.35005779420142885
2019_13_NO_ATL_spread,0.5262293533199234,0.0046196745198537,-110.0,spread,2019_13_NO_ATL,0.21,0.009701316491692823,0.0,0.0,0.0,1.0,0.35005779420142885
2019_13_NO_ATL_spread,0.5262293533199234,0.0046196745198537,-110.0,spread,2019_13_NO_ATL,0.21,0.009701316491692823,0.0,0.0,0.0,2.0,0.35005779420142885
2019_13_NO_ATL_spread,0.5262293533199234,0.0046196745198537,-110.0,spread,2019_13_NO_ATL,0.21,0.009701316491692823,0.0,0.0,0.0,3.0,0.35005779420142885
2019_13_NO_ATL_spread,0.5262293533199234,0.0046196745198537,-110.0,spread,2019_13_NO_ATL,0.21,0.009701316491692823,0.0,0.0,0.0,4.0,0.35005779420142885
2019_13_NYJ_CIN_spread,0.5129224652087475,-0.0207843846014819,-110.0,spread,2019_13_NYJ_CIN,0.21,0.0,0.0,0.0,0.0,1.0,0.35005779420142885
2019_14_BAL_BUF_spread,0.5275779376498799,0.0071942446043162,-110.0,spread,2019_14_BAL_BUF,0.21,0.015107913669064053,0.0,0.0,0.0,1.0,0.35005779420142885
2019_14_BAL_BUF_spread,0.5275779376498799,0.0071942446043162,-110.0,spread,2019_14_BAL_BUF,0.21,0.015107913669064053,0.0,0.0,0.0,2.0,0.35005779420142885
2019_14_BAL_BUF_spread,0.5275779376498799,0.0071942446043162,-110.0,spread,2019_14_BAL_BUF,0.21,0.015107913669064053,0.0,0.0,0.0,3.0,0.35005779420142885
2019_13_CLE_PIT_spread,0.5129224652087475,-0.0207843846014819,-110.0,spread,2019_13_CLE_PIT,0.21,0.0,0.0,0.0,0.0,1.0,0.35005779420142885
2019_13_BUF_DAL_spread,0.5275779376498799,0.0071942446043162,-110.0,spread,2019_13_BUF_DAL,0.21,0.015107913669064053,0.0,0.0,0.0,3.0,0.35005779420142885
2019_12_DAL_NE_spread,0.5275779376498799,0.0071942446043162,-110.0,spread,2019_12_DAL_NE,0.21,0.015107913669064053,0.0,0.0,0.0,3.0,0.35005779420142885
2019_13_BUF_DAL_spread,0.5253164556962026,0.0028768699654776,-110.0,spread,2019_13_BUF_DAL,0.21,0.006041426927503129,0.0,0.0,0.0,2.0,0.35005779420142885
2019_12_DAL_NE_spread,0.5129224652087475,-0.0207843846014819,-110.0,spread,2019_12_DAL_NE,0.21,0.0,0.0,0.0,0.0,4.0,0.35005779420142885
2019_12_DEN_BUF_spread,0.5240029167576811,0.0003692047192093,-110.0,spread,2019_12_DEN_BUF,0.21,0.0007753299103396616,0.0,0.0,0.0,1.0,0.35005779420142885
2019_12_DEN_BUF_spread,0.5129224652087475,-0.0207843846014819,-110.0,spread,2019_12_DEN_BUF,0.21,0.0,0.0,0.0,0.0,2.0,0.35005779420142885
2019_12_DEN_BUF_spread,0.5240029167576811,0.0003692047192093,-110.0,spread,2019_12_DEN_BUF,0.21,0.0007753299103396616,0.0,0.0,0.0,3.0,0.35005779420142885
2019_12_DEN_BUF_spread,0.5129224652087475,-0.0207843846014819,-110.0,spread,2019_12_DEN_BUF,0.21,0.0,0.0,0.0,0.0,4.0,0.35005779420142885
2019_12_IND_HOU_spread,0.5239755945258703,0.0003170440948432,-110.0,spread,2019_12_IND_HOU,0.21,0.000665792599170889,0.0,0.0,0.0,1.0,0.35005779420142885
2019_12_IND_HOU_spread,0.5129224652087475,-0.0207843846014819,-110.0,spread,2019_12_IND_HOU,0.21,0.0,0.0,0.0,0.0,2.0,0.35005779420142885
2019_12_IND_HOU_spread,0.5239755945258703,0.0003170440948432,-110.0,spread,2019_12_IND_HOU,0.21,0.000665792599170889,0.0,0.0,0.0,3.0,0.35005779420142885
2019_12_IND_HOU_spread,0.5129224652087475,-0.0207843846014819,-110.0,spread,2019_12_IND_HOU,0.21,0.0,0.0,0.0,0.0,4.0,0.35005779420142885
2019_12_JAX_TEN_spread,0.5275779376498799,0.0071942446043162,-110.0,spread,2019_12_JAX_TEN,0.21,0.015107913669064053,0.0,0.0,0.0,1.0,0.35005779420142885
2019_12_JAX_TEN_spread,0.5129224652087475,-0.0207843846014819,-110.0,spread,2019_12_JAX_TEN,0.21,0.0,0.0,0.0,0.0,2.0,0.35005779420142885
2019_12_JAX_TEN_spread,0.5275779376498799,0.0071942446043162,-110.0,spread,2019_12_JAX_TEN,0.21,0.015107913669064053,0.0,0.0,0.0,3.0,0.35005779420142885
2019_12_JAX_TEN_spread,0.5129224652087475,-0.0207843846014819,-110.0,spread,2019_12_JAX_TEN,0.21,0.0,0.0,0.0,0.0,4.0,0.35005779420142885
2019_12_MIA_CLE_spread,0.5275779376498799,0.0071942446043162,-110.0,spread,2019_12_MIA_CLE,0.21,0.015107913669064053,0.0,0.0,0.0,1.0,0.35005779420142885
2019_13_BUF_DAL_spread,0.5275779376498799,0.0071942446043162,-110.0,spread,2019_13_BUF_DAL,0.21,0.015107913669064053,0.0,0.0,0.0,1.0,0.35005779420142885
2020_11_ATL_NO_spread,0.5129224652087475,-0.0207843846014819,-110.0,spread,2020_11_ATL_NO,0.21,0.0,0.0,0.0,0.0,4.0,0.35005779420142885
2020_11_CIN_WAS_spread,0.5129224652087475,-0.0207843846014819,-110.0,spread,2020_11_CIN_WAS,0.21,0.0,0.0,0.0,0.0,2.0,0.35005779420142885
2022_02_HOU_DEN_spread,0.5275779376498799,0.0071942446043162,-110.0,spread,2022_02_HOU_DEN,0.21,0.015107913669064053,0.0,0.0,0.0,4.0,0.35005779420142885
2021_13_NE_BUF_spread,0.5129224652087475,-0.0207843846014819,-110.0,spread,2021_13_NE_BUF,0.21,0.0,0.0,0.0,0.0,2.0,0.35005779420142885
2021_13_DEN_KC_spread,0.5275779376498799,0.0071942446043162,-110.0,spread,2021_13_DEN_KC,0.21,0.015107913669064053,0.0,0.0,0.0,3.0,0.35005779420142885
2021_13_DEN_KC_spread,0.5275779376498799,0.0071942446043162,-110.0,spread,2021_13_DEN_KC,0.21,0.015107913669064053,0.0,0.0,0.0,4.0,0.35005779420142885
2021_13_MIN_DET_spread,0.5260300389514206,0.004239165270894,-110.0,spread,2021_13_MIN_DET,0.21,0.008902247068877439,0.0,0.0,0.0,1.0,0.35005779420142885
2021_13_MIN_DET_spread,0.5260300389514206,0.004239165270894,-110.0,spread,2021_13_MIN_DET,0.21,0.008902247068877439,0.0,0.0,0.0,2.0,0.35005779420142885
2021_13_MIN_DET_spread,0.5260300389514206,0.004239165270894,-110.0,spread,2021_13_MIN_DET,0.21,0.008902247068877439,0.0,0.0,0.0,3.0,0.35005779420142885
2021_13_MIN_DET_spread,0.5260300389514206,0.004239165270894,-110.0,spread,2021_13_MIN_DET,0.21,0.008902247068877439,0.0,0.0,0.0,4.0,0.35005779420142885
2021_13_NE_BUF_spread,0.5129224652087475,-0.0207843846014819,-110.0,spread,2021_13_NE_BUF,0.21,0.0,0.0,0.0,0.0,1.0,0.35005779420142885
2021_13_NE_BUF_spread,0.5129224652087475,-0.0207843846014819,-110.0,spread,2021_13_NE_BUF,0.21,0.0,0.0,0.0,0.0,3.0,0.35005779420142885
2021_16_DEN_LV_spread,0.5129224652087475,-0.0207843846014819,-110.0,spread,2021_16_DEN_LV,0.21,0.0,0.0,0.0,0.0,1.0,0.35005779420142885
2021_13_NE_BUF_spread,0.5129224652087475,-0.0207843846014819,-110.0,spread,2021_13_NE_BUF,0.21,0.0,0.0,0.0,0.0,4.0,0.35005779420142885
2021_13_SF_SEA_spread,0.5129224652087475,-0.0207843846014819,-110.0,spread,2021_13_SF_SEA,0.21,0.0,0.0,0.0,0.0,1.0,0.35005779420142885
2021_14_ATL_CAR_spread,0.5129224652087475,-0.0207843846014819,-110.0,spread,2021_14_ATL_CAR,0.21,0.0,0.0,0.0,0.0,1.0,0.35005779420142885
2021_14_ATL_CAR_spread,0.5129224652087475,-0.0207843846014819,-110.0,spread,2021_14_ATL_CAR,0.21,0.0,0.0,0.0,0.0,2.0,0.35005779420142885
2021_14_ATL_CAR_spread,0.5129224652087475,-0.0207843846014819,-110.0,spread,2021_14_ATL_CAR,0.21,0.0,0.0,0.0,0.0,3.0,0.35005779420142885
2021_14_ATL_CAR_spread,0.5129224652087475,-0.0207843846014819,-110.0,spread,2021_14_ATL_CAR,0.21,0.0,0.0,0.0,0.0,4.0,0.35005779420142885
2021_14_CHI_GB_spread,0.5275779376498799,0.0071942446043162,-110.0,spread,2021_14_CHI_GB,0.21,0.015107913669064053,0.0,0.0,0.0,1.0,0.35005779420142885
2021_13_DEN_KC_spread,0.5275779376498799,0.0071942446043162,-110.0,spread,2021_13_DEN_KC,0.21,0.015107913669064053,0.0,0.0,0.0,2.0,0.35005779420142885
2021_13_DEN_KC_spread,0.5275779376498799,0.0071942446043162,-110.0,spread,2021_13_DEN_KC,0.21,0.015107913669064053,0.0,0.0,0.0,1.0,0.35005779420142885
2021_13_ARI_CHI_spread,0.5357967357877261,0.0228846774129317,-110.0,spread,2021_13_ARI_CHI,0.21,0.04805782256715659,0.010092142739102885,0.007569107054327164,0.0,4.0,0.35005779420142885
2021_13_ARI_CHI_spread,0.5357967357877261,0.0228846774129317,-110.0,spread,2021_13_ARI_CHI,0.21,0.04805782256715659,0.010092142739102885,0.007569107054327164,0.0,3.0,0.35005779420142885
2021_12_CHI_DET_spread,0.5129224652087475,-0.0207843846014819,-110.0,spread,2021_12_CHI_DET,0.21,0.0,0.0,0.0,0.0,4.0,0.35005779420142885
2021_12_CLE_BAL_spread,0.5129224652087475,-0.0207843846014819,-110.0,spread,2021_12_CLE_BAL,0.21,0.0,0.0,0.0,0.0,1.0,0.35005779420142885
2021_12_CLE_BAL_spread,0.5129224652087475,-0.0207843846014819,-110.0,spread,2021_12_CLE_BAL,0.21,0.0,0.0,0.0,0.0,2.0,0.35005779420142885
2021_12_CLE_BAL_spread,0.5129224652087475,-0.0207843846014819,-110.0,spread,2021_12_CLE_BAL,0.21,0.0,0.0,0.0,0.0,3.0,0.35005779420142885
2021_12_CLE_BAL_spread,0.5129224652087475,-0.0207843846014819,-110.0,spread,2021_12_CLE_BAL,0.21,0.0,0.0,0.0,0.0,4.0,0.35005779420142885
2021_12_LAC_DEN_spread,0.5129224652087475,-0.0207843846014819,-110.0,spread,2021_12_LAC_DEN,0.21,0.0,0.0,0.0,0.0,1.0,0.35005779420142885
2021_12_LAC_DEN_spread,0.5129224652087475,-0.0207843846014819,-110.0,spread,2021_12_LAC_DEN,0.21,0.0,0.0,0.0,0.0,2.0,0.35005779420142885
2021_12_LAC_DEN_spread,0.5129224652087475,-0.0207843846014819,-110.0,spread,2021_12_LAC_DEN,0.21,0.0,0.0,0.0,0.0,3.0,0.35005779420142885
2021_12_LAC_DEN_spread,0.5129224652087475,-0.0207843846014819,-110.0,spread,2021_12_LAC_DEN,0.21,0.0,0.0,0.0,0.0,4.0,0.35005779420142885
2021_12_LV_DAL_spread,0.5275779376498799,0.0071942446043162,-110.0,spread,2021_12_LV_DAL,0.21,0.015107913669064053,0.0,0.0,0.0,1.0,0.35005779420142885
2021_12_LV_DAL_spread,0.5259898549716875,0.0041624504004943,-110.0,spread,2021_12_LV_DAL,0.21,0.008741145841038194,0.0,0.0,0.0,2.0,0.35005779420142885
2021_12_LV_DAL_spread,0.5275779376498799,0.0071942446043162,-110.0,spread,2021_12_LV_DAL,0.21,0.015107913669064053,0.0,0.0,0.0,3.0,0.35005779420142885
2021_12_LV_DAL_spread,0.5259898549716875,0.0041624504004943,-110.0,spread,2021_12_LV_DAL,0.21,0.008741145841038194,0.0,0.0,0.0,4.0,0.35005779420142885
2021_12_MIN_SF_spread,0.5228785046153852,-0.0017774002797191,-110.0,spread,2021_12_MIN_SF,0.21,0.0,0.0,0.0,0.0,1.0,0.35005779420142885
2021_13_ARI_CHI_spread,0.5357967357877261,0.0228846774129317,-110.0,spread,2021_13_ARI_CHI,0.21,0.04805782256715659,0.010092142739102885,0.007569107054327164,0.0,2.0,0.35005779420142885
2021_14_CHI_GB_spread,0.5275779376498799,0.0071942446043162,-110.0,spread,2021_14_CHI_GB,0.21,0.015107913669064053,0.0,0.0,0.0,2.0,0.35005779420142885
2021_14_CHI_GB_spread,0.5275779376498799,0.0071942446043162,-110.0,spread,2021_14_CHI_GB,0.21,0.015107913669064053,0.0,0.0,0.0,3.0,0.35005779420142885
2021_14_CHI_GB_spread,0.5275779376498799,0.0071942446043162,-110.0,spread,2021_14_CHI_GB,0.21,0.015107913669064053,0.0,0.0,0.0,4.0,0.35005779420142885
2021_15_GB_BAL_spread,0.5275779376498799,0.0071942446043162,-110.0,spread,2021_15_GB_BAL,0.21,0.015107913669064053,0.0,0.0,0.0,4.0,0.35005779420142885
2021_15_HOU_JAX_spread,0.5176320400197677,-0.0117933781440798,-110.0,spread,2021_15_HOU_JAX,0.21,0.0,0.0,0.0,0.0,2.0,0.35005779420142885
2021_15_HOU_JAX_spread,0.5275779376498799,0.0071942446043162,-110.0,spread,2021_15_HOU_JAX,0.21,0.015107913669064053,0.0,0.0,0.0,3.0,0.35005779420142885
2021_15_HOU_JAX_spread,0.5176320400197677,-0.0117933781440798,-110.0,spread,2021_15_HOU_JAX,0.21,0.0,0.0,0.0,0.0,4.0,0.35005779420142885
2021_15_KC_LAC_spread,0.5253164556962026,0.0028768699654776,-110.0,spread,2021_15_KC_LAC,0.21,0.006041426927503129,0.0,0.0,0.0,1.0,0.35005779420142885
2021_16_BUF_NE_spread,0.5129224652087475,-0.0207843846014819,-110.0,spread,2021_16_BUF_NE,0.21,0.0,0.0,0.0,0.0,1.0,0.35005779420142885
2021_16_BUF_NE_spread,0.5129224652087475,-0.0207843846014819,-110.0,spread,2021_16_BUF_NE,0.21,0.0,0.0,0.0,0.0,2.0,0.35005779420142885
2021_16_BUF_NE_spread,0.5129224652087475,-0.0207843846014819,-110.0,spread,2021_16_BUF_NE,0.21,0.0,0.0,0.0,0.0,3.0,0.35005779420142885
2021_16_BUF_NE_spread,0.5129224652087475,-0.0207843846014819,-110.0,spread,2021_16_BUF_NE,0.21,0.0,0.0,0.0,0.0,4.0,0.35005779420142885
2021_16_CHI_SEA_spread,0.5275779376498799,0.0071942446043162,-110.0,spread,2021_16_CHI_SEA,0.21,0.015107913669064053,0.0,0.0,0.0,1.0,0.35005779420142885
2021_16_CHI_SEA_spread,0.5259852695676299,0.0041536964472935,-110.0,spread,2021_16_CHI_SEA,0.21,0.008722762539316364,0.0,0.0,0.0,2.0,0.35005779420142885
2021_16_CHI_SEA_spread,0.5275779376498799,0.0071942446043162,-110.0,spread,2021_16_CHI_SEA,0.21,0.015107913669064053,0.0,0.0,0.0,3.0,0.35005779420142885
2021_16_CHI_SEA_spread,0.5259852695676299,0.0041536964472935,-110.0,spread,2021_16_CHI_SEA,0.21,0.008722762539316364,0.0,0.0,0.0,4.0,0.35005779420142885
2021_16_CLE_GB_spread,0.5275779376498799,0.0071942446043162,-110.0,spread,2021_16_CLE_GB,0.21,0.015107913669064053,0.0,0.0,0.0,1.0,0.35005779420142885
2021_16_CLE_GB_spread,0.5275779376498799,0.0071942446043162,-110.0,spread,2021_16_CLE_GB,0.21,0.015107913669064053,0.0,0.0,0.0,2.0,0.35005779420142885
2021_16_CLE_GB_spread,0.5275779376498799,0.0071942446043162,-110.0,spread,2021_16_CLE_GB,0.21,0.015107913669064053,0.0,0.0,0.0,3.0,0.35005779420142885
2021_15_HOU_JAX_spread,0.5275779376498799,0.0071942446043162,-110.0,spread,2021_15_HOU_JAX,0.21,0.015107913669064053,0.0,0.0,0.0,1.0,0.35005779420142885
2021_15_GB_BAL_spread,0.5275779376498799,0.0071942446043162,-110.0,spread,2021_15_GB_BAL,0.21,0.015107913669064053,0.0,0.0,0.0,3.0,0.35005779420142885
2021_14_DAL_WAS_spread,0.5275779376498799,0.0071942446043162,-110.0,spread,2021_14_DAL_WAS,0.21,0.015107913669064053,0.0,0.0,0.0,1.0,0.35005779420142885
2021_15_GB_BAL_spread,0.5275779376498799,0.0071942446043162,-110.0,spread,2021_15_GB_BAL,0.21,0.015107913669064053,0.0,0.0,0.0,2.0,0.35005779420142885
2021_14_DAL_WAS_spread,0.5275779376498799,0.0071942446043162,-110.0,spread,2021_14_DAL_WAS,0.21,0.015107913669064053,0.0,0.0,0.0,2.0,0.35005779420142885
2021_14_DAL_WAS_spread,0.5275779376498799,0.0071942446043162,-110.0,spread,2021_14_DAL_WAS,0.21,0.015107913669064053,0.0,0.0,0.0,3.0,0.35005779420142885
2021_14_DAL_WAS_spread,0.5275779376498799,0.0071942446043162,-110.0,spread,2021_14_DAL_WAS,0.21,0.015107913669064053,0.0,0.0,0.0,4.0,0.35005779420142885
2021_14_LV_KC_spread,0.5275779376498799,0.0071942446043162,-110.0,spread,2021_14_LV_KC,0.21,0.015107913669064053,0.0,0.0,0.0,1.0,0.35005779420142885
2021_14_LV_KC_spread,0.5275779376498799,0.0071942446043162,-110.0,spread,2021_14_LV_KC,0.21,0.015107913669064053,0.0,0.0,0.0,2.0,0.35005779420142885
2021_14_LV_KC_spread,0.5275779376498799,0.0071942446043162,-110.0,spread,2021_14_LV_KC,0.21,0.015107913669064053,0.0,0.0,0.0,3.0,0.35005779420142885
2021_14_LV_KC_spread,0.5275779376498799,0.0071942446043162,-110.0,spread,2021_14_LV_KC,0.21,0.015107913669064053,0.0,0.0,0.0,4.0,0.35005779420142885
2021_14_SEA_HOU_spread,0.5275779376498799,0.0071942446043162,-110.0,spread,2021_14_SEA_HOU,0.21,0.015107913669064053,0.0,0.0,0.0,1.0,0.35005779420142885
2021_15_ARI_DET_spread,0.56,0.0690909090909092,-110.0,spread,2021_15_ARI_DET,0.21,0.14509090909090944,0.03046909090909098,0.022851818181818237,0.0,2.0,0.35005779420142885
2021_15_ARI_DET_spread,0.56,0.0690909090909092,-110.0,spread,2021_15_ARI_DET,0.21,0.14509090909090944,0.03046909090909098,0.022851818181818237,0.0,3.0,0.35005779420142885
2021_15_ARI_DET_spread,0.56,0.0690909090909092,-110.0,spread,2021_15_ARI_DET,0.21,0.14509090909090944,0.03046909090909098,0.022851818181818237,0.0,4.0,0.35005779420142885
2021_15_DAL_NYG_spread,0.56,0.0690909090909092,-110.0,spread,2021_15_DAL_NYG,0.21,0.14509090909090944,0.03046909090909098,0.022851818181818237,0.0,2.0,0.35005779420142885
2021_15_DAL_NYG_spread,0.56,0.0690909090909092,-110.0,spread,2021_15_DAL_NYG,0.21,0.14509090909090944,0.03046909090909098,0.022851818181818237,0.0,3.0,0.35005779420142885
2021_15_DAL_NYG_spread,0.56,0.0690909090909092,-110.0,spread,2021_15_DAL_NYG,0.21,0.14509090909090944,0.03046909090909098,0.022851818181818237,0.0,4.0,0.35005779420142885
2021_15_GB_BAL_spread,0.5275779376498799,0.0071942446043162,-110.0,spread,2021_15_GB_BAL,0.21,0.015107913669064053,0.0,0.0,0.0,1.0,0.35005779420142885
2021_12_CHI_DET_spread,0.5129224652087475,-0.0207843846014819,-110.0,spread,2021_12_CHI_DET,0.21,0.0,0.0,0.0,0.0,3.0,0.35005779420142885
2021_12_CHI_DET_spread,0.5129224652087475,-0.0207843846014819,-110.0,spread,2021_12_CHI_DET,0.21,0.0,0.0,0.0,0.0,2.0,0.35005779420142885
2021_12_CHI_DET_spread,0.5129224652087475,-0.0207843846014819,-110.0,spread,2021_12_CHI_DET,0.21,0.0,0.0,0.0,0.0,1.0,0.35005779420142885
2021_09_CLE_CIN_spread,0.5129224652087475,-0.0207843846014819,-110.0,spread,2021_09_CLE_CIN,0.21,0.0,0.0,0.0,0.0,1.0,0.35005779420142885
2021_09_CLE_CIN_spread,0.5129224652087475,-0.0207843846014819,-110.0,spread,2021_09_CLE_CIN,0.21,0.0,0.0,0.0,0.0,3.0,0.35005779420142885
2021_09_CLE_CIN_spread,0.5129224652087475,-0.0207843846014819,-110.0,spread,2021_09_CLE_CIN,0.21,0.0,0.0,0.0,0.0,4.0,0.35005779420142885
2021_09_DEN_DAL_spread,0.5275779376498799,0.0071942446043162,-110.0,spread,2021_09_DEN_DAL,0.21,0.015107913669064053,0.0,0.0,0.0,1.0,0.35005779420142885
2021_09_DEN_DAL_spread,0.5275779376498799,0.0071942446043162,-110.0,spread,2021_09_DEN_DAL,0.21,0.015107913669064053,0.0,0.0,0.0,2.0,0.35005779420142885
2021_09_DEN_DAL_spread,0.5275779376498799,0.0071942446043162,-110.0,spread,2021_09_DEN_DAL,0.21,0.015107913669064053,0.0,0.0,0.0,3.0,0.35005779420142885
2021_09_DEN_DAL_spread,0.5275779376498799,0.0071942446043162,-110.0,spread,2021_09_DEN_DAL,0.21,0.015107913669064053,0.0,0.0,0.0,4.0,0.35005779420142885
2021_09_NE_CAR_spread,0.5129224652087475,-0.0207843846014819,-110.0,spread,2021_09_NE_CAR,0.21,0.0,0.0,0.0,0.0,1.0,0.35005779420142885
2021_09_NE_CAR_spread,0.5129224652087475,-0.0207843846014819,-110.0,spread,2021_09_NE_CAR,0.21,0.0,0.0,0.0,0.0,2.0,0.35005779420142885
2021_09_NE_CAR_spread,0.5129224652087475,-0.0207843846014819,-110.0,spread,2021_09_NE_CAR,0.21,0.0,0.0,0.0,0.0,3.0,0.35005779420142885
2021_09_NE_CAR_spread,0.5129224652087475,-0.0207843846014819,-110.0,spread,2021_09_NE_CAR,0.21,0.0,0.0,0.0,0.0,4.0,0.35005779420142885
2021_09_NYJ_IND_spread,0.5275779376498799,0.0071942446043162,-110.0,spread,2021_09_NYJ_IND,0.21,0.015107913669064053,0.0,0.0,0.0,1.0,0.35005779420142885
2021_09_NYJ_IND_spread,0.5275779376498799,0.0071942446043162,-110.0,spread,2021_09_NYJ_IND,0.21,0.015107913669064053,0.0,0.0,0.0,2.0,0.35005779420142885
2021_09_NYJ_IND_spread,0.5275779376498799,0.0071942446043162,-110.0,spread,2021_09_NYJ_IND,0.21,0.015107913669064053,0.0,0.0,0.0,3.0,0.35005779420142885
2021_09_NYJ_IND_spread,0.5275779376498799,0.0071942446043162,-110.0,spread,2021_09_NYJ_IND,0.21,0.015107913669064053,0.0,0.0,0.0,4.0,0.35005779420142885
2021_10_BUF_NYJ_spread,0.56,0.0690909090909092,-110.0,spread,2021_10_BUF_NYJ,0.21,0.14509090909090944,0.03046909090909098,0.022851818181818237,0.0,2.0,0.35005779420142885
2021_09_CLE_CIN_spread,0.5129224652087475,-0.0207843846014819,-110.0,spread,2021_09_CLE_CIN,0.21,0.0,0.0,0.0,0.0,2.0,0.35005779420142885
2021_09_ARI_SF_spread,0.5129224652087475,-0.0207843846014819,-110.0,spread,2021_09_ARI_SF,0.21,0.0,0.0,0.0,0.0,1.0,0.35005779420142885
2021_10_BUF_NYJ_spread,0.56,0.0690909090909092,-110.0,spread,2021_10_BUF_NYJ,0.21,0.14509090909090944,0.03046909090909098,0.022851818181818237,0.0,4.0,0.35005779420142885
2021_08_NE_LAC_spread,0.5129224652087475,-0.0207843846014819,-110.0,spread,2021_08_NE_LAC,0.21,0.0,0.0,0.0,0.0,1.0,0.35005779420142885
2021_08_CAR_ATL_spread,0.5129224652087475,-0.0207843846014819,-110.0,spread,2021_08_CAR_ATL,0.21,0.0,0.0,0.0,0.0,1.0,0.35005779420142885
2021_08_CAR_ATL_spread,0.5129224652087475,-0.0207843846014819,-110.0,spread,2021_08_CAR_ATL,0.21,0.0,0.0,0.0,0.0,2.0,0.35005779420142885
2021_08_CAR_ATL_spread,0.5129224652087475,-0.0207843846014819,-110.0,spread,2021_08_CAR_ATL,0.21,0.0,0.0,0.0,0.0,3.0,0.35005779420142885
2021_08_CAR_ATL_spread,0.5129224652087475,-0.0207843846014819,-110.0,spread,2021_08_CAR_ATL,0.21,0.0,0.0,0.0,0.0,4.0,0.35005779420142885
2021_08_CIN_NYJ_spread,0.56,0.0690909090909092,-110.0,spread,2021_08_CIN_NYJ,0.21,0.14509090909090944,0.03046909090909098,0.022851818181818237,0.0,2.0,0.35005779420142885
2021_08_CIN_NYJ_spread,0.56,0.0690909090909092,-110.0,spread,2021_08_CIN_NYJ,0.21,0.14509090909090944,0.03046909090909098,0.022851818181818237,0.0,3.0,0.35005779420142885
2021_08_CIN_NYJ_spread,0.56,0.0690909090909092,-110.0,spread,2021_08_CIN_NYJ,0.21,0.14509090909090944,0.03046909090909098,0.022851818181818237,0.0,4.0,0.35005779420142885
2021_08_GB_ARI_spread,0.5275779376498799,0.0071942446043162,-110.0,spread,2021_08_GB_ARI,0.21,0.015107913669064053,0.0,0.0,0.0,1.0,0.35005779420142885
2021_08_GB_ARI_spread,0.5253164556962026,0.0028768699654776,-110.0,spread,2021_08_GB_ARI,0.21,0.006041426927503129,0.0,0.0,0.0,2.0,0.35005779420142885
2021_08_GB_ARI_spread,0.5275779376498799,0.0071942446043162,-110.0,spread,2021_08_GB_ARI,0.21,0.015107913669064053,0.0,0.0,0.0,3.0,0.35005779420142885
2021_08_GB_ARI_spread,0.5253164556962026,0.0028768699654776,-110.0,spread,2021_08_GB_ARI,0.21,0.006041426927503129,0.0,0.0,0.0,4.0,0.35005779420142885
2021_08_MIA_BUF_spread,0.5275779376498799,0.0071942446043162,-110.0,spread,2021_08_MIA_BUF,0.21,0.015107913669064053,0.0,0.0,0.0,1.0,0.35005779420142885
2021_08_MIA_BUF_spread,0.5275779376498799,0.0071942446043162,-110.0,spread,2021_08_MIA_BUF,0.21,0.015107913669064053,0.0,0.0,0.0,2.0,0.35005779420142885
2021_08_MIA_BUF_spread,0.5275779376498799,0.0071942446043162,-110.0,spread,2021_08_MIA_BUF,0.21,0.015107913669064053,0.0,0.0,0.0,3.0,0.35005779420142885
2021_08_MIA_BUF_spread,0.5275779376498799,0.0071942446043162,-110.0,spread,2021_08_MIA_BUF,0.21,0.015107913669064053,0.0,0.0,0.0,4.0,0.35005779420142885
2021_10_BUF_NYJ_spread,0.56,0.0690909090909092,-110.0,spread,2021_10_BUF_NYJ,0.21,0.14509090909090944,0.03046909090909098,0.022851818181818237,0.0,3.0,0.35005779420142885
2021_10_CLE_NE_spread,0.5129224652087475,-0.0207843846014819,-110.0,spread,2021_10_CLE_NE,0.21,0.0,0.0,0.0,0.0,1.0,0.35005779420142885
2021_11_HOU_TEN_spread,0.5275779376498799,0.0071942446043162,-110.0,spread,2021_11_HOU_TEN,0.21,0.015107913669064053,0.0,0.0,0.0,4.0,0.35005779420142885
2021_11_ARI_SEA_spread,0.5129224652087475,-0.0207843846014819,-110.0,spread,2021_11_ARI_SEA,0.21,0.0,0.0,0.0,0.0,8.0,0.35005779420142885
2021_11_ARI_SEA_spread,0.5129224652087475,-0.0207843846014819,-110.0,spread,2021_11_ARI_SEA,0.21,0.0,0.0,0.0,0.0,10.0,0.35005779420142885
2021_11_ARI_SEA_spread,0.5129224652087475,-0.0207843846014819,-110.0,spread,2021_11_ARI_SEA,0.21,0.0,0.0,0.0,0.0,11.0,0.35005779420142885
2021_11_ARI_SEA_spread,0.5129224652087475,-0.0207843846014819,-110.0,spread,2021_11_ARI_SEA,0.21,0.0,0.0,0.0,0.0,12.0,0.35005779420142885
2021_11_ARI_SEA_spread,0.5129224652087475,-0.0207843846014819,-110.0,spread,2021_11_ARI_SEA,0.21,0.0,0.0,0.0,0.0,13.0,0.35005779420142885
2021_11_ARI_SEA_spread,0.5129224652087475,-0.0207843846014819,-110.0,spread,2021_11_ARI_SEA,0.21,0.0,0.0,0.0,0.0,14.0,0.35005779420142885
2021_11_ARI_SEA_spread,0.5129224652087475,-0.0207843846014819,-110.0,spread,2021_11_ARI_SEA,0.21,0.0,0.0,0.0,0.0,15.0,0.35005779420142885
2021_11_ARI_SEA_spread,0.5129224652087475,-0.0207843846014819,-110.0,spread,2021_11_ARI_SEA,0.21,0.0,0.0,0.0,0.0,16.0,0.35005779420142885
2021_11_BAL_CHI_spread,0.5129224652087475,-0.0207843846014819,-110.0,spread,2021_11_BAL_CHI,0.21,0.0,0.0,0.0,0.0,1.0,0.35005779420142885
2021_11_GB_MIN_spread,0.5129224652087475,-0.0207843846014819,-110.0,spread,2021_11_GB_MIN,0.21,0.0,0.0,0.0,0.0,1.0,0.35005779420142885
2021_11_GB_MIN_spread,0.5129224652087475,-0.0207843846014819,-110.0,spread,2021_11_GB_MIN,0.21,0.0,0.0,0.0,0.0,2.0,0.35005779420142885
2021_11_GB_MIN_spread,0.5129224652087475,-0.0207843846014819,-110.0,spread,2021_11_GB_MIN,0.21,0.0,0.0,0.0,0.0,3.0,0.35005779420142885
2021_11_GB_MIN_spread,0.5129224652087475,-0.0207843846014819,-110.0,spread,2021_11_GB_MIN,0.21,0.0,0.0,0.0,0.0,4.0,0.35005779420142885
2021_11_HOU_TEN_spread,0.5275779376498799,0.0071942446043162,-110.0,spread,2021_11_HOU_TEN,0.21,0.015107913669064053,0.0,0.0,0.0,1.0,0.35005779420142885
2021_11_HOU_TEN_spread,0.5275779376498799,0.0071942446043162,-110.0,spread,2021_11_HOU_TEN,0.21,0.015107913669064053,0.0,0.0,0.0,2.0,0.35005779420142885
2021_11_HOU_TEN_spread,0.5275779376498799,0.0071942446043162,-110.0,spread,2021_11_HOU_TEN,0.21,0.015107913669064053,0.0,0.0,0.0,3.0,0.35005779420142885
2021_11_ARI_SEA_spread,0.5129224652087475,-0.0207843846014819,-110.0,spread,2021_11_ARI_SEA,0.21,0.0,0.0,0.0,0.0,9.0,0.35005779420142885
2021_11_ARI_SEA_spread,0.5129224652087475,-0.0207843846014819,-110.0,spread,2021_11_ARI_SEA,0.21,0.0,0.0,0.0,0.0,7.0,0.35005779420142885
2021_10_CLE_NE_spread,0.5129224652087475,-0.0207843846014819,-110.0,spread,2021_10_CLE_NE,0.21,0.0,0.0,0.0,0.0,2.0,0.35005779420142885
2021_11_ARI_SEA_spread,0.5129224652087475,-0.0207843846014819,-110.0,spread,2021_11_ARI_SEA,0.21,0.0,0.0,0.0,0.0,6.0,0.35005779420142885
2021_10_CLE_NE_spread,0.5129224652087475,-0.0207843846014819,-110.0,spread,2021_10_CLE_NE,0.21,0.0,0.0,0.0,0.0,3.0,0.35005779420142885
2021_10_CLE_NE_spread,0.5129224652087475,-0.0207843846014819,-110.0,spread,2021_10_CLE_NE,0.21,0.0,0.0,0.0,0.0,4.0,0.35005779420142885
2021_10_JAX_IND_spread,0.5275779376498799,0.0071942446043162,-110.0,spread,2021_10_JAX_IND,0.21,0.015107913669064053,0.0,0.0,0.0,1.0,0.35005779420142885
2021_10_JAX_IND_spread,0.5275779376498799,0.0071942446043162,-110.0,spread,2021_10_JAX_IND,0.21,0.015107913669064053,0.0,0.0,0.0,2.0,0.35005779420142885
2021_10_JAX_IND_spread,0.5275779376498799,0.0071942446043162,-110.0,spread,2021_10_JAX_IND,0.21,0.015107913669064053,0.0,0.0,0.0,3.0,0.35005779420142885
2021_10_JAX_IND_spread,0.5275779376498799,0.0071942446043162,-110.0,spread,2021_10_JAX_IND,0.21,0.015107913669064053,0.0,0.0,0.0,4.0,0.35005779420142885
2021_10_PHI_DEN_spread,0.5129224652087475,-0.0207843846014819,-110.0,spread,2021_10_PHI_DEN,0.21,0.0,0.0,0.0,0.0,1.0,0.35005779420142885
2021_10_PHI_DEN_spread,0.5129224652087475,-0.0207843846014819,-110.0,spread,2021_10_PHI_DEN,0.21,0.0,0.0,0.0,0.0,2.0,0.35005779420142885
2021_10_PHI_DEN_spread,0.5129224652087475,-0.0207843846014819,-110.0,spread,2021_10_PHI_DEN,0.21,0.0,0.0,0.0,0.0,3.0,0.35005779420142885
2021_10_PHI_DEN_spread,0.5129224652087475,-0.0207843846014819,-110.0,spread,2021_10_PHI_DEN,0.21,0.0,0.0,0.0,0.0,4.0,0.35005779420142885
2021_11_ARI_SEA_spread,0.5129224652087475,-0.0207843846014819,-110.0,spread,2021_11_ARI_SEA,0.21,0.0,0.0,0.0,0.0,1.0,0.35005779420142885
2021_11_ARI_SEA_spread,0.5129224652087475,-0.0207843846014819,-110.0,spread,2021_11_ARI_SEA,0.21,0.0,0.0,0.0,0.0,2.0,0.35005779420142885
2021_11_ARI_SEA_spread,0.5129224652087475,-0.0207843846014819,-110.0,spread,2021_11_ARI_SEA,0.21,0.0,0.0,0.0,0.0,3.0,0.35005779420142885
2021_11_ARI_SEA_spread,0.5129224652087475,-0.0207843846014819,-110.0,spread,2021_11_ARI_SEA,0.21,0.0,0.0,0.0,0.0,4.0,0.35005779420142885
2021_11_ARI_SEA_spread,0.5129224652087475,-0.0207843846014819,-110.0,spread,2021_11_ARI_SEA,0.21,0.0,0.0,0.0,0.0,5.0,0.35005779420142885
2021_16_CLE_GB_spread,0.5275779376498799,0.0071942446043162,-110.0,spread,2021_16_CLE_GB,0.21,0.015107913669064053,0.0,0.0,0.0,4.0,0.35005779420142885
2021_16_DEN_LV_spread,0.5129224652087475,-0.0207843846014819,-110.0,spread,2021_16_DEN_LV,0.21,0.0,0.0,0.0,0.0,2.0,0.35005779420142885
2020_11_CIN_WAS_spread,0.5129224652087475,-0.0207843846014819,-110.0,spread,2020_11_CIN_WAS,0.21,0.0,0.0,0.0,0.0,3.0,0.35005779420142885
2021_21_SF_LA_spread,0.5275779376498799,0.0071942446043162,-110.0,spread,2021_21_SF_LA,0.21,0.015107913669064053,0.0,0.0,0.0,14.0,0.35005779420142885
2021_21_SF_LA_spread,0.5275779376498799,0.0071942446043162,-110.0,spread,2021_21_SF_LA,0.21,0.015107913669064053,0.0,0.0,0.0,7.0,0.35005779420142885
2021_21_SF_LA_spread,0.5275779376498799,0.0071942446043162,-110.0,spread,2021_21_SF_LA,0.21,0.015107913669064053,0.0,0.0,0.0,8.0,0.35005779420142885
2021_21_SF_LA_spread,0.5228919487375504,-0.0017517342283128,-110.0,spread,2021_21_SF_LA,0.21,0.0,0.0,0.0,0.0,9.0,0.35005779420142885
2021_21_SF_LA_spread,0.5228919487375504,-0.0017517342283128,-110.0,spread,2021_21_SF_LA,0.21,0.0,0.0,0.0,0.0,10.0,0.35005779420142885
2021_21_SF_LA_spread,0.5129224652087475,-0.0207843846014819,-110.0,spread,2021_21_SF_LA,0.21,0.0,0.0,0.0,0.0,11.0,0.35005779420142885
2021_21_SF_LA_spread,0.5129224652087475,-0.0207843846014819,-110.0,spread,2021_21_SF_LA,0.21,0.0,0.0,0.0,0.0,12.0,0.35005779420142885
2021_21_SF_LA_spread,0.5275779376498799,0.0071942446043162,-110.0,spread,2021_21_SF_LA,0.21,0.015107913669064053,0.0,0.0,0.0,13.0,0.35005779420142885
2021_21_SF_LA_spread,0.5228919487375504,-0.0017517342283128,-110.0,spread,2021_21_SF_LA,0.21,0.0,0.0,0.0,0.0,15.0,0.35005779420142885
2021_16_DEN_LV_spread,0.5129224652087475,-0.0207843846014819,-110.0,spread,2021_16_DEN_LV,0.21,0.0,0.0,0.0,0.0,3.0,0.35005779420142885
2021_21_SF_LA_spread,0.5228919487375504,-0.0017517342283128,-110.0,spread,2021_21_SF_LA,0.21,0.0,0.0,0.0,0.0,16.0,0.35005779420142885
2021_21_SF_LA_spread,0.5129224652087475,-0.0207843846014819,-110.0,spread,2021_21_SF_LA,0.21,0.0,0.0,0.0,0.0,17.0,0.35005779420142885
2021_21_SF_LA_spread,0.5129224652087475,-0.0207843846014819,-110.0,spread,2021_21_SF_LA,0.21,0.0,0.0,0.0,0.0,18.0,0.35005779420142885
2021_21_SF_LA_spread,0.5275779376498799,0.0071942446043162,-110.0,spread,2021_21_SF_LA,0.21,0.015107913669064053,0.0,0.0,0.0,19.0,0.35005779420142885
2021_21_SF_LA_spread,0.5275779376498799,0.0071942446043162,-110.0,spread,2021_21_SF_LA,0.21,0.015107913669064053,0.0,0.0,0.0,20.0,0.35005779420142885
2021_21_SF_LA_spread,0.5228919487375504,-0.0017517342283128,-110.0,spread,2021_21_SF_LA,0.21,0.0,0.0,0.0,0.0,21.0,0.35005779420142885
2021_21_SF_LA_spread,0.5228919487375504,-0.0017517342283128,-110.0,spread,2021_21_SF_LA,0.21,0.0,0.0,0.0,0.0,22.0,0.35005779420142885
2021_21_SF_LA_spread,0.5129224652087475,-0.0207843846014819,-110.0,spread,2021_21_SF_LA,0.21,0.0,0.0,0.0,0.0,6.0,0.35005779420142885
2021_21_SF_LA_spread,0.5129224652087475,-0.0207843846014819,-110.0,spread,2021_21_SF_LA,0.21,0.0,0.0,0.0,0.0,5.0,0.35005779420142885
2021_21_SF_LA_spread,0.5228919487375504,-0.0017517342283128,-110.0,spread,2021_21_SF_LA,0.21,0.0,0.0,0.0,0.0,4.0,0.35005779420142885
2021_21_SF_LA_spread,0.5228919487375504,-0.0017517342283128,-110.0,spread,2021_21_SF_LA,0.21,0.0,0.0,0.0,0.0,3.0,0.35005779420142885
2021_20_LA_TB_spread,0.5129224652087475,-0.0207843846014819,-110.0,spread,2021_20_LA_TB,0.21,0.0,0.0,0.0,0.0,1.0,0.35005779420142885
2021_20_LA_TB_spread,0.5129224652087475,-0.0207843846014819,-110.0,spread,2021_20_LA_TB,0.21,0.0,0.0,0.0,0.0,2.0,0.35005779420142885
2021_20_LA_TB_spread,0.5129224652087475,-0.0207843846014819,-110.0,spread,2021_20_LA_TB,0.21,0.0,0.0,0.0,0.0,3.0,0.35005779420142885
2021_20_LA_TB_spread,0.5129224652087475,-0.0207843846014819,-110.0,spread,2021_20_LA_TB,0.21,0.0,0.0,0.0,0.0,4.0,0.35005779420142885
2021_20_LA_TB_spread,0.5129224652087475,-0.0207843846014819,-110.0,spread,2021_20_LA_TB,0.21,0.0,0.0,0.0,0.0,5.0,0.35005779420142885
2021_20_LA_TB_spread,0.5129224652087475,-0.0207843846014819,-110.0,spread,2021_20_LA_TB,0.21,0.0,0.0,0.0,0.0,6.0,0.35005779420142885
2021_20_LA_TB_spread,0.5129224652087475,-0.0207843846014819,-110.0,spread,2021_20_LA_TB,0.21,0.0,0.0,0.0,0.0,7.0,0.35005779420142885
2021_20_LA_TB_spread,0.5129224652087475,-0.0207843846014819,-110.0,spread,2021_20_LA_TB,0.21,0.0,0.0,0.0,0.0,8.0,0.35005779420142885
2021_20_LA_TB_spread,0.5129224652087475,-0.0207843846014819,-110.0,spread,2021_20_LA_TB,0.21,0.0,0.0,0.0,0.0,9.0,0.35005779420142885
2021_21_CIN_KC_spread,0.5275779376498799,0.0071942446043162,-110.0,spread,2021_21_CIN_KC,0.21,0.015107913669064053,0.0,0.0,0.0,1.0,0.35005779420142885
2021_21_CIN_KC_spread,0.5259914595043692,0.0041655135992503,-110.0,spread,2021_21_CIN_KC,0.21,0.008747578558425805,0.0,0.0,0.0,2.0,0.35005779420142885
2021_21_CIN_KC_spread,0.5275779376498799,0.0071942446043162,-110.0,spread,2021_21_CIN_KC,0.21,0.015107913669064053,0.0,0.0,0.0,3.0,0.35005779420142885
2021_21_CIN_KC_spread,0.5259914595043692,0.0041655135992503,-110.0,spread,2021_21_CIN_KC,0.21,0.008747578558425805,0.0,0.0,0.0,4.0,0.35005779420142885
2021_21_SF_LA_spread,0.5275779376498799,0.0071942446043162,-110.0,spread,2021_21_SF_LA,0.21,0.015107913669064053,0.0,0.0,0.0,1.0,0.35005779420142885
2021_21_SF_LA_spread,0.5275779376498799,0.0071942446043162,-110.0,spread,2021_21_SF_LA,0.21,0.015107913669064053,0.0,0.0,0.0,2.0,0.35005779420142885
2021_21_SF_LA_spread,0.5129224652087475,-0.0207843846014819,-110.0,spread,2021_21_SF_LA,0.21,0.0,0.0,0.0,0.0,23.0,0.35005779420142885
2021_21_SF_LA_spread,0.5129224652087475,-0.0207843846014819,-110.0,spread,2021_21_SF_LA,0.21,0.0,0.0,0.0,0.0,24.0,0.35005779420142885
2021_21_SF_LA_spread,0.5275779376498799,0.0071942446043162,-110.0,spread,2021_21_SF_LA,0.21,0.015107913669064053,0.0,0.0,0.0,25.0,0.35005779420142885
2022_01_CLE_CAR_spread,0.5129224652087475,-0.0207843846014819,-110.0,spread,2022_01_CLE_CAR,0.21,0.0,0.0,0.0,0.0,4.0,0.35005779420142885
2022_01_DEN_SEA_spread,0.5275779376498799,0.0071942446043162,-110.0,spread,2022_01_DEN_SEA,0.21,0.015107913669064053,0.0,0.0,0.0,2.0,0.35005779420142885
2022_01_DEN_SEA_spread,0.5129224652087475,-0.0207843846014819,-110.0,spread,2022_01_DEN_SEA,0.21,0.0,0.0,0.0,0.0,3.0,0.35005779420142885
2022_01_DEN_SEA_spread,0.5275779376498799,0.0071942446043162,-110.0,spread,2022_01_DEN_SEA,0.21,0.015107913669064053,0.0,0.0,0.0,4.0,0.35005779420142885
2022_01_DEN_SEA_spread,0.5275779376498799,0.0071942446043162,-110.0,spread,2022_01_DEN_SEA,0.21,0.015107913669064053,0.0,0.0,0.0,5.0,0.35005779420142885
2022_01_DEN_SEA_spread,0.5129224652087475,-0.0207843846014819,-110.0,spread,2022_01_DEN_SEA,0.21,0.0,0.0,0.0,0.0,6.0,0.35005779420142885
2022_01_DEN_SEA_spread,0.5275779376498799,0.0071942446043162,-110.0,spread,2022_01_DEN_SEA,0.21,0.015107913669064053,0.0,0.0,0.0,7.0,0.35005779420142885
2022_01_DEN_SEA_spread,0.5275779376498799,0.0071942446043162,-110.0,spread,2022_01_DEN_SEA,0.21,0.015107913669064053,0.0,0.0,0.0,8.0,0.35005779420142885
2022_01_DEN_SEA_spread,0.5129224652087475,-0.0207843846014819,-110.0,spread,2022_01_DEN_SEA,0.21,0.0,0.0,0.0,0.0,9.0,0.35005779420142885
2022_01_NYG_TEN_spread,0.5275779376498799,0.0071942446043162,-110.0,spread,2022_01_NYG_TEN,0.21,0.015107913669064053,0.0,0.0,0.0,1.0,0.35005779420142885
2022_01_NYG_TEN_spread,0.5129224652087475,-0.0207843846014819,-110.0,spread,2022_01_NYG_TEN,0.21,0.0,0.0,0.0,0.0,2.0,0.35005779420142885
2022_01_NYG_TEN_spread,0.5275779376498799,0.0071942446043162,-110.0,spread,2022_01_NYG_TEN,0.21,0.015107913669064053,0.0,0.0,0.0,3.0,0.35005779420142885
2019_01_ATL_MIN_spread,0.5129224652087475,-0.0207843846014819,-110.0,spread,2019_01_ATL_MIN,0.21,0.0,0.0,0.0,0.0,2.0,0.35005779420142885
2022_02_HOU_DEN_spread,0.5275779376498799,0.0071942446043162,-110.0,spread,2022_02_HOU_DEN,0.21,0.015107913669064053,0.0,0.0,0.0,1.0,0.35005779420142885
2022_02_HOU_DEN_spread,0.5275779376498799,0.0071942446043162,-110.0,spread,2022_02_HOU_DEN,0.21,0.015107913669064053,0.0,0.0,0.0,2.0,0.35005779420142885
2022_02_HOU_DEN_spread,0.5275779376498799,0.0071942446043162,-110.0,spread,2022_02_HOU_DEN,0.21,0.015107913669064053,0.0,0.0,0.0,3.0,0.35005779420142885
2022_01_DEN_SEA_spread,0.5275779376498799,0.0071942446043162,-110.0,spread,2022_01_DEN_SEA,0.21,0.015107913669064053,0.0,0.0,0.0,1.0,0.35005779420142885
2022_01_CLE_CAR_spread,0.5129224652087475,-0.0207843846014819,-110.0,spread,2022_01_CLE_CAR,0.21,0.0,0.0,0.0,0.0,3.0,0.35005779420142885
2021_21_SF_LA_spread,0.5275779376498799,0.0071942446043162,-110.0,spread,2021_21_SF_LA,0.21,0.015107913669064053,0.0,0.0,0.0,26.0,0.35005779420142885
2022_01_CLE_CAR_spread,0.5129224652087475,-0.0207843846014819,-110.0,spread,2022_01_CLE_CAR,0.21,0.0,0.0,0.0,0.0,2.0,0.35005779420142885
2021_21_SF_LA_spread,0.5228919487375504,-0.0017517342283128,-110.0,spread,2021_21_SF_LA,0.21,0.0,0.0,0.0,0.0,27.0,0.35005779420142885
2021_21_SF_LA_spread,0.5228919487375504,-0.0017517342283128,-110.0,spread,2021_21_SF_LA,0.21,0.0,0.0,0.0,0.0,28.0,0.35005779420142885
2021_21_SF_LA_spread,0.5129224652087475,-0.0207843846014819,-110.0,spread,2021_21_SF_LA,0.21,0.0,0.0,0.0,0.0,29.0,0.35005779420142885
2021_21_SF_LA_spread,0.5129224652087475,-0.0207843846014819,-110.0,spread,2021_21_SF_LA,0.21,0.0,0.0,0.0,0.0,30.0,0.35005779420142885
2021_21_SF_LA_spread,0.5275779376498799,0.0071942446043162,-110.0,spread,2021_21_SF_LA,0.21,0.015107913669064053,0.0,0.0,0.0,31.0,0.35005779420142885
2021_21_SF_LA_spread,0.5275779376498799,0.0071942446043162,-110.0,spread,2021_21_SF_LA,0.21,0.015107913669064053,0.0,0.0,0.0,32.0,0.35005779420142885
2021_21_SF_LA_spread,0.5228919487375504,-0.0017517342283128,-110.0,spread,2021_21_SF_LA,0.21,0.0,0.0,0.0,0.0,33.0,0.35005779420142885
2021_21_SF_LA_spread,0.5228919487375504,-0.0017517342283128,-110.0,spread,2021_21_SF_LA,0.21,0.0,0.0,0.0,0.0,34.0,0.35005779420142885
2021_21_SF_LA_spread,0.5129224652087475,-0.0207843846014819,-110.0,spread,2021_21_SF_LA,0.21,0.0,0.0,0.0,0.0,35.0,0.35005779420142885
2021_21_SF_LA_spread,0.5129224652087475,-0.0207843846014819,-110.0,spread,2021_21_SF_LA,0.21,0.0,0.0,0.0,0.0,36.0,0.35005779420142885
2022_01_BAL_NYJ_spread,0.5275779376498799,0.0071942446043162,-110.0,spread,2022_01_BAL_NYJ,0.21,0.015107913669064053,0.0,0.0,0.0,1.0,0.35005779420142885
2022_01_BAL_NYJ_spread,0.5275779376498799,0.0071942446043162,-110.0,spread,2022_01_BAL_NYJ,0.21,0.015107913669064053,0.0,0.0,0.0,2.0,0.35005779420142885
2022_01_BAL_NYJ_spread,0.5275779376498799,0.0071942446043162,-110.0,spread,2022_01_BAL_NYJ,0.21,0.015107913669064053,0.0,0.0,0.0,3.0,0.35005779420142885
2022_01_BAL_NYJ_spread,0.5275779376498799,0.0071942446043162,-110.0,spread,2022_01_BAL_NYJ,0.21,0.015107913669064053,0.0,0.0,0.0,4.0,0.35005779420142885
2022_01_CLE_CAR_spread,0.5129224652087475,-0.0207843846014819,-110.0,spread,2022_01_CLE_CAR,0.21,0.0,0.0,0.0,0.0,1.0,0.35005779420142885
2021_20_CIN_TEN_spread,0.5129224652087475,-0.0207843846014819,-110.0,spread,2021_20_CIN_TEN,0.21,0.0,0.0,0.0,0.0,16.0,0.35005779420142885
2021_20_CIN_TEN_spread,0.5129224652087475,-0.0207843846014819,-110.0,spread,2021_20_CIN_TEN,0.21,0.0,0.0,0.0,0.0,15.0,0.35005779420142885
2021_20_CIN_TEN_spread,0.5129224652087475,-0.0207843846014819,-110.0,spread,2021_20_CIN_TEN,0.21,0.0,0.0,0.0,0.0,14.0,0.35005779420142885
2021_17_CLE_PIT_spread,0.5129224652087475,-0.0207843846014819,-110.0,spread,2021_17_CLE_PIT,0.21,0.0,0.0,0.0,0.0,1.0,0.35005779420142885
2021_17_CLE_PIT_spread,0.5129224652087475,-0.0207843846014819,-110.0,spread,2021_17_CLE_PIT,0.21,0.0,0.0,0.0,0.0,3.0,0.35005779420142885
2021_17_CLE_PIT_spread,0.5129224652087475,-0.0207843846014819,-110.0,spread,2021_17_CLE_PIT,0.21,0.0,0.0,0.0,0.0,4.0,0.35005779420142885
2021_17_DEN_LAC_spread,0.5275779376498799,0.0071942446043162,-110.0,spread,2021_17_DEN_LAC,0.21,0.015107913669064053,0.0,0.0,0.0,1.0,0.35005779420142885
2021_18_CIN_CLE_spread,0.5275779376498799,0.0071942446043162,-110.0,spread,2021_18_CIN_CLE,0.21,0.015107913669064053,0.0,0.0,0.0,1.0,0.35005779420142885
2021_18_CIN_CLE_spread,0.5253164556962026,0.0028768699654776,-110.0,spread,2021_18_CIN_CLE,0.21,0.006041426927503129,0.0,0.0,0.0,2.0,0.35005779420142885
2021_18_CIN_CLE_spread,0.5275779376498799,0.0071942446043162,-110.0,spread,2021_18_CIN_CLE,0.21,0.015107913669064053,0.0,0.0,0.0,3.0,0.35005779420142885
2021_18_CIN_CLE_spread,0.5253164556962026,0.0028768699654776,-110.0,spread,2021_18_CIN_CLE,0.21,0.006041426927503129,0.0,0.0,0.0,4.0,0.35005779420142885
2021_18_DAL_PHI_spread,0.5275779376498799,0.0071942446043162,-110.0,spread,2021_18_DAL_PHI,0.21,0.015107913669064053,0.0,0.0,0.0,1.0,0.35005779420142885
2021_18_DAL_PHI_spread,0.5275779376498799,0.0071942446043162,-110.0,spread,2021_18_DAL_PHI,0.21,0.015107913669064053,0.0,0.0,0.0,2.0,0.35005779420142885
2021_18_DAL_PHI_spread,0.5275779376498799,0.0071942446043162,-110.0,spread,2021_18_DAL_PHI,0.21,0.015107913669064053,0.0,0.0,0.0,3.0,0.35005779420142885
2021_18_DAL_PHI_spread,0.5275779376498799,0.0071942446043162,-110.0,spread,2021_18_DAL_PHI,0.21,0.015107913669064053,0.0,0.0,0.0,4.0,0.35005779420142885
2021_18_GB_DET_spread,0.5129224652087475,-0.0207843846014819,-110.0,spread,2021_18_GB_DET,0.21,0.0,0.0,0.0,0.0,1.0,0.35005779420142885
2021_18_GB_DET_spread,0.5129224652087475,-0.0207843846014819,-110.0,spread,2021_18_GB_DET,0.21,0.0,0.0,0.0,0.0,2.0,0.35005779420142885
2021_18_GB_DET_spread,0.5129224652087475,-0.0207843846014819,-110.0,spread,2021_18_GB_DET,0.21,0.0,0.0,0.0,0.0,3.0,0.35005779420142885
2021_18_GB_DET_spread,0.5129224652087475,-0.0207843846014819,-110.0,spread,2021_18_GB_DET,0.21,0.0,0.0,0.0,0.0,4.0,0.35005779420142885
2021_17_CLE_PIT_spread,0.5129224652087475,-0.0207843846014819,-110.0,spread,2021_17_CLE_PIT,0.21,0.0,0.0,0.0,0.0,2.0,0.35005779420142885
2021_17_CAR_NO_spread,0.525983434928774,0.0041501939549321,-110.0,spread,2021_17_CAR_NO,0.21,0.008715407305357498,0.0,0.0,0.0,4.0,0.35005779420142885
2021_18_KC_DEN_spread,0.5275779376498799,0.0071942446043162,-110.0,spread,2021_18_KC_DEN,0.21,0.015107913669064053,0.0,0.0,0.0,2.0,0.35005779420142885
2021_17_CAR_NO_spread,0.5275779376498799,0.0071942446043162,-110.0,spread,2021_17_CAR_NO,0.21,0.015107913669064053,0.0,0.0,0.0,3.0,0.35005779420142885
2021_16_DEN_LV_spread,0.5129224652087475,-0.0207843846014819,-110.0,spread,2021_16_DEN_LV,0.21,0.0,0.0,0.0,0.0,4.0,0.35005779420142885
2021_16_DET_ATL_spread,0.5275779376498799,0.0071942446043162,-110.0,spread,2021_16_DET_ATL,0.21,0.015107913669064053,0.0,0.0,0.0,1.0,0.35005779420142885
2021_16_DET_ATL_spread,0.5275779376498799,0.0071942446043162,-110.0,spread,2021_16_DET_ATL,0.21,0.015107913669064053,0.0,0.0,0.0,2.0,0.35005779420142885
2021_16_DET_ATL_spread,0.5275779376498799,0.0071942446043162,-110.0,spread,2021_16_DET_ATL,0.21,0.015107913669064053,0.0,0.0,0.0,3.0,0.35005779420142885
2021_16_DET_ATL_spread,0.5275779376498799,0.0071942446043162,-110.0,spread,2021_16_DET_ATL,0.21,0.015107913669064053,0.0,0.0,0.0,4.0,0.35005779420142885
2021_17_ARI_DAL_spread,0.5275779376498799,0.0071942446043162,-110.0,spread,2021_17_ARI_DAL,0.21,0.015107913669064053,0.0,0.0,0.0,1.0,0.35005779420142885
2021_17_ARI_DAL_spread,0.5253164556962026,0.0028768699654776,-110.0,spread,2021_17_ARI_DAL,0.21,0.006041426927503129,0.0,0.0,0.0,2.0,0.35005779420142885
2021_17_ARI_DAL_spread,0.5275779376498799,0.0071942446043162,-110.0,spread,2021_17_ARI_DAL,0.21,0.015107913669064053,0.0,0.0,0.0,3.0,0.35005779420142885
2021_17_ARI_DAL_spread,0.5253164556962026,0.0028768699654776,-110.0,spread,2021_17_ARI_DAL,0.21,0.006041426927503129,0.0,0.0,0.0,4.0,0.35005779420142885
2021_17_ATL_BUF_spread,0.5275779376498799,0.0071942446043162,-110.0,spread,2021_17_ATL_BUF,0.21,0.015107913669064053,0.0,0.0,0.0,1.0,0.35005779420142885
2021_17_ATL_BUF_spread,0.5275779376498799,0.0071942446043162,-110.0,spread,2021_17_ATL_BUF,0.21,0.015107913669064053,0.0,0.0,0.0,2.0,0.35005779420142885
2021_17_ATL_BUF_spread,0.5275779376498799,0.0071942446043162,-110.0,spread,2021_17_ATL_BUF,0.21,0.015107913669064053,0.0,0.0,0.0,3.0,0.35005779420142885
2021_17_ATL_BUF_spread,0.5275779376498799,0.0071942446043162,-110.0,spread,2021_17_ATL_BUF,0.21,0.015107913669064053,0.0,0.0,0.0,4.0,0.35005779420142885
2021_17_CAR_NO_spread,0.5275779376498799,0.0071942446043162,-110.0,spread,2021_17_CAR_NO,0.21,0.015107913669064053,0.0,0.0,0.0,1.0,0.35005779420142885
2021_17_CAR_NO_spread,0.525983434928774,0.0041501939549321,-110.0,spread,2021_17_CAR_NO,0.21,0.008715407305357498,0.0,0.0,0.0,2.0,0.35005779420142885
2021_18_KC_DEN_spread,0.5275779376498799,0.0071942446043162,-110.0,spread,2021_18_KC_DEN,0.21,0.015107913669064053,0.0,0.0,0.0,1.0,0.35005779420142885
2021_18_KC_DEN_spread,0.5275779376498799,0.0071942446043162,-110.0,spread,2021_18_KC_DEN,0.21,0.015107913669064053,0.0,0.0,0.0,3.0,0.35005779420142885
2021_20_CIN_TEN_spread,0.5272782137022695,0.0066220443406962,-110.0,spread,2021_20_CIN_TEN,0.21,0.013906293115462235,0.0,0.0,0.0,13.0,0.35005779420142885
2021_19_SF_DAL_spread,0.5129224652087475,-0.0207843846014819,-110.0,spread,2021_19_SF_DAL,0.21,0.0,0.0,0.0,0.0,4.0,0.35005779420142885
2021_20_BUF_KC_spread,0.5129224652087475,-0.0207843846014819,-110.0,spread,2021_20_BUF_KC,0.21,0.0,0.0,0.0,0.0,2.0,0.35005779420142885
2021_20_BUF_KC_spread,0.5129224652087475,-0.0207843846014819,-110.0,spread,2021_20_BUF_KC,0.21,0.0,0.0,0.0,0.0,3.0,0.35005779420142885
2021_20_BUF_KC_spread,0.5129224652087475,-0.0207843846014819,-110.0,spread,2021_20_BUF_KC,0.21,0.0,0.0,0.0,0.0,4.0,0.35005779420142885
2021_20_CIN_TEN_spread,0.5272782137022695,0.0066220443406962,-110.0,spread,2021_20_CIN_TEN,0.21,0.013906293115462235,0.0,0.0,0.0,1.0,0.35005779420142885
2021_20_CIN_TEN_spread,0.5129224652087475,-0.0207843846014819,-110.0,spread,2021_20_CIN_TEN,0.21,0.0,0.0,0.0,0.0,2.0,0.35005779420142885
2021_20_CIN_TEN_spread,0.5129224652087475,-0.0207843846014819,-110.0,spread,2021_20_CIN_TEN,0.21,0.0,0.0,0.0,0.0,3.0,0.35005779420142885
2021_20_CIN_TEN_spread,0.5129224652087475,-0.0207843846014819,-110.0,spread,2021_20_CIN_TEN,0.21,0.0,0.0,0.0,0.0,4.0,0.35005779420142885
2021_20_CIN_TEN_spread,0.5272782137022695,0.0066220443406962,-110.0,spread,2021_20_CIN_TEN,0.21,0.013906293115462235,0.0,0.0,0.0,5.0,0.35005779420142885
2021_20_CIN_TEN_spread,0.5129224652087475,-0.0207843846014819,-110.0,spread,2021_20_CIN_TEN,0.21,0.0,0.0,0.0,0.0,6.0,0.35005779420142885
2021_20_CIN_TEN_spread,0.5129224652087475,-0.0207843846014819,-110.0,spread,2021_20_CIN_TEN,0.21,0.0,0.0,0.0,0.0,7.0,0.35005779420142885
2021_20_CIN_TEN_spread,0.5129224652087475,-0.0207843846014819,-110.0,spread,2021_20_CIN_TEN,0.21,0.0,0.0,0.0,0.0,8.0,0.35005779420142885
2021_20_CIN_TEN_spread,0.5272782137022695,0.0066220443406962,-110.0,spread,2021_20_CIN_TEN,0.21,0.013906293115462235,0.0,0.0,0.0,9.0,0.35005779420142885
2021_20_CIN_TEN_spread,0.5129224652087475,-0.0207843846014819,-110.0,spread,2021_20_CIN_TEN,0.21,0.0,0.0,0.0,0.0,10.0,0.35005779420142885
2021_20_CIN_TEN_spread,0.5129224652087475,-0.0207843846014819,-110.0,spread,2021_20_CIN_TEN,0.21,0.0,0.0,0.0,0.0,11.0,0.35005779420142885
2021_20_CIN_TEN_spread,0.5129224652087475,-0.0207843846014819,-110.0,spread,2021_20_CIN_TEN,0.21,0.0,0.0,0.0,0.0,12.0,0.35005779420142885
2021_20_BUF_KC_spread,0.5129224652087475,-0.0207843846014819,-110.0,spread,2021_20_BUF_KC,0.21,0.0,0.0,0.0,0.0,1.0,0.35005779420142885
2021_19_SF_DAL_spread,0.5129224652087475,-0.0207843846014819,-110.0,spread,2021_19_SF_DAL,0.21,0.0,0.0,0.0,0.0,3.0,0.35005779420142885
2021_18_KC_DEN_spread,0.5275779376498799,0.0071942446043162,-110.0,spread,2021_18_KC_DEN,0.21,0.015107913669064053,0.0,0.0,0.0,4.0,0.35005779420142885
2021_19_SF_DAL_spread,0.5129224652087475,-0.0207843846014819,-110.0,spread,2021_19_SF_DAL,0.21,0.0,0.0,0.0,0.0,2.0,0.35005779420142885
2021_18_NE_MIA_spread,0.5178318480995585,-0.0114119263553882,-110.0,spread,2021_18_NE_MIA,0.21,0.0,0.0,0.0,0.0,1.0,0.35005779420142885
2021_19_ARI_LA_spread,0.5272777559621118,0.0066211704731225,-110.0,spread,2021_19_ARI_LA,0.21,0.013904457993557344,0.0,0.0,0.0,1.0,0.35005779420142885
2021_19_LV_CIN_spread,0.5275779376498799,0.0071942446043162,-110.0,spread,2021_19_LV_CIN,0.21,0.015107913669064053,0.0,0.0,0.0,1.0,0.35005779420142885
2021_19_LV_CIN_spread,0.5176535061373213,-0.0117523973742047,-110.0,spread,2021_19_LV_CIN,0.21,0.0,0.0,0.0,0.0,2.0,0.35005779420142885
2021_19_LV_CIN_spread,0.5275779376498799,0.0071942446043162,-110.0,spread,2021_19_LV_CIN,0.21,0.015107913669064053,0.0,0.0,0.0,3.0,0.35005779420142885
2021_19_LV_CIN_spread,0.5176535061373213,-0.0117523973742047,-110.0,spread,2021_19_LV_CIN,0.21,0.0,0.0,0.0,0.0,4.0,0.35005779420142885
2021_19_NE_BUF_spread,0.5275779376498799,0.0071942446043162,-110.0,spread,2021_19_NE_BUF,0.21,0.015107913669064053,0.0,0.0,0.0,1.0,0.35005779420142885
2021_19_NE_BUF_spread,0.5129224652087475,-0.0207843846014819,-110.0,spread,2021_19_NE_BUF,0.21,0.0,0.0,0.0,0.0,2.0,0.35005779420142885
2021_19_NE_BUF_spread,0.5275779376498799,0.0071942446043162,-110.0,spread,2021_19_NE_BUF,0.21,0.015107913669064053,0.0,0.0,0.0,3.0,0.35005779420142885
2021_19_NE_BUF_spread,0.5129224652087475,-0.0207843846014819,-110.0,spread,2021_19_NE_BUF,0.21,0.0,0.0,0.0,0.0,4.0,0.35005779420142885
2021_19_PHI_TB_spread,0.5275779376498799,0.0071942446043162,-110.0,spread,2021_19_PHI_TB,0.21,0.015107913669064053,0.0,0.0,0.0,1.0,0.35005779420142885
2021_19_PHI_TB_spread,0.5275779376498799,0.0071942446043162,-110.0,spread,2021_19_PHI_TB,0.21,0.015107913669064053,0.0,0.0,0.0,2.0,0.35005779420142885
2021_19_PHI_TB_spread,0.5275779376498799,0.0071942446043162,-110.0,spread,2021_19_PHI_TB,0.21,0.015107913669064053,0.0,0.0,0.0,3.0,0.35005779420142885
2021_19_PHI_TB_spread,0.5275779376498799,0.0071942446043162,-110.0,spread,2021_19_PHI_TB,0.21,0.015107913669064053,0.0,0.0,0.0,4.0,0.35005779420142885
2021_19_SF_DAL_spread,0.5129224652087475,-0.0207843846014819,-110.0,spread,2021_19_SF_DAL,0.21,0.0,0.0,0.0,0.0,1.0,0.35005779420142885
2021_07_NYJ_NE_spread,0.5259861866051344,0.0041554471552566,-110.0,spread,2021_07_NYJ_NE,0.21,0.008726439026039017,0.0,0.0,0.0,4.0,0.35005779420142885
2021_07_NYJ_NE_spread,0.5275779376498799,0.0071942446043162,-110.0,spread,2021_07_NYJ_NE,0.21,0.015107913669064053,0.0,0.0,0.0,3.0,0.35005779420142885
2021_07_NYJ_NE_spread,0.5259861866051344,0.0041554471552566,-110.0,spread,2021_07_NYJ_NE,0.21,0.008726439026039017,0.0,0.0,0.0,2.0,0.35005779420142885
2020_17_ATL_TB_spread,0.5275779376498799,0.0071942446043162,-110.0,spread,2020_17_ATL_TB,0.21,0.015107913669064053,0.0,0.0,0.0,1.0,0.35005779420142885
2020_16_MIN_NO_spread,0.5275779376498799,0.0071942446043162,-110.0,spread,2020_16_MIN_NO,0.21,0.015107913669064053,0.0,0.0,0.0,3.0,0.35005779420142885
2020_16_MIN_NO_spread,0.5159259126652387,-0.0150505303663624,-110.0,spread,2020_16_MIN_NO,0.21,0.0,0.0,0.0,0.0,4.0,0.35005779420142885
2020_16_NYG_BAL_spread,0.5275779376498799,0.0071942446043162,-110.0,spread,2020_16_NYG_BAL,0.21,0.015107913669064053,0.0,0.0,0.0,1.0,0.35005779420142885
2020_16_NYG_BAL_spread,0.5275779376498799,0.0071942446043162,-110.0,spread,2020_16_NYG_BAL,0.21,0.015107913669064053,0.0,0.0,0.0,2.0,0.35005779420142885
2020_16_NYG_BAL_spread,0.5275779376498799,0.0071942446043162,-110.0,spread,2020_16_NYG_BAL,0.21,0.015107913669064053,0.0,0.0,0.0,3.0,0.35005779420142885
2020_16_NYG_BAL_spread,0.5275779376498799,0.0071942446043162,-110.0,spread,2020_16_NYG_BAL,0.21,0.015107913669064053,0.0,0.0,0.0,4.0,0.35005779420142885
2020_16_PHI_DAL_spread,0.5129224652087475,-0.0207843846014819,-110.0,spread,2020_16_PHI_DAL,0.21,0.0,0.0,0.0,0.0,1.0,0.35005779420142885
2020_17_ATL_TB_spread,0.5256582731137057,0.0035294304898018,-110.0,spread,2020_17_ATL_TB,0.21,0.007411804028583901,0.0,0.0,0.0,2.0,0.35005779420142885
2021_07_NYJ_NE_spread,0.5275779376498799,0.0071942446043162,-110.0,spread,2021_07_NYJ_NE,0.21,0.015107913669064053,0.0,0.0,0.0,1.0,0.35005779420142885
2020_17_ATL_TB_spread,0.5275779376498799,0.0071942446043162,-110.0,spread,2020_17_ATL_TB,0.21,0.015107913669064053,0.0,0.0,0.0,3.0,0.35005779420142885
2020_17_ATL_TB_spread,0.5256582731137057,0.0035294304898018,-110.0,spread,2020_17_ATL_TB,0.21,0.007411804028583901,0.0,0.0,0.0,4.0,0.35005779420142885
2020_17_BAL_CIN_spread,0.56,0.0690909090909092,-110.0,spread,2020_17_BAL_CIN,0.21,0.14509090909090944,0.03046909090909098,0.022851818181818237,0.0,2.0,0.35005779420142885
2020_17_BAL_CIN_spread,0.56,0.0690909090909092,-110.0,spread,2020_17_BAL_CIN,0.21,0.14509090909090944,0.03046909090909098,0.022851818181818237,0.0,3.0,0.35005779420142885
2020_17_BAL_CIN_spread,0.56,0.0690909090909092,-110.0,spread,2020_17_BAL_CIN,0.21,0.14509090909090944,0.03046909090909098,0.022851818181818237,0.0,4.0,0.35005779420142885
2020_17_DAL_NYG_spread,0.5129224652087475,-0.0207843846014819,-110.0,spread,2020_17_DAL_NYG,0.21,0.0,0.0,0.0,0.0,1.0,0.35005779420142885
2020_17_DAL_NYG_spread,0.5129224652087475,-0.0207843846014819,-110.0,spread,2020_17_DAL_NYG,0.21,0.0,0.0,0.0,0.0,2.0,0.35005779420142885
2020_16_MIN_NO_spread,0.5159259126652387,-0.0150505303663624,-110.0,spread,2020_16_MIN_NO,0.21,0.0,0.0,0.0,0.0,2.0,0.35005779420142885
2020_16_MIN_NO_spread,0.5275779376498799,0.0071942446043162,-110.0,spread,2020_16_MIN_NO,0.21,0.015107913669064053,0.0,0.0,0.0,1.0,0.35005779420142885
2020_16_LA_SEA_spread,0.5129224652087475,-0.0207843846014819,-110.0,spread,2020_16_LA_SEA,0.21,0.0,0.0,0.0,0.0,4.0,0.35005779420142885
2020_16_LA_SEA_spread,0.5129224652087475,-0.0207843846014819,-110.0,spread,2020_16_LA_SEA,0.21,0.0,0.0,0.0,0.0,3.0,0.35005779420142885
2020_15_CHI_MIN_spread,0.5129224652087475,-0.0207843846014819,-110.0,spread,2020_15_CHI_MIN,0.21,0.0,0.0,0.0,0.0,4.0,0.35005779420142885
2020_15_CLE_NYG_spread,0.5275779376498799,0.0071942446043162,-110.0,spread,2020_15_CLE_NYG,0.21,0.015107913669064053,0.0,0.0,0.0,1.0,0.35005779420142885
2020_15_CLE_NYG_spread,0.5275779376498799,0.0071942446043162,-110.0,spread,2020_15_CLE_NYG,0.21,0.015107913669064053,0.0,0.0,0.0,2.0,0.35005779420142885
2020_15_CLE_NYG_spread,0.5275779376498799,0.0071942446043162,-110.0,spread,2020_15_CLE_NYG,0.21,0.015107913669064053,0.0,0.0,0.0,3.0,0.35005779420142885
2020_15_CLE_NYG_spread,0.5275779376498799,0.0071942446043162,-110.0,spread,2020_15_CLE_NYG,0.21,0.015107913669064053,0.0,0.0,0.0,4.0,0.35005779420142885
2020_15_NE_MIA_spread,0.5129224652087475,-0.0207843846014819,-110.0,spread,2020_15_NE_MIA,0.21,0.0,0.0,0.0,0.0,1.0,0.35005779420142885
2020_15_NE_MIA_spread,0.5129224652087475,-0.0207843846014819,-110.0,spread,2020_15_NE_MIA,0.21,0.0,0.0,0.0,0.0,2.0,0.35005779420142885
2020_15_NE_MIA_spread,0.5129224652087475,-0.0207843846014819,-110.0,spread,2020_15_NE_MIA,0.21,0.0,0.0,0.0,0.0,3.0,0.35005779420142885
2020_15_NE_MIA_spread,0.5129224652087475,-0.0207843846014819,-110.0,spread,2020_15_NE_MIA,0.21,0.0,0.0,0.0,0.0,4.0,0.35005779420142885
2020_16_BUF_NE_spread,0.5275779376498799,0.0071942446043162,-110.0,spread,2020_16_BUF_NE,0.21,0.015107913669064053,0.0,0.0,0.0,1.0,0.35005779420142885
2020_16_BUF_NE_spread,0.5275779376498799,0.0071942446043162,-110.0,spread,2020_16_BUF_NE,0.21,0.015107913669064053,0.0,0.0,0.0,2.0,0.35005779420142885
2020_16_BUF_NE_spread,0.5275779376498799,0.0071942446043162,-110.0,spread,2020_16_BUF_NE,0.21,0.015107913669064053,0.0,0.0,0.0,3.0,0.35005779420142885
2020_16_BUF_NE_spread,0.5275779376498799,0.0071942446043162,-110.0,spread,2020_16_BUF_NE,0.21,0.015107913669064053,0.0,0.0,0.0,4.0,0.35005779420142885
2020_16_LA_SEA_spread,0.5129224652087475,-0.0207843846014819,-110.0,spread,2020_16_LA_SEA,0.21,0.0,0.0,0.0,0.0,1.0,0.35005779420142885
2020_16_LA_SEA_spread,0.5129224652087475,-0.0207843846014819,-110.0,spread,2020_16_LA_SEA,0.21,0.0,0.0,0.0,0.0,2.0,0.35005779420142885
2020_17_DAL_NYG_spread,0.5129224652087475,-0.0207843846014819,-110.0,spread,2020_17_DAL_NYG,0.21,0.0,0.0,0.0,0.0,3.0,0.35005779420142885
2020_17_DAL_NYG_spread,0.5129224652087475,-0.0207843846014819,-110.0,spread,2020_17_DAL_NYG,0.21,0.0,0.0,0.0,0.0,4.0,0.35005779420142885
2020_17_GB_CHI_spread,0.5129224652087475,-0.0207843846014819,-110.0,spread,2020_17_GB_CHI,0.21,0.0,0.0,0.0,0.0,1.0,0.35005779420142885
2020_18_TB_WAS_spread,0.5492393315276091,0.0485478147345264,-110.0,spread,2020_18_TB_WAS,0.21,0.1019504109425056,0.021409586297926178,0.016057189723444634,0.0,3.0,0.35005779420142885
2020_19_BAL_BUF_spread,0.5129224652087475,-0.0207843846014819,-110.0,spread,2020_19_BAL_BUF,0.21,0.0,0.0,0.0,0.0,1.0,0.35005779420142885
2020_19_BAL_BUF_spread,0.5129224652087475,-0.0207843846014819,-110.0,spread,2020_19_BAL_BUF,0.21,0.0,0.0,0.0,0.0,2.0,0.35005779420142885
2020_19_BAL_BUF_spread,0.5129224652087475,-0.0207843846014819,-110.0,spread,2020_19_BAL_BUF,0.21,0.0,0.0,0.0,0.0,3.0,0.35005779420142885
2020_19_BAL_BUF_spread,0.5129224652087475,-0.0207843846014819,-110.0,spread,2020_19_BAL_BUF,0.21,0.0,0.0,0.0,0.0,4.0,0.35005779420142885
2020_19_BAL_BUF_spread,0.5129224652087475,-0.0207843846014819,-110.0,spread,2020_19_BAL_BUF,0.21,0.0,0.0,0.0,0.0,5.0,0.35005779420142885
2020_19_BAL_BUF_spread,0.5129224652087475,-0.0207843846014819,-110.0,spread,2020_19_BAL_BUF,0.21,0.0,0.0,0.0,0.0,6.0,0.35005779420142885
2020_19_BAL_BUF_spread,0.5129224652087475,-0.0207843846014819,-110.0,spread,2020_19_BAL_BUF,0.21,0.0,0.0,0.0,0.0,7.0,0.35005779420142885
2020_19_BAL_BUF_spread,0.5129224652087475,-0.0207843846014819,-110.0,spread,2020_19_BAL_BUF,0.21,0.0,0.0,0.0,0.0,8.0,0.35005779420142885
2020_19_BAL_BUF_spread,0.5129224652087475,-0.0207843846014819,-110.0,spread,2020_19_BAL_BUF,0.21,0.0,0.0,0.0,0.0,9.0,0.35005779420142885
2020_19_BAL_BUF_spread,0.5129224652087475,-0.0207843846014819,-110.0,spread,2020_19_BAL_BUF,0.21,0.0,0.0,0.0,0.0,10.0,0.35005779420142885
2020_19_BAL_BUF_spread,0.5129224652087475,-0.0207843846014819,-110.0,spread,2020_19_BAL_BUF,0.21,0.0,0.0,0.0,0.0,11.0,0.35005779420142885
2020_19_BAL_BUF_spread,0.5129224652087475,-0.0207843846014819,-110.0,spread,2020_19_BAL_BUF,0.21,0.0,0.0,0.0,0.0,12.0,0.35005779420142885
2020_19_BAL_BUF_spread,0.5129224652087475,-0.0207843846014819,-110.0,spread,2020_19_BAL_BUF,0.21,0.0,0.0,0.0,0.0,13.0,0.35005779420142885
2020_19_BAL_BUF_spread,0.5129224652087475,-0.0207843846014819,-110.0,spread,2020_19_BAL_BUF,0.21,0.0,0.0,0.0,0.0,14.0,0.35005779420142885
2020_19_BAL_BUF_spread,0.5129224652087475,-0.0207843846014819,-110.0,spread,2020_19_BAL_BUF,0.21,0.0,0.0,0.0,0.0,15.0,0.35005779420142885
2020_18_TB_WAS_spread,0.5492393315276091,0.0485478147345264,-110.0,spread,2020_18_TB_WAS,0.21,0.1019504109425056,0.021409586297926178,0.016057189723444634,0.0,4.0,0.35005779420142885
2020_18_TB_WAS_spread,0.5492393315276091,0.0485478147345264,-110.0,spread,2020_18_TB_WAS,0.21,0.1019504109425056,0.021409586297926178,0.016057189723444634,0.0,2.0,0.35005779420142885
2020_17_GB_CHI_spread,0.5129224652087475,-0.0207843846014819,-110.0,spread,2020_17_GB_CHI,0.21,0.0,0.0,0.0,0.0,2.0,0.35005779420142885
2020_18_LA_SEA_spread,0.5129224652087475,-0.0207843846014819,-110.0,spread,2020_18_LA_SEA,0.21,0.0,0.0,0.0,0.0,4.0,0.35005779420142885
2020_17_GB_CHI_spread,0.5129224652087475,-0.0207843846014819,-110.0,spread,2020_17_GB_CHI,0.21,0.0,0.0,0.0,0.0,3.0,0.35005779420142885
2020_17_GB_CHI_spread,0.5129224652087475,-0.0207843846014819,-110.0,spread,2020_17_GB_CHI,0.21,0.0,0.0,0.0,0.0,4.0,0.35005779420142885
2020_17_LAC_KC_spread,0.5253164556962026,0.0028768699654776,-110.0,spread,2020_17_LAC_KC,0.21,0.006041426927503129,0.0,0.0,0.0,1.0,0.35005779420142885
2020_18_BAL_TEN_spread,0.5275779376498799,0.0071942446043162,-110.0,spread,2020_18_BAL_TEN,0.21,0.015107913669064053,0.0,0.0,0.0,1.0,0.35005779420142885
2020_18_CHI_NO_spread,0.5275779376498799,0.0071942446043162,-110.0,spread,2020_18_CHI_NO,0.21,0.015107913669064053,0.0,0.0,0.0,1.0,0.35005779420142885
2020_18_CHI_NO_spread,0.5275779376498799,0.0071942446043162,-110.0,spread,2020_18_CHI_NO,0.21,0.015107913669064053,0.0,0.0,0.0,2.0,0.35005779420142885
2020_18_CHI_NO_spread,0.5275779376498799,0.0071942446043162,-110.0,spread,2020_18_CHI_NO,0.21,0.015107913669064053,0.0,0.0,0.0,3.0,0.35005779420142885
2020_18_CHI_NO_spread,0.5275779376498799,0.0071942446043162,-110.0,spread,2020_18_CHI_NO,0.21,0.015107913669064053,0.0,0.0,0.0,4.0,0.35005779420142885
2020_18_CLE_PIT_spread,0.5275779376498799,0.0071942446043162,-110.0,spread,2020_18_CLE_PIT,0.21,0.015107913669064053,0.0,0.0,0.0,1.0,0.35005779420142885
2020_18_CLE_PIT_spread,0.5129224652087475,-0.0207843846014819,-110.0,spread,2020_18_CLE_PIT,0.21,0.0,0.0,0.0,0.0,2.0,0.35005779420142885
2020_18_CLE_PIT_spread,0.5275779376498799,0.0071942446043162,-110.0,spread,2020_18_CLE_PIT,0.21,0.015107913669064053,0.0,0.0,0.0,3.0,0.35005779420142885
2020_18_CLE_PIT_spread,0.5129224652087475,-0.0207843846014819,-110.0,spread,2020_18_CLE_PIT,0.21,0.0,0.0,0.0,0.0,4.0,0.35005779420142885
2020_18_LA_SEA_spread,0.5129224652087475,-0.0207843846014819,-110.0,spread,2020_18_LA_SEA,0.21,0.0,0.0,0.0,0.0,1.0,0.35005779420142885
2020_18_LA_SEA_spread,0.5129224652087475,-0.0207843846014819,-110.0,spread,2020_18_LA_SEA,0.21,0.0,0.0,0.0,0.0,2.0,0.35005779420142885
2020_18_LA_SEA_spread,0.5129224652087475,-0.0207843846014819,-110.0,spread,2020_18_LA_SEA,0.21,0.0,0.0,0.0,0.0,3.0,0.35005779420142885
2020_15_CHI_MIN_spread,0.5129224652087475,-0.0207843846014819,-110.0,spread,2020_15_CHI_MIN,0.21,0.0,0.0,0.0,0.0,3.0,0.35005779420142885
2020_15_CHI_MIN_spread,0.5129224652087475,-0.0207843846014819,-110.0,spread,2020_15_CHI_MIN,0.21,0.0,0.0,0.0,0.0,2.0,0.35005779420142885
2020_15_CHI_MIN_spread,0.5129224652087475,-0.0207843846014819,-110.0,spread,2020_15_CHI_MIN,0.21,0.0,0.0,0.0,0.0,1.0,0.35005779420142885
2020_12_BAL_PIT_spread,0.5275779376498799,0.0071942446043162,-110.0,spread,2020_12_BAL_PIT,0.21,0.015107913669064053,0.0,0.0,0.0,8.0,0.35005779420142885
2020_12_BAL_PIT_spread,0.5275779376498799,0.0071942446043162,-110.0,spread,2020_12_BAL_PIT,0.21,0.015107913669064053,0.0,0.0,0.0,10.0,0.35005779420142885
2020_12_BAL_PIT_spread,0.5275779376498799,0.0071942446043162,-110.0,spread,2020_12_BAL_PIT,0.21,0.015107913669064053,0.0,0.0,0.0,11.0,0.35005779420142885
2020_12_BAL_PIT_spread,0.5275779376498799,0.0071942446043162,-110.0,spread,2020_12_BAL_PIT,0.21,0.015107913669064053,0.0,0.0,0.0,12.0,0.35005779420142885
2020_12_BAL_PIT_spread,0.5275779376498799,0.0071942446043162,-110.0,spread,2020_12_BAL_PIT,0.21,0.015107913669064053,0.0,0.0,0.0,13.0,0.35005779420142885
2020_12_BAL_PIT_spread,0.5275779376498799,0.0071942446043162,-110.0,spread,2020_12_BAL_PIT,0.21,0.015107913669064053,0.0,0.0,0.0,14.0,0.35005779420142885
2020_12_BAL_PIT_spread,0.5275779376498799,0.0071942446043162,-110.0,spread,2020_12_BAL_PIT,0.21,0.015107913669064053,0.0,0.0,0.0,15.0,0.35005779420142885
2020_12_BAL_PIT_spread,0.5275779376498799,0.0071942446043162,-110.0,spread,2020_12_BAL_PIT,0.21,0.015107913669064053,0.0,0.0,0.0,16.0,0.35005779420142885
2020_12_CHI_GB_spread,0.5275779376498799,0.0071942446043162,-110.0,spread,2020_12_CHI_GB,0.21,0.015107913669064053,0.0,0.0,0.0,1.0,0.35005779420142885
2020_12_CHI_GB_spread,0.5256550762108078,0.0035233273115421,-110.0,spread,2020_12_CHI_GB,0.21,0.007398987354238633,0.0,0.0,0.0,2.0,0.35005779420142885
2020_12_CHI_GB_spread,0.5275779376498799,0.0071942446043162,-110.0,spread,2020_12_CHI_GB,0.21,0.015107913669064053,0.0,0.0,0.0,3.0,0.35005779420142885
2020_12_CHI_GB_spread,0.5256550762108078,0.0035233273115421,-110.0,spread,2020_12_CHI_GB,0.21,0.007398987354238633,0.0,0.0,0.0,4.0,0.35005779420142885
2020_12_MIA_NYJ_spread,0.5275779376498799,0.0071942446043162,-110.0,spread,2020_12_MIA_NYJ,0.21,0.015107913669064053,0.0,0.0,0.0,1.0,0.35005779420142885
2020_12_MIA_NYJ_spread,0.5275779376498799,0.0071942446043162,-110.0,spread,2020_12_MIA_NYJ,0.21,0.015107913669064053,0.0,0.0,0.0,2.0,0.35005779420142885
2020_12_MIA_NYJ_spread,0.5275779376498799,0.0071942446043162,-110.0,spread,2020_12_MIA_NYJ,0.21,0.015107913669064053,0.0,0.0,0.0,3.0,0.35005779420142885
2020_12_MIA_NYJ_spread,0.5275779376498799,0.0071942446043162,-110.0,spread,2020_12_MIA_NYJ,0.21,0.015107913669064053,0.0,0.0,0.0,4.0,0.35005779420142885
2020_12_BAL_PIT_spread,0.5275779376498799,0.0071942446043162,-110.0,spread,2020_12_BAL_PIT,0.21,0.015107913669064053,0.0,0.0,0.0,9.0,0.35005779420142885
2020_12_BAL_PIT_spread,0.5275779376498799,0.0071942446043162,-110.0,spread,2020_12_BAL_PIT,0.21,0.015107913669064053,0.0,0.0,0.0,7.0,0.35005779420142885
2020_13_BUF_SF_spread,0.5129224652087475,-0.0207843846014819,-110.0,spread,2020_13_BUF_SF,0.21,0.0,0.0,0.0,0.0,2.0,0.35005779420142885
2020_12_BAL_PIT_spread,0.5275779376498799,0.0071942446043162,-110.0,spread,2020_12_BAL_PIT,0.21,0.015107913669064053,0.0,0.0,0.0,6.0,0.35005779420142885
2020_11_CIN_WAS_spread,0.5129224652087475,-0.0207843846014819,-110.0,spread,2020_11_CIN_WAS,0.21,0.0,0.0,0.0,0.0,4.0,0.35005779420142885
2020_11_DET_CAR_spread,0.5129224652087475,-0.0207843846014819,-110.0,spread,2020_11_DET_CAR,0.21,0.0,0.0,0.0,0.0,1.0,0.35005779420142885
2020_11_KC_LV_spread,0.5275779376498799,0.0071942446043162,-110.0,spread,2020_11_KC_LV,0.21,0.015107913669064053,0.0,0.0,0.0,1.0,0.35005779420142885
2020_11_KC_LV_spread,0.5275779376498799,0.0071942446043162,-110.0,spread,2020_11_KC_LV,0.21,0.015107913669064053,0.0,0.0,0.0,2.0,0.35005779420142885
2020_11_KC_LV_spread,0.5275779376498799,0.0071942446043162,-110.0,spread,2020_11_KC_LV,0.21,0.015107913669064053,0.0,0.0,0.0,3.0,0.35005779420142885
2020_11_KC_LV_spread,0.5275779376498799,0.0071942446043162,-110.0,spread,2020_11_KC_LV,0.21,0.015107913669064053,0.0,0.0,0.0,4.0,0.35005779420142885
2020_12_ARI_NE_spread,0.3180896443352278,-0.392737951723656,-110.0,spread,2020_12_ARI_NE,0.21,0.0,0.0,0.0,0.0,1.0,0.35005779420142885
2020_12_ARI_NE_spread,0.1435737048311764,-0.7259047453222996,-110.0,spread,2020_12_ARI_NE,0.21,0.0,0.0,0.0,0.0,2.0,0.35005779420142885
2020_12_ARI_NE_spread,0.3180896443352278,-0.392737951723656,-110.0,spread,2020_12_ARI_NE,0.21,0.0,0.0,0.0,0.0,3.0,0.35005779420142885
2020_12_ARI_NE_spread,0.1435737048311764,-0.7259047453222996,-110.0,spread,2020_12_ARI_NE,0.21,0.0,0.0,0.0,0.0,4.0,0.35005779420142885
2020_12_BAL_PIT_spread,0.5275779376498799,0.0071942446043162,-110.0,spread,2020_12_BAL_PIT,0.21,0.015107913669064053,0.0,0.0,0.0,1.0,0.35005779420142885
2020_12_BAL_PIT_spread,0.5275779376498799,0.0071942446043162,-110.0,spread,2020_12_BAL_PIT,0.21,0.015107913669064053,0.0,0.0,0.0,2.0,0.35005779420142885
2020_12_BAL_PIT_spread,0.5275779376498799,0.0071942446043162,-110.0,spread,2020_12_BAL_PIT,0.21,0.015107913669064053,0.0,0.0,0.0,3.0,0.35005779420142885
2020_12_BAL_PIT_spread,0.5275779376498799,0.0071942446043162,-110.0,spread,2020_12_BAL_PIT,0.21,0.015107913669064053,0.0,0.0,0.0,4.0,0.35005779420142885
2020_12_BAL_PIT_spread,0.5275779376498799,0.0071942446043162,-110.0,spread,2020_12_BAL_PIT,0.21,0.015107913669064053,0.0,0.0,0.0,5.0,0.35005779420142885
2020_13_BUF_SF_spread,0.5129224652087475,-0.0207843846014819,-110.0,spread,2020_13_BUF_SF,0.21,0.0,0.0,0.0,0.0,1.0,0.35005779420142885
2020_13_BUF_SF_spread,0.5129224652087475,-0.0207843846014819,-110.0,spread,2020_13_BUF_SF,0.21,0.0,0.0,0.0,0.0,3.0,0.35005779420142885
2020_15_CAR_GB_spread,0.5275779376498799,0.0071942446043162,-110.0,spread,2020_15_CAR_GB,0.21,0.015107913669064053,0.0,0.0,0.0,1.0,0.35005779420142885
2020_14_BAL_CLE_spread,0.515298262247501,-0.0162487720729526,-110.0,spread,2020_14_BAL_CLE,0.21,0.0,0.0,0.0,0.0,4.0,0.35005779420142885
2020_14_NE_LA_spread,0.5129224652087475,-0.0207843846014819,-110.0,spread,2020_14_NE_LA,0.21,0.0,0.0,0.0,0.0,2.0,0.35005779420142885
2020_14_NE_LA_spread,0.5275779376498799,0.0071942446043162,-110.0,spread,2020_14_NE_LA,0.21,0.015107913669064053,0.0,0.0,0.0,3.0,0.35005779420142885
2020_14_NE_LA_spread,0.5129224652087475,-0.0207843846014819,-110.0,spread,2020_14_NE_LA,0.21,0.0,0.0,0.0,0.0,4.0,0.35005779420142885
2020_14_PIT_BUF_spread,0.5129224652087475,-0.0207843846014819,-110.0,spread,2020_14_PIT_BUF,0.21,0.0,0.0,0.0,0.0,1.0,0.35005779420142885
2020_14_PIT_BUF_spread,0.5129224652087475,-0.0207843846014819,-110.0,spread,2020_14_PIT_BUF,0.21,0.0,0.0,0.0,0.0,2.0,0.35005779420142885
2020_14_PIT_BUF_spread,0.5129224652087475,-0.0207843846014819,-110.0,spread,2020_14_PIT_BUF,0.21,0.0,0.0,0.0,0.0,3.0,0.35005779420142885
2020_14_PIT_BUF_spread,0.5129224652087475,-0.0207843846014819,-110.0,spread,2020_14_PIT_BUF,0.21,0.0,0.0,0.0,0.0,4.0,0.35005779420142885
2020_14_WAS_SF_spread,0.5129224652087475,-0.0207843846014819,-110.0,spread,2020_14_WAS_SF,0.21,0.0,0.0,0.0,0.0,1.0,0.35005779420142885
2020_14_WAS_SF_spread,0.5129224652087475,-0.0207843846014819,-110.0,spread,2020_14_WAS_SF,0.21,0.0,0.0,0.0,0.0,2.0,0.35005779420142885
2020_14_WAS_SF_spread,0.5129224652087475,-0.0207843846014819,-110.0,spread,2020_14_WAS_SF,0.21,0.0,0.0,0.0,0.0,3.0,0.35005779420142885
2020_14_WAS_SF_spread,0.5129224652087475,-0.0207843846014819,-110.0,spread,2020_14_WAS_SF,0.21,0.0,0.0,0.0,0.0,4.0,0.35005779420142885
2020_15_BUF_DEN_spread,0.5275779376498799,0.0071942446043162,-110.0,spread,2020_15_BUF_DEN,0.21,0.015107913669064053,0.0,0.0,0.0,1.0,0.35005779420142885
2020_15_BUF_DEN_spread,0.5129224652087475,-0.0207843846014819,-110.0,spread,2020_15_BUF_DEN,0.21,0.0,0.0,0.0,0.0,2.0,0.35005779420142885
2020_15_BUF_DEN_spread,0.5275779376498799,0.0071942446043162,-110.0,spread,2020_15_BUF_DEN,0.21,0.015107913669064053,0.0,0.0,0.0,3.0,0.35005779420142885
2020_15_BUF_DEN_spread,0.5129224652087475,-0.0207843846014819,-110.0,spread,2020_15_BUF_DEN,0.21,0.0,0.0,0.0,0.0,4.0,0.35005779420142885
2020_14_NE_LA_spread,0.5275779376498799,0.0071942446043162,-110.0,spread,2020_14_NE_LA,0.21,0.015107913669064053,0.0,0.0,0.0,1.0,0.35005779420142885
2020_14_BAL_CLE_spread,0.515298262247501,-0.0162487720729526,-110.0,spread,2020_14_BAL_CLE,0.21,0.0,0.0,0.0,0.0,3.0,0.35005779420142885
2020_13_BUF_SF_spread,0.5129224652087475,-0.0207843846014819,-110.0,spread,2020_13_BUF_SF,0.21,0.0,0.0,0.0,0.0,4.0,0.35005779420142885
2020_14_BAL_CLE_spread,0.515298262247501,-0.0162487720729526,-110.0,spread,2020_14_BAL_CLE,0.21,0.0,0.0,0.0,0.0,2.0,0.35005779420142885
2020_13_CIN_MIA_spread,0.5275779376498799,0.0071942446043162,-110.0,spread,2020_13_CIN_MIA,0.21,0.015107913669064053,0.0,0.0,0.0,1.0,0.35005779420142885
2020_13_CIN_MIA_spread,0.5275779376498799,0.0071942446043162,-110.0,spread,2020_13_CIN_MIA,0.21,0.015107913669064053,0.0,0.0,0.0,2.0,0.35005779420142885
2020_13_CIN_MIA_spread,0.5275779376498799,0.0071942446043162,-110.0,spread,2020_13_CIN_MIA,0.21,0.015107913669064053,0.0,0.0,0.0,3.0,0.35005779420142885
2020_13_CIN_MIA_spread,0.5275779376498799,0.0071942446043162,-110.0,spread,2020_13_CIN_MIA,0.21,0.015107913669064053,0.0,0.0,0.0,4.0,0.35005779420142885
2020_13_DEN_KC_spread,0.5275779376498799,0.0071942446043162,-110.0,spread,2020_13_DEN_KC,0.21,0.015107913669064053,0.0,0.0,0.0,1.0,0.35005779420142885
2020_13_NO_ATL_spread,0.5129224652087475,-0.0207843846014819,-110.0,spread,2020_13_NO_ATL,0.21,0.0,0.0,0.0,0.0,1.0,0.35005779420142885
2020_13_NO_ATL_spread,0.5129224652087475,-0.0207843846014819,-110.0,spread,2020_13_NO_ATL,0.21,0.0,0.0,0.0,0.0,2.0,0.35005779420142885
2020_13_NO_ATL_spread,0.5129224652087475,-0.0207843846014819,-110.0,spread,2020_13_NO_ATL,0.21,0.0,0.0,0.0,0.0,3.0,0.35005779420142885
2020_13_NO_ATL_spread,0.5129224652087475,-0.0207843846014819,-110.0,spread,2020_13_NO_ATL,0.21,0.0,0.0,0.0,0.0,4.0,0.35005779420142885
2020_13_WAS_PIT_spread,0.5275779376498799,0.0071942446043162,-110.0,spread,2020_13_WAS_PIT,0.21,0.015107913669064053,0.0,0.0,0.0,1.0,0.35005779420142885
2020_13_WAS_PIT_spread,0.5129224652087475,-0.0207843846014819,-110.0,spread,2020_13_WAS_PIT,0.21,0.0,0.0,0.0,0.0,2.0,0.35005779420142885
2020_13_WAS_PIT_spread,0.5275779376498799,0.0071942446043162,-110.0,spread,2020_13_WAS_PIT,0.21,0.015107913669064053,0.0,0.0,0.0,3.0,0.35005779420142885
2020_13_WAS_PIT_spread,0.5129224652087475,-0.0207843846014819,-110.0,spread,2020_13_WAS_PIT,0.21,0.0,0.0,0.0,0.0,4.0,0.35005779420142885
2020_14_ARI_NYG_spread,0.5153020374406702,-0.0162415648859933,-110.0,spread,2020_14_ARI_NYG,0.21,0.0,0.0,0.0,0.0,1.0,0.35005779420142885
2020_14_BAL_CLE_spread,0.515298262247501,-0.0162487720729526,-110.0,spread,2020_14_BAL_CLE,0.21,0.0,0.0,0.0,0.0,1.0,0.35005779420142885
2020_19_BAL_BUF_spread,0.5129224652087475,-0.0207843846014819,-110.0,spread,2020_19_BAL_BUF,0.21,0.0,0.0,0.0,0.0,16.0,0.35005779420142885
2020_19_CLE_KC_spread,0.5257047294478066,0.0036181198549034,-110.0,spread,2020_19_CLE_KC,0.21,0.007598051695297147,0.0,0.0,0.0,1.0,0.35005779420142885
2020_19_CLE_KC_spread,0.5257047294478066,0.0036181198549034,-110.0,spread,2020_19_CLE_KC,0.21,0.007598051695297147,0.0,0.0,0.0,2.0,0.35005779420142885
2021_05_BUF_KC_spread,0.5129224652087475,-0.0207843846014819,-110.0,spread,2021_05_BUF_KC,0.21,0.0,0.0,0.0,0.0,1.0,0.35005779420142885
2021_05_BUF_KC_spread,0.5129224652087475,-0.0207843846014819,-110.0,spread,2021_05_BUF_KC,0.21,0.0,0.0,0.0,0.0,3.0,0.35005779420142885
2021_05_BUF_KC_spread,0.5129224652087475,-0.0207843846014819,-110.0,spread,2021_05_BUF_KC,0.21,0.0,0.0,0.0,0.0,4.0,0.35005779420142885
2021_05_CLE_LAC_spread,0.5129224652087475,-0.0207843846014819,-110.0,spread,2021_05_CLE_LAC,0.21,0.0,0.0,0.0,0.0,1.0,0.35005779420142885
2021_05_CLE_LAC_spread,0.5129224652087475,-0.0207843846014819,-110.0,spread,2021_05_CLE_LAC,0.21,0.0,0.0,0.0,0.0,2.0,0.35005779420142885
2021_05_CLE_LAC_spread,0.5129224652087475,-0.0207843846014819,-110.0,spread,2021_05_CLE_LAC,0.21,0.0,0.0,0.0,0.0,3.0,0.35005779420142885
2021_05_CLE_LAC_spread,0.5129224652087475,-0.0207843846014819,-110.0,spread,2021_05_CLE_LAC,0.21,0.0,0.0,0.0,0.0,4.0,0.35005779420142885
2021_05_IND_BAL_spread,0.5275779376498799,0.0071942446043162,-110.0,spread,2021_05_IND_BAL,0.21,0.015107913669064053,0.0,0.0,0.0,1.0,0.35005779420142885
2021_05_IND_BAL_spread,0.5275779376498799,0.0071942446043162,-110.0,spread,2021_05_IND_BAL,0.21,0.015107913669064053,0.0,0.0,0.0,2.0,0.35005779420142885
2021_05_IND_BAL_spread,0.5275779376498799,0.0071942446043162,-110.0,spread,2021_05_IND_BAL,0.21,0.015107913669064053,0.0,0.0,0.0,3.0,0.35005779420142885
2021_05_IND_BAL_spread,0.5275779376498799,0.0071942446043162,-110.0,spread,2021_05_IND_BAL,0.21,0.015107913669064053,0.0,0.0,0.0,4.0,0.35005779420142885
2021_05_LA_SEA_spread,0.5129224652087475,-0.0207843846014819,-110.0,spread,2021_05_LA_SEA,0.21,0.0,0.0,0.0,0.0,1.0,0.35005779420142885
2021_05_LA_SEA_spread,0.5129224652087475,-0.0207843846014819,-110.0,spread,2021_05_LA_SEA,0.21,0.0,0.0,0.0,0.0,2.0,0.35005779420142885
2021_05_LA_SEA_spread,0.5129224652087475,-0.0207843846014819,-110.0,spread,2021_05_LA_SEA,0.21,0.0,0.0,0.0,0.0,3.0,0.35005779420142885
2021_05_LA_SEA_spread,0.5129224652087475,-0.0207843846014819,-110.0,spread,2021_05_LA_SEA,0.21,0.0,0.0,0.0,0.0,4.0,0.35005779420142885
2021_05_NYG_DAL_spread,0.5275779376498799,0.0071942446043162,-110.0,spread,2021_05_NYG_DAL,0.21,0.015107913669064053,0.0,0.0,0.0,1.0,0.35005779420142885
2021_05_BUF_KC_spread,0.5129224652087475,-0.0207843846014819,-110.0,spread,2021_05_BUF_KC,0.21,0.0,0.0,0.0,0.0,2.0,0.35005779420142885
2021_04_NYG_NO_spread,0.5275779376498799,0.0071942446043162,-110.0,spread,2021_04_NYG_NO,0.21,0.015107913669064053,0.0,0.0,0.0,1.0,0.35005779420142885
2021_06_BUF_TEN_spread,0.5275779376498799,0.0071942446043162,-110.0,spread,2021_06_BUF_TEN,0.21,0.015107913669064053,0.0,0.0,0.0,1.0,0.35005779420142885
2021_04_KC_PHI_spread,0.5341131586452464,0.0196705755954705,-110.0,spread,2021_04_KC_PHI,0.21,0.04130820875048807,0.008674723837602493,0.00650604287820187,0.0,4.0,0.35005779420142885
2021_03_WAS_BUF_spread,0.5274325046168545,0.0069165997230859,-110.0,spread,2021_03_WAS_BUF,0.21,0.01452485941848045,0.0,0.0,0.0,1.0,0.35005779420142885
2021_04_ARI_LA_spread,0.524860317616143,0.0020060609035458,-110.0,spread,2021_04_ARI_LA,0.21,0.004212727897446328,0.0,0.0,0.0,1.0,0.35005779420142885
2021_04_ARI_LA_spread,0.5129224652087475,-0.0207843846014819,-110.0,spread,2021_04_ARI_LA,0.21,0.0,0.0,0.0,0.0,2.0,0.35005779420142885
2021_04_ARI_LA_spread,0.524860317616143,0.0020060609035458,-110.0,spread,2021_04_ARI_LA,0.21,0.004212727897446328,0.0,0.0,0.0,3.0,0.35005779420142885
2021_04_ARI_LA_spread,0.5129224652087475,-0.0207843846014819,-110.0,spread,2021_04_ARI_LA,0.21,0.0,0.0,0.0,0.0,4.0,0.35005779420142885
2021_04_BAL_DEN_spread,0.5129224652087475,-0.0207843846014819,-110.0,spread,2021_04_BAL_DEN,0.21,0.0,0.0,0.0,0.0,1.0,0.35005779420142885
2021_04_BAL_DEN_spread,0.5129224652087475,-0.0207843846014819,-110.0,spread,2021_04_BAL_DEN,0.21,0.0,0.0,0.0,0.0,2.0,0.35005779420142885
2021_04_BAL_DEN_spread,0.5129224652087475,-0.0207843846014819,-110.0,spread,2021_04_BAL_DEN,0.21,0.0,0.0,0.0,0.0,3.0,0.35005779420142885
2021_04_BAL_DEN_spread,0.5129224652087475,-0.0207843846014819,-110.0,spread,2021_04_BAL_DEN,0.21,0.0,0.0,0.0,0.0,4.0,0.35005779420142885
2021_04_CAR_DAL_spread,0.5275779376498799,0.0071942446043162,-110.0,spread,2021_04_CAR_DAL,0.21,0.015107913669064053,0.0,0.0,0.0,1.0,0.35005779420142885
2021_04_CAR_DAL_spread,0.5129224652087475,-0.0207843846014819,-110.0,spread,2021_04_CAR_DAL,0.21,0.0,0.0,0.0,0.0,2.0,0.35005779420142885
2021_04_CAR_DAL_spread,0.5275779376498799,0.0071942446043162,-110.0,spread,2021_04_CAR_DAL,0.21,0.015107913669064053,0.0,0.0,0.0,3.0,0.35005779420142885
2021_04_CAR_DAL_spread,0.5129224652087475,-0.0207843846014819,-110.0,spread,2021_04_CAR_DAL,0.21,0.0,0.0,0.0,0.0,4.0,0.35005779420142885
2021_04_KC_PHI_spread,0.5341131586452464,0.0196705755954705,-110.0,spread,2021_04_KC_PHI,0.21,0.04130820875048807,0.008674723837602493,0.00650604287820187,0.0,2.0,0.35005779420142885
2021_04_KC_PHI_spread,0.5341131586452464,0.0196705755954705,-110.0,spread,2021_04_KC_PHI,0.21,0.04130820875048807,0.008674723837602493,0.00650604287820187,0.0,3.0,0.35005779420142885
2021_06_ARI_CLE_spread,0.5129224652087475,-0.0207843846014819,-110.0,spread,2021_06_ARI_CLE,0.21,0.0,0.0,0.0,0.0,1.0,0.35005779420142885
2021_06_BUF_TEN_spread,0.5275779376498799,0.0071942446043162,-110.0,spread,2021_06_BUF_TEN,0.21,0.015107913669064053,0.0,0.0,0.0,2.0,0.35005779420142885
2021_03_TB_LA_spread,0.5129224652087475,-0.0207843846014819,-110.0,spread,2021_03_TB_LA,0.21,0.0,0.0,0.0,0.0,3.0,0.35005779420142885
2021_07_CAR_NYG_spread,0.5253164556962026,0.0028768699654776,-110.0,spread,2021_07_CAR_NYG,0.21,0.006041426927503129,0.0,0.0,0.0,5.0,0.35005779420142885
2021_07_CAR_NYG_spread,0.5129224652087475,-0.0207843846014819,-110.0,spread,2021_07_CAR_NYG,0.21,0.0,0.0,0.0,0.0,7.0,0.35005779420142885
2021_07_CAR_NYG_spread,0.5129224652087475,-0.0207843846014819,-110.0,spread,2021_07_CAR_NYG,0.21,0.0,0.0,0.0,0.0,8.0,0.35005779420142885
2021_07_CAR_NYG_spread,0.5253164556962026,0.0028768699654776,-110.0,spread,2021_07_CAR_NYG,0.21,0.006041426927503129,0.0,0.0,0.0,9.0,0.35005779420142885
2021_07_CAR_NYG_spread,0.5253164556962026,0.0028768699654776,-110.0,spread,2021_07_CAR_NYG,0.21,0.006041426927503129,0.0,0.0,0.0,10.0,0.35005779420142885
2021_07_CAR_NYG_spread,0.5129224652087475,-0.0207843846014819,-110.0,spread,2021_07_CAR_NYG,0.21,0.0,0.0,0.0,0.0,11.0,0.35005779420142885
2021_07_CAR_NYG_spread,0.5129224652087475,-0.0207843846014819,-110.0,spread,2021_07_CAR_NYG,0.21,0.0,0.0,0.0,0.0,12.0,0.35005779420142885
2021_07_CAR_NYG_spread,0.5253164556962026,0.0028768699654776,-110.0,spread,2021_07_CAR_NYG,0.21,0.006041426927503129,0.0,0.0,0.0,13.0,0.35005779420142885
2021_07_CAR_NYG_spread,0.5253164556962026,0.0028768699654776,-110.0,spread,2021_07_CAR_NYG,0.21,0.006041426927503129,0.0,0.0,0.0,14.0,0.35005779420142885
2021_07_CAR_NYG_spread,0.5129224652087475,-0.0207843846014819,-110.0,spread,2021_07_CAR_NYG,0.21,0.0,0.0,0.0,0.0,15.0,0.35005779420142885
2021_07_CAR_NYG_spread,0.5129224652087475,-0.0207843846014819,-110.0,spread,2021_07_CAR_NYG,0.21,0.0,0.0,0.0,0.0,16.0,0.35005779420142885
2021_07_CHI_TB_spread,0.5275779376498799,0.0071942446043162,-110.0,spread,2021_07_CHI_TB,0.21,0.015107913669064053,0.0,0.0,0.0,1.0,0.35005779420142885
2021_07_CIN_BAL_spread,0.5275779376498799,0.0071942446043162,-110.0,spread,2021_07_CIN_BAL,0.21,0.015107913669064053,0.0,0.0,0.0,1.0,0.35005779420142885
2021_07_CIN_BAL_spread,0.5253164556962026,0.0028768699654776,-110.0,spread,2021_07_CIN_BAL,0.21,0.006041426927503129,0.0,0.0,0.0,2.0,0.35005779420142885
2021_07_CIN_BAL_spread,0.5275779376498799,0.0071942446043162,-110.0,spread,2021_07_CIN_BAL,0.21,0.015107913669064053,0.0,0.0,0.0,3.0,0.35005779420142885
2021_07_CIN_BAL_spread,0.5253164556962026,0.0028768699654776,-110.0,spread,2021_07_CIN_BAL,0.21,0.006041426927503129,0.0,0.0,0.0,4.0,0.35005779420142885
2021_07_CAR_NYG_spread,0.5253164556962026,0.0028768699654776,-110.0,spread,2021_07_CAR_NYG,0.21,0.006041426927503129,0.0,0.0,0.0,6.0,0.35005779420142885
2021_07_CAR_NYG_spread,0.5129224652087475,-0.0207843846014819,-110.0,spread,2021_07_CAR_NYG,0.21,0.0,0.0,0.0,0.0,4.0,0.35005779420142885
2021_06_BUF_TEN_spread,0.5275779376498799,0.0071942446043162,-110.0,spread,2021_06_BUF_TEN,0.21,0.015107913669064053,0.0,0.0,0.0,3.0,0.35005779420142885
2021_07_CAR_NYG_spread,0.5129224652087475,-0.0207843846014819,-110.0,spread,2021_07_CAR_NYG,0.21,0.0,0.0,0.0,0.0,3.0,0.35005779420142885
2021_06_BUF_TEN_spread,0.5275779376498799,0.0071942446043162,-110.0,spread,2021_06_BUF_TEN,0.21,0.015107913669064053,0.0,0.0,0.0,4.0,0.35005779420142885
2021_06_DAL_NE_spread,0.5275779376498799,0.0071942446043162,-110.0,spread,2021_06_DAL_NE,0.21,0.015107913669064053,0.0,0.0,0.0,1.0,0.35005779420142885
2021_06_DAL_NE_spread,0.5275779376498799,0.0071942446043162,-110.0,spread,2021_06_DAL_NE,0.21,0.015107913669064053,0.0,0.0,0.0,2.0,0.35005779420142885
2021_06_DAL_NE_spread,0.5275779376498799,0.0071942446043162,-110.0,spread,2021_06_DAL_NE,0.21,0.015107913669064053,0.0,0.0,0.0,3.0,0.35005779420142885
2021_06_DAL_NE_spread,0.5275779376498799,0.0071942446043162,-110.0,spread,2021_06_DAL_NE,0.21,0.015107913669064053,0.0,0.0,0.0,4.0,0.35005779420142885
2021_06_GB_CHI_spread,0.5129224652087475,-0.0207843846014819,-110.0,spread,2021_06_GB_CHI,0.21,0.0,0.0,0.0,0.0,1.0,0.35005779420142885
2021_06_GB_CHI_spread,0.5129224652087475,-0.0207843846014819,-110.0,spread,2021_06_GB_CHI,0.21,0.0,0.0,0.0,0.0,2.0,0.35005779420142885
2021_06_GB_CHI_spread,0.5129224652087475,-0.0207843846014819,-110.0,spread,2021_06_GB_CHI,0.21,0.0,0.0,0.0,0.0,3.0,0.35005779420142885
2021_06_GB_CHI_spread,0.5129224652087475,-0.0207843846014819,-110.0,spread,2021_06_GB_CHI,0.21,0.0,0.0,0.0,0.0,4.0,0.35005779420142885
2021_06_LAC_BAL_spread,0.5129224652087475,-0.0207843846014819,-110.0,spread,2021_06_LAC_BAL,0.21,0.0,0.0,0.0,0.0,1.0,0.35005779420142885
2021_06_LAC_BAL_spread,0.5129224652087475,-0.0207843846014819,-110.0,spread,2021_06_LAC_BAL,0.21,0.0,0.0,0.0,0.0,2.0,0.35005779420142885
2021_06_LAC_BAL_spread,0.5129224652087475,-0.0207843846014819,-110.0,spread,2021_06_LAC_BAL,0.21,0.0,0.0,0.0,0.0,3.0,0.35005779420142885
2021_06_LAC_BAL_spread,0.5129224652087475,-0.0207843846014819,-110.0,spread,2021_06_LAC_BAL,0.21,0.0,0.0,0.0,0.0,4.0,0.35005779420142885
2021_07_CAR_NYG_spread,0.5253164556962026,0.0028768699654776,-110.0,spread,2021_07_CAR_NYG,0.21,0.006041426927503129,0.0,0.0,0.0,1.0,0.35005779420142885
2021_07_CAR_NYG_spread,0.5253164556962026,0.0028768699654776,-110.0,spread,2021_07_CAR_NYG,0.21,0.006041426927503129,0.0,0.0,0.0,2.0,0.35005779420142885
2021_03_TB_LA_spread,0.5129224652087475,-0.0207843846014819,-110.0,spread,2021_03_TB_LA,0.21,0.0,0.0,0.0,0.0,4.0,0.35005779420142885
2021_03_TB_LA_spread,0.5129224652087475,-0.0207843846014819,-110.0,spread,2021_03_TB_LA,0.21,0.0,0.0,0.0,0.0,2.0,0.35005779420142885
2020_19_CLE_KC_spread,0.5257047294478066,0.0036181198549034,-110.0,spread,2020_19_CLE_KC,0.21,0.007598051695297147,0.0,0.0,0.0,3.0,0.35005779420142885
2020_21_KC_TB_spread,0.5153221740541447,-0.0162031222602691,-110.0,spread,2020_21_KC_TB,0.21,0.0,0.0,0.0,0.0,8.0,0.35005779420142885
2020_21_KC_TB_spread,0.5153221740541447,-0.0162031222602691,-110.0,spread,2020_21_KC_TB,0.21,0.0,0.0,0.0,0.0,10.0,0.35005779420142885
2020_21_KC_TB_spread,0.5153221740541447,-0.0162031222602691,-110.0,spread,2020_21_KC_TB,0.21,0.0,0.0,0.0,0.0,11.0,0.35005779420142885
2020_21_KC_TB_spread,0.5153221740541447,-0.0162031222602691,-110.0,spread,2020_21_KC_TB,0.21,0.0,0.0,0.0,0.0,12.0,0.35005779420142885
2020_21_KC_TB_spread,0.5153221740541447,-0.0162031222602691,-110.0,spread,2020_21_KC_TB,0.21,0.0,0.0,0.0,0.0,13.0,0.35005779420142885
2020_21_KC_TB_spread,0.5153221740541447,-0.0162031222602691,-110.0,spread,2020_21_KC_TB,0.21,0.0,0.0,0.0,0.0,14.0,0.35005779420142885
2020_21_KC_TB_spread,0.5153221740541447,-0.0162031222602691,-110.0,spread,2020_21_KC_TB,0.21,0.0,0.0,0.0,0.0,15.0,0.35005779420142885
2020_21_KC_TB_spread,0.5153221740541447,-0.0162031222602691,-110.0,spread,2020_21_KC_TB,0.21,0.0,0.0,0.0,0.0,16.0,0.35005779420142885
2021_01_ARI_TEN_spread,0.5129224652087475,-0.0207843846014819,-110.0,spread,2021_01_ARI_TEN,0.21,0.0,0.0,0.0,0.0,1.0,0.35005779420142885
2021_01_ARI_TEN_spread,0.5129224652087475,-0.0207843846014819,-110.0,spread,2021_01_ARI_TEN,0.21,0.0,0.0,0.0,0.0,2.0,0.35005779420142885
2021_01_ARI_TEN_spread,0.5129224652087475,-0.0207843846014819,-110.0,spread,2021_01_ARI_TEN,0.21,0.0,0.0,0.0,0.0,3.0,0.35005779420142885
2021_01_ARI_TEN_spread,0.5129224652087475,-0.0207843846014819,-110.0,spread,2021_01_ARI_TEN,0.21,0.0,0.0,0.0,0.0,4.0,0.35005779420142885
2021_01_BAL_LV_spread,0.5129224652087475,-0.0207843846014819,-110.0,spread,2021_01_BAL_LV,0.21,0.0,0.0,0.0,0.0,1.0,0.35005779420142885
2021_01_BAL_LV_spread,0.5129224652087475,-0.0207843846014819,-110.0,spread,2021_01_BAL_LV,0.21,0.0,0.0,0.0,0.0,2.0,0.35005779420142885
2021_01_BAL_LV_spread,0.5129224652087475,-0.0207843846014819,-110.0,spread,2021_01_BAL_LV,0.21,0.0,0.0,0.0,0.0,3.0,0.35005779420142885
2021_01_BAL_LV_spread,0.5129224652087475,-0.0207843846014819,-110.0,spread,2021_01_BAL_LV,0.21,0.0,0.0,0.0,0.0,4.0,0.35005779420142885
2020_21_KC_TB_spread,0.5153221740541447,-0.0162031222602691,-110.0,spread,2020_21_KC_TB,0.21,0.0,0.0,0.0,0.0,9.0,0.35005779420142885
2020_21_KC_TB_spread,0.5153221740541447,-0.0162031222602691,-110.0,spread,2020_21_KC_TB,0.21,0.0,0.0,0.0,0.0,7.0,0.35005779420142885
2021_01_JAX_HOU_spread,0.5129224652087475,-0.0207843846014819,-110.0,spread,2021_01_JAX_HOU,0.21,0.0,0.0,0.0,0.0,1.0,0.35005779420142885
2020_21_KC_TB_spread,0.5153221740541447,-0.0162031222602691,-110.0,spread,2020_21_KC_TB,0.21,0.0,0.0,0.0,0.0,6.0,0.35005779420142885
2020_19_CLE_KC_spread,0.5257047294478066,0.0036181198549034,-110.0,spread,2020_19_CLE_KC,0.21,0.007598051695297147,0.0,0.0,0.0,4.0,0.35005779420142885
2020_19_LA_GB_spread,0.5253164556962026,0.0028768699654776,-110.0,spread,2020_19_LA_GB,0.21,0.006041426927503129,0.0,0.0,0.0,1.0,0.35005779420142885
2020_19_TB_NO_spread,0.5129224652087475,-0.0207843846014819,-110.0,spread,2020_19_TB_NO,0.21,0.0,0.0,0.0,0.0,1.0,0.35005779420142885
2020_19_TB_NO_spread,0.5129224652087475,-0.0207843846014819,-110.0,spread,2020_19_TB_NO,0.21,0.0,0.0,0.0,0.0,2.0,0.35005779420142885
2020_19_TB_NO_spread,0.5129224652087475,-0.0207843846014819,-110.0,spread,2020_19_TB_NO,0.21,0.0,0.0,0.0,0.0,3.0,0.35005779420142885
2020_19_TB_NO_spread,0.5129224652087475,-0.0207843846014819,-110.0,spread,2020_19_TB_NO,0.21,0.0,0.0,0.0,0.0,4.0,0.35005779420142885
2020_20_BUF_KC_spread,0.5129224652087475,-0.0207843846014819,-110.0,spread,2020_20_BUF_KC,0.21,0.0,0.0,0.0,0.0,1.0,0.35005779420142885
2020_20_BUF_KC_spread,0.5129224652087475,-0.0207843846014819,-110.0,spread,2020_20_BUF_KC,0.21,0.0,0.0,0.0,0.0,2.0,0.35005779420142885
2020_20_BUF_KC_spread,0.5129224652087475,-0.0207843846014819,-110.0,spread,2020_20_BUF_KC,0.21,0.0,0.0,0.0,0.0,3.0,0.35005779420142885
2020_20_BUF_KC_spread,0.5129224652087475,-0.0207843846014819,-110.0,spread,2020_20_BUF_KC,0.21,0.0,0.0,0.0,0.0,4.0,0.35005779420142885
2020_21_KC_TB_spread,0.5153221740541447,-0.0162031222602691,-110.0,spread,2020_21_KC_TB,0.21,0.0,0.0,0.0,0.0,1.0,0.35005779420142885
2020_21_KC_TB_spread,0.5153221740541447,-0.0162031222602691,-110.0,spread,2020_21_KC_TB,0.21,0.0,0.0,0.0,0.0,2.0,0.35005779420142885
2020_21_KC_TB_spread,0.5153221740541447,-0.0162031222602691,-110.0,spread,2020_21_KC_TB,0.21,0.0,0.0,0.0,0.0,3.0,0.35005779420142885
2020_21_KC_TB_spread,0.5153221740541447,-0.0162031222602691,-110.0,spread,2020_21_KC_TB,0.21,0.0,0.0,0.0,0.0,4.0,0.35005779420142885
2020_21_KC_TB_spread,0.5153221740541447,-0.0162031222602691,-110.0,spread,2020_21_KC_TB,0.21,0.0,0.0,0.0,0.0,5.0,0.35005779420142885
2021_01_CHI_LA_spread,0.5275779376498799,0.0071942446043162,-110.0,spread,2021_01_CHI_LA,0.21,0.015107913669064053,0.0,0.0,0.0,1.0,0.35005779420142885
2021_01_JAX_HOU_spread,0.5129224652087475,-0.0207843846014819,-110.0,spread,2021_01_JAX_HOU,0.21,0.0,0.0,0.0,0.0,2.0,0.35005779420142885
2021_03_TB_LA_spread,0.5129224652087475,-0.0207843846014819,-110.0,spread,2021_03_TB_LA,0.21,0.0,0.0,0.0,0.0,1.0,0.35005779420142885
2021_02_NE_NYJ_spread,0.5275779376498799,0.0071942446043162,-110.0,spread,2021_02_NE_NYJ,0.21,0.015107913669064053,0.0,0.0,0.0,4.0,0.35005779420142885
2021_02_NYG_WAS_spread,0.5129224652087475,-0.0207843846014819,-110.0,spread,2021_02_NYG_WAS,0.21,0.0,0.0,0.0,0.0,2.0,0.35005779420142885
2021_02_NYG_WAS_spread,0.5275779376498799,0.0071942446043162,-110.0,spread,2021_02_NYG_WAS,0.21,0.015107913669064053,0.0,0.0,0.0,3.0,0.35005779420142885
2021_02_NYG_WAS_spread,0.5129224652087475,-0.0207843846014819,-110.0,spread,2021_02_NYG_WAS,0.21,0.0,0.0,0.0,0.0,4.0,0.35005779420142885
2021_03_ATL_NYG_spread,0.5129224652087475,-0.0207843846014819,-110.0,spread,2021_03_ATL_NYG,0.21,0.0,0.0,0.0,0.0,1.0,0.35005779420142885
2021_03_ATL_NYG_spread,0.5129224652087475,-0.0207843846014819,-110.0,spread,2021_03_ATL_NYG,0.21,0.0,0.0,0.0,0.0,2.0,0.35005779420142885
2021_03_ATL_NYG_spread,0.5129224652087475,-0.0207843846014819,-110.0,spread,2021_03_ATL_NYG,0.21,0.0,0.0,0.0,0.0,3.0,0.35005779420142885
2021_03_ATL_NYG_spread,0.5129224652087475,-0.0207843846014819,-110.0,spread,2021_03_ATL_NYG,0.21,0.0,0.0,0.0,0.0,4.0,0.35005779420142885
2021_03_LAC_KC_spread,0.5275779376498799,0.0071942446043162,-110.0,spread,2021_03_LAC_KC,0.21,0.015107913669064053,0.0,0.0,0.0,1.0,0.35005779420142885
2021_03_LAC_KC_spread,0.5253164556962026,0.0028768699654776,-110.0,spread,2021_03_LAC_KC,0.21,0.006041426927503129,0.0,0.0,0.0,2.0,0.35005779420142885
2021_03_LAC_KC_spread,0.5275779376498799,0.0071942446043162,-110.0,spread,2021_03_LAC_KC,0.21,0.015107913669064053,0.0,0.0,0.0,3.0,0.35005779420142885
2021_03_LAC_KC_spread,0.5253164556962026,0.0028768699654776,-110.0,spread,2021_03_LAC_KC,0.21,0.006041426927503129,0.0,0.0,0.0,4.0,0.35005779420142885
2021_03_NO_NE_spread,0.5129224652087475,-0.0207843846014819,-110.0,spread,2021_03_NO_NE,0.21,0.0,0.0,0.0,0.0,1.0,0.35005779420142885
2021_03_NO_NE_spread,0.5129224652087475,-0.0207843846014819,-110.0,spread,2021_03_NO_NE,0.21,0.0,0.0,0.0,0.0,2.0,0.35005779420142885
2021_03_NO_NE_spread,0.5129224652087475,-0.0207843846014819,-110.0,spread,2021_03_NO_NE,0.21,0.0,0.0,0.0,0.0,3.0,0.35005779420142885
2021_03_NO_NE_spread,0.5129224652087475,-0.0207843846014819,-110.0,spread,2021_03_NO_NE,0.21,0.0,0.0,0.0,0.0,4.0,0.35005779420142885
2021_02_NYG_WAS_spread,0.5275779376498799,0.0071942446043162,-110.0,spread,2021_02_NYG_WAS,0.21,0.015107913669064053,0.0,0.0,0.0,1.0,0.35005779420142885
2021_02_NE_NYJ_spread,0.5275779376498799,0.0071942446043162,-110.0,spread,2021_02_NE_NYJ,0.21,0.015107913669064053,0.0,0.0,0.0,3.0,0.35005779420142885
2021_01_JAX_HOU_spread,0.5129224652087475,-0.0207843846014819,-110.0,spread,2021_01_JAX_HOU,0.21,0.0,0.0,0.0,0.0,3.0,0.35005779420142885
2021_02_NE_NYJ_spread,0.5275779376498799,0.0071942446043162,-110.0,spread,2021_02_NE_NYJ,0.21,0.015107913669064053,0.0,0.0,0.0,2.0,0.35005779420142885
2021_01_JAX_HOU_spread,0.5129224652087475,-0.0207843846014819,-110.0,spread,2021_01_JAX_HOU,0.21,0.0,0.0,0.0,0.0,4.0,0.35005779420142885
2021_01_PIT_BUF_spread,0.5275779376498799,0.0071942446043162,-110.0,spread,2021_01_PIT_BUF,0.21,0.015107913669064053,0.0,0.0,0.0,1.0,0.35005779420142885
2021_01_PIT_BUF_spread,0.521673956540137,-0.0040769920597383,-110.0,spread,2021_01_PIT_BUF,0.21,0.0,0.0,0.0,0.0,2.0,0.35005779420142885
2021_01_PIT_BUF_spread,0.5275779376498799,0.0071942446043162,-110.0,spread,2021_01_PIT_BUF,0.21,0.015107913669064053,0.0,0.0,0.0,3.0,0.35005779420142885
2021_01_PIT_BUF_spread,0.521673956540137,-0.0040769920597383,-110.0,spread,2021_01_PIT_BUF,0.21,0.0,0.0,0.0,0.0,4.0,0.35005779420142885
2021_02_ATL_TB_spread,0.5275779376498799,0.0071942446043162,-110.0,spread,2021_02_ATL_TB,0.21,0.015107913669064053,0.0,0.0,0.0,1.0,0.35005779420142885
2021_02_ATL_TB_spread,0.5275779376498799,0.0071942446043162,-110.0,spread,2021_02_ATL_TB,0.21,0.015107913669064053,0.0,0.0,0.0,2.0,0.35005779420142885
2021_02_ATL_TB_spread,0.5275779376498799,0.0071942446043162,-110.0,spread,2021_02_ATL_TB,0.21,0.015107913669064053,0.0,0.0,0.0,3.0,0.35005779420142885
2021_02_ATL_TB_spread,0.5275779376498799,0.0071942446043162,-110.0,spread,2021_02_ATL_TB,0.21,0.015107913669064053,0.0,0.0,0.0,4.0,0.35005779420142885
2021_02_BUF_MIA_spread,0.5129224652087475,-0.0207843846014819,-110.0,spread,2021_02_BUF_MIA,0.21,0.0,0.0,0.0,0.0,1.0,0.35005779420142885
2021_02_KC_BAL_spread,0.5129224652087475,-0.0207843846014819,-110.0,spread,2021_02_KC_BAL,0.21,0.0,0.0,0.0,0.0,1.0,0.35005779420142885
2021_02_KC_BAL_spread,0.5129224652087475,-0.0207843846014819,-110.0,spread,2021_02_KC_BAL,0.21,0.0,0.0,0.0,0.0,2.0,0.35005779420142885
2021_02_KC_BAL_spread,0.5129224652087475,-0.0207843846014819,-110.0,spread,2021_02_KC_BAL,0.21,0.0,0.0,0.0,0.0,3.0,0.35005779420142885
2021_02_KC_BAL_spread,0.5129224652087475,-0.0207843846014819,-110.0,spread,2021_02_KC_BAL,0.21,0.0,0.0,0.0,0.0,4.0,0.35005779420142885
2021_02_NE_NYJ_spread,0.5275779376498799,0.0071942446043162,-110.0,spread,2021_02_NE_NYJ,0.21,0.015107913669064053,0.0,0.0,0.0,1.0,0.35005779420142885
2024_21_WAS_PHI_spread,0.5129224652087475,-0.0207843846014819,-110.0,spread,2024_21_WAS_PHI,0.21,0.0,0.0,0.0,0.0,16.0,0.35005779420142885
