season,week,game_id,bet_type,pick,bet_line,price,p_cal,ev,edge_pts,stake,won,pnl,p_blend
2019,1,2019_01_ATL_MIN,spread,ATL,3.5,-110.0,0.5630651548282231,0.1824368251392685,-6.422420361741601,60.0,0,-60.0,0.5630651548282231
2019,1,2019_01_ATL_MIN,spread,MIN,3.5,-110.0,0.5500081784575162,0.1550171747607839,0.5733189255667952,59.64,1,54.21818181818182,0.5500081784575162
2019,1,2019_01_BAL_MIA,spread,MIA,-7.0,-110.0,0.6291877472465597,0.3212942692177754,14.570899467691618,59.96530909090909,0,-59.96530909090909,0.6291877472465597
2019,1,2019_01_BAL_MIA,spread,MIA,-7.0,-110.0,0.5635222788774157,0.183396785642573,0.5790339323319111,59.60551723636364,0,-59.60551723636364,0.6291877472465597
2019,1,2019_01_BUF_NYJ,spread,BUF,2.5,-110.0,0.5547608767240593,0.1649978411205245,-4.423554006933459,59.24788413294546,1,53.86171284813224,0.5547608767240593
2019,1,2019_01_BUF_NYJ,spread,NYJ,2.5,-110.0,0.5461291127718677,0.1468711368209222,0.5733657131690304,55.84326083638633,0,-55.84326083638633,0.5461291127718677
2019,1,2019_01_CIN_SEA,spread,CIN,9.5,-110.0,0.6098818256534198,0.2807518338721815,-18.419192215902783,59.235994845015945,1,53.85090440455995,0.6098818256534198
2019,1,2019_01_CIN_SEA,spread,SEA,9.5,-110.0,0.5730082564650174,0.2033173385765365,0.5694646614891692,59.559100271443306,0,-59.559100271443306,0.5730082564650174
2019,1,2019_01_DEN_OAK,spread,OAK,-3.0,-110.0,0.561481754116427,0.1791116836444967,6.5733719016311305,23.43859846653986,1,21.30781678776351,0.561481754116427
2019,2,2019_02_ARI_BAL,spread,ARI,13.0,-110.0,0.6330140090573526,0.3293294190204405,-25.27120695568883,59.32959257054123,1,53.93599324594657,0.6330140090573526
2019,2,2019_02_ARI_BAL,spread,BAL,13.0,-110.0,0.5863060532755758,0.2312427118787092,0.7094495635843678,59.6532085300169,0,-59.6532085300169,0.5863060532755758
2019,2,2019_02_CHI_DEN,spread,DEN,-3.0,-110.0,0.5617998291728256,0.1797796412629337,6.716543034100857,59.295289278836805,1,53.90480843530619,0.5617998291728256
2019,2,2019_02_CHI_DEN,spread,DEN,-3.0,-110.0,0.5484001741469325,0.1516403657085584,0.7208092810484938,59.61871812944864,1,54.19883466313512,0.5617998291728256
2019,2,2019_02_CLE_NYJ,spread,NYJ,-6.5,-110.0,0.625486348575878,0.3135213320093439,13.714504681437488,59.94391113742745,0,-59.94391113742745,0.625486348575878
2019,2,2019_02_CLE_NYJ,spread,NYJ,-6.5,-110.0,0.5619263542537691,0.1800453439329152,0.7239349917415456,59.584247670602885,0,-59.584247670602885,0.625486348575878
2019,2,2019_02_IND_TEN,spread,IND,3.0,-110.0,0.5586009024139513,0.1730618950692978,-5.2790006826410245,59.22674218457927,1,53.84249289507206,0.5586009024139513
2019,2,2019_02_IND_TEN,spread,TEN,3.0,-110.0,0.5483907741545692,0.1516206257245953,0.7166206495629441,59.5497971419497,0,-59.5497971419497,0.5483907741545692
2019,2,2019_02_KC_OAK,spread,OAK,-7.0,-110.0,0.6294958577064821,0.3219413011836124,14.714846823885182,19.730832786366086,0,-19.730832786366086,0.6294958577064821
2019,3,2019_03_BAL_KC,spread,BAL,4.5,-110.0,0.5706473121845725,0.1983593555876024,-8.132067403287788,59.074113362379805,0,-59.074113362379805,0.5706473121845725
2019,3,2019_03_BAL_KC,spread,KC,4.5,-110.0,0.5545218055142456,0.1644957915799157,0.8597710968495687,58.71966868220553,1,53.3815169838232,0.5545218055142456
2019,3,2019_03_CHI_WAS,spread,WAS,-5.0,-110.0,0.6135685311627099,0.2884939154416909,10.857848984188362,59.03995778410847,0,-59.03995778410847,0.6135685311627099
2019,3,2019_03_CHI_WAS,spread,WAS,-5.0,-110.0,0.5564692056166803,0.1685853317950287,0.8667609149689088,58.68571803740382,0,-58.68571803740382,0.6135685311627099
2019,3,2019_03_CIN_BUF,spread,BUF,5.5,-110.0,0.5583775937719682,0.1725929469211331,0.8577077729829954,58.33360372917939,0,-58.33360372917939,0.5583775937719682
2019,3,2019_03_CIN_BUF,spread,CIN,5.5,-110.0,0.5787528039693453,0.215380888335625,-10.13236007796322,57.98360210680431,1,52.71236555164028,0.5787528039693453
2019,3,2019_03_DEN_GB,spread,DEN,7.0,-110.0,0.5906074419885277,0.240275628175908,-13.131252650617242,58.29987630011416,0,-58.29987630011416,0.5906074419885277
2019,3,2019_03_DEN_GB,spread,GB,7.0,-110.0,0.5641362339720754,0.1846860913413582,0.8561592838293519,57.950077042313474,1,52.681888220284975,0.5641362339720754
2019,3,2019_03_HOU_LAC,spread,HOU,3.0,-110.0,0.5582771706152508,0.1723820582920268,-5.133793371663457,19.42205612387848,1,17.65641465807134,0.5582771706152508
2019,4,2019_04_CLE_BAL,spread,BAL,7.5,-110.0,0.5663631614095774,0.1893626389601126,0.9991322882679584,58.3721068595836,0,-58.3721068595836,0.5663631614095774
2019,4,2019_04_CLE_BAL,spread,CLE,7.5,-110.0,0.5941640667714116,0.2477445402199645,-13.985148756558235,58.0218742184261,1,52.74715838038736,0.5941640667714116
2019,4,2019_04_KC_DET,spread,DET,-7.5,-110.0,0.5664003866173803,0.1894408118964987,1.0159966727087548,58.33835716870842,1,53.03487015337129,0.5664003866173803
2019,4,2019_04_KC_DET,spread,DET,-7.5,-110.0,0.6340675647419111,0.3315418859580132,16.00072858377348,58.65656638962865,1,53.32415126329877,0.5664003866173803
2019,4,2019_04_MIN_CHI,spread,CHI,-1.0,-110.0,0.541279292697945,0.1366865146656845,1.006563661739841,43.27285293271874,1,39.338957211562494,0.541279292697945
2019,4,2019_04_MIN_CHI,spread,CHI,-1.0,-110.0,0.5457668727952145,0.1461104328699505,3.004723215744569,54.606321662957406,1,49.64211060268855,0.541279292697945
2019,4,2019_04_NE_BUF,spread,BUF,-7.0,-110.0,0.5644843397195581,0.1854171134110721,1.0133895567621822,59.510397704093954,1,54.10036154917632,0.5644843397195581
2019,4,2019_04_NE_BUF,spread,BUF,-7.0,-110.0,0.6301036708243523,0.3232177087311397,14.99915424364167,59.83499987338901,1,54.395454430353645,0.5644843397195581
2019,4,2019_04_PHI_GB,spread,GB,3.5,-110.0,0.5509719892570477,0.1570411774398002,1.0031477609508244,40.752975849967605,0,-40.752975849967605,0.5509719892570477
2019,5,2019_05_ATL_HOU,spread,ATL,4.0,-110.0,0.5659108965297912,0.1884128827125616,-6.84389014988759,59.91685474487133,0,-59.91685474487133,0.5659108965297912
2019,5,2019_05_ATL_HOU,spread,HOU,4.0,-110.0,0.5532291872732914,0.161781293273912,1.1464080612740286,59.5573536164021,1,54.14304874218372,0.5532291872732914
2019,5,2019_05_BUF_TEN,spread,BUF,3.5,-110.0,0.5617862733671631,0.1797511740710426,-5.846215280638321,59.8822119088552,1,54.43837446259563,0.5617862733671631
2019,5,2019_05_BUF_TEN,spread,TEN,3.5,-110.0,0.5512905587641628,0.1577101734047419,1.1452632939784708,60.20884215563078,0,-60.20884215563078,0.5512905587641628
2019,5,2019_05_CHI_OAK,spread,OAK,-6.5,-110.0,0.6264093185167066,0.3154595688850838,14.142107829113325,59.847589102696986,1,54.40689918426999,0.6264093185167066
2019,5,2019_05_CHI_OAK,spread,OAK,-6.5,-110.0,0.5628879978327013,0.1820647954486727,1.1571963255998163,60.17403049780261,1,54.70366408891147,0.6264093185167066
2019,5,2019_05_DEN_LAC,spread,DEN,4.0,-110.0,0.5659121114244251,0.1884154339912928,-6.844440151174483,60.50225248233608,1,55.002047711214615,0.5659121114244251
2019,5,2019_05_DEN_LAC,spread,LAC,4.0,-110.0,0.5532279558586359,0.1617787073031354,1.1458580599871355,60.83226476860336,0,-60.83226476860336,0.5532279558586359
2019,5,2019_05_GB_DAL,spread,DAL,3.5,-110.0,0.5512934343501376,0.1577162121352889,1.1465462127224717,20.15575705999733,0,-20.15575705999733,0.5512934343501376
2019,6,2019_06_CAR_TB,spread,TB,-2.0,-110.0,0.5544504796673899,0.1643460073015188,5.149011225100577,60.34633663763175,0,-60.34633663763175,0.5544504796673899
2019,6,2019_06_CAR_TB,spread,TB,-2.0,-110.0,0.5454911168771011,0.1455313454419122,1.1534763186799937,54.62328000408642,0,-54.62328000408642,0.5544504796673899
2019,6,2019_06_DET_GB,spread,DET,3.5,-110.0,0.5617832201226434,0.1797447622575511,-5.844840723483203,59.65651893778144,1,54.23319903434676,0.5617832201226434
2019,6,2019_06_DET_GB,spread,GB,3.5,-110.0,0.5512936397520167,0.1577166434792352,1.1466378511335904,59.98191813198752,0,-59.98191813198752,0.5512936397520167
2019,6,2019_06_NYG_NE,spread,NE,16.5,-110.0,0.5996635939943638,0.2592935473881639,1.1303933154514745,59.6220266231956,1,54.20184238472327,0.5996635939943638
2019,6,2019_06_NYG_NE,spread,NYG,16.5,-110.0,0.6521582206187548,0.3695322632993852,-31.830394019329905,59.94723767750394,0,-59.94723767750394,0.6521582206187548
2019,6,2019_06_PHI_MIN,spread,MIN,3.5,-110.0,0.5512924074483689,0.1577140556415748,1.1460880688291128,59.58755425143892,1,54.17050386494447,0.5512924074483689
2019,6,2019_06_PHI_MIN,spread,PHI,3.5,-110.0,0.5617844413317188,0.1797473267966095,-5.84539050578768,59.91257727462858,0,-59.91257727462858,0.5617844413317188
2019,6,2019_06_PIT_LAC,spread,LAC,6.0,-110.0,0.5609367465108874,0.1779671676728637,1.1428305131244,25.173478734111853,0,-25.173478734111853,0.5609367465108874
2019,7,2019_07_HOU_IND,spread,HOU,1.5,-110.0,0.545109123317709,0.1447291589671889,-1.84760287995244,53.14008453400428,0,-53.14008453400428,0.545109123317709
2019,7,2019_07_HOU_IND,spread,IND,1.5,-110.0,0.5435399755073425,0.1414339485654192,1.1489325859048067,48.96102232865588,1,44.51002029877807,0.5435399755073425
2019,7,2019_07_KC_DEN,spread,DEN,-3.0,-110.0,0.5493740749064706,0.1536855573035883,1.1548528239400615,59.35028055316478,0,-59.35028055316478,0.5493740749064706
2019,7,2019_07_KC_DEN,spread,DEN,-3.0,-110.0,0.5627576812084242,0.1817911305376908,7.148026828823842,58.9941788698458,0,-58.9941788698458,0.5493740749064706
2019,7,2019_07_LAC_TEN,spread,LAC,3.0,-110.0,0.557635806465983,0.1710351935785643,-4.846249225667519,58.640213796626725,0,-58.640213796626725,0.557635806465983
2019,7,2019_07_LAC_TEN,spread,TEN,3.0,-110.0,0.5493551338503396,0.1536457810857132,1.1464097817433672,58.28837251384696,0,-58.28837251384696,0.5493551338503396
2019,7,2019_07_MIA_BUF,spread,BUF,17.0,-110.0,0.6013965309127154,0.2629327149167023,1.1297052134608094,57.93864227876388,0,-57.93864227876388,0.6013965309127154
2019,7,2019_07_MIA_BUF,spread,MIA,17.0,-110.0,0.6546899986799687,0.3748489972279343,-32.82990168852648,57.59101042509129,1,52.35546402281026,0.6546899986799687
2019,7,2019_07_MIN_DET,spread,DET,-2.5,-110.0,0.5474308265931798,0.1496047358456775,1.15315646264024,35.32625920097655,0,-35.32625920097655,0.5474308265931798
2019,8,2019_08_ARI_NO,spread,ARI,12.5,-110.0,0.6291433151892525,0.3212009618974303,-23.83457519674764,57.69318565402229,0,-57.69318565402229,0.6291433151892525
2019,8,2019_08_ARI_NO,spread,NO,12.5,-110.0,0.5853807862078648,0.2292996510365161,1.135990790999033,57.34702654009816,1,52.13366049099832,0.5853807862078648
2019,8,2019_08_CLE_NE,spread,CLE,9.5,-110.0,0.6087626773102294,0.2784016223514817,-17.838567683408225,57.65982850304414,0,-57.65982850304414,0.6087626773102294
2019,8,2019_08_CLE_NE,spread,NE,9.5,-110.0,0.574248756222271,0.2059223880667692,1.1387460713756816,57.31386953202587,1,52.10351775638715,0.574248756222271
2019,8,2019_08_LAC_CHI,spread,CHI,3.5,-110.0,0.5512911750390899,0.1577114675820887,1.1455382397468927,57.62649063856419,0,-57.62649063856419,0.5512911750390899
2019,8,2019_08_LAC_CHI,spread,LAC,3.5,-110.0,0.5617864070384715,0.1797514547807901,-5.846275458985364,57.28073169473281,1,52.07339244975709,0.5617864070384715
2019,8,2019_08_OAK_HOU,spread,HOU,5.0,-110.0,0.5570921919794636,0.1698936031568735,1.1457648691705078,57.59317204943135,0,-57.59317204943135,0.5570921919794636
2019,8,2019_08_OAK_HOU,spread,OAK,5.0,-110.0,0.5740871116566157,0.2055829344788931,-8.842507822334007,57.24761301713475,1,52.04328456103159,0.5740871116566157
2019,8,2019_08_WAS_MIN,spread,MIN,16.5,-110.0,0.5996632247841853,0.2592927720467892,1.1302099955292562,19.1866242415004,0,-19.1866242415004,0.5996632247841853
2019,9,2019_09_DAL_NYG,spread,NYG,-6.5,-110.0,0.6264128753268221,0.3154670381863265,14.143757466423931,57.44475297905195,0,-57.44475297905195,0.6264128753268221
2019,9,2019_09_DAL_NYG,spread,NYG,-6.5,-110.0,0.5628916570437006,0.1820724797917713,1.1588459629104255,57.10008446117763,0,-57.10008446117763,0.6264128753268221
2019,9,2019_09_GB_LAC,spread,LAC,-4.0,-110.0,0.6059292246886261,0.2724513718461148,9.146615723828951,56.75748395441057,1,51.59771268582779,0.6059292246886261
2019,9,2019_09_GB_LAC,spread,LAC,-4.0,-110.0,0.5532509709611559,0.1618270390184275,1.1561376393099012,57.06707023052553,1,51.87915475502321,0.6059292246886261
2019,9,2019_09_HOU_JAX,spread,HOU,1.0,-110.0,0.5409230971824838,0.1359385040832159,-0.847943231140162,41.24183783573789,1,37.49257985067081,0.5409230971824838
2019,9,2019_09_HOU_JAX,spread,JAX,1.0,-110.0,0.54160014524565,0.1373603050158651,1.1494384045352044,43.04153763524443,0,-43.04153763524443,0.54160014524565
2019,9,2019_09_IND_PIT,spread,IND,1.0,-110.0,0.5409257722507317,0.1359441217265365,-0.8491345211054908,41.22435016759879,0,-41.22435016759879,0.5409257722507317
2019,9,2019_09_IND_PIT,spread,PIT,1.0,-110.0,0.5415974699226024,0.1373546868374651,1.1482471145698754,42.65733802086131,1,38.77939820078301,0.5415974699226024
2019,9,2019_09_MIN_KC,spread,KC,-5.5,-110.0,0.5590451005025043,0.1739947110552591,1.1571941635355725,57.33038170054732,1,52.11852881867938,0.5590451005025043
2019,9,2019_09_MIN_KC,spread,KC,-5.5,-110.0,0.6183040475316361,0.298438499816436,12.144466295603422,23.13684111191226,1,21.03349191992024,0.5590451005025043
2019,10,2019_10_ATL_NO,spread,ATL,14.0,-110.0,0.6383465964180481,0.3405278524779012,-26.83175530492485,57.76929382497891,1,52.51753984088992,0.6383465964180481
2019,10,2019_10_ATL_NO,spread,NO,14.0,-110.0,0.590821532065245,0.2407252173370145,1.134934324977639,58.084399064024254,0,-58.084399064024254,0.590821532065245
2019,10,2019_10_BUF_CLE,spread,BUF,3.0,-110.0,0.5576360110443024,0.171035623193035,-4.846340916811065,57.73589266964011,0,-57.73589266964011,0.5576360110443024
2019,10,2019_10_BUF_CLE,spread,CLE,3.0,-110.0,0.5493549281503667,0.1536453491157701,1.146318090599821,57.38947731362227,0,-57.38947731362227,0.5493549281503667
2019,10,2019_10_DET_CHI,spread,CHI,6.0,-110.0,0.560934912327868,0.1779633158885227,1.142005601462695,57.045140449740536,1,51.859218590673215,0.560934912327868
2019,10,2019_10_DET_CHI,spread,DET,6.0,-110.0,0.5821334531052014,0.2224802515209228,-10.843906224453631,57.35629576128458,0,-57.35629576128458,0.5821334531052014
2019,10,2019_10_KC_TEN,spread,TEN,-5.0,-110.0,0.6142041493162755,0.2898287135641787,11.145600130304288,57.01215798671687,1,51.829234533378965,0.6142041493162755
2019,10,2019_10_KC_TEN,spread,TEN,-5.0,-110.0,0.5571176010482788,0.1699469622013855,1.1571475654423455,57.323133393917146,1,52.11193944901559,0.6142041493162755
2019,10,2019_10_LAC_OAK,spread,OAK,-1.0,-110.0,0.5460937040641247,0.146796778534662,3.1502714121526934,19.21193501020383,1,17.465395463821665,0.5460937040641247
2019,11,2019_11_ARI_SF,spread,ARI,10.0,-110.0,0.6123326184744009,0.2858984987962419,-18.83813571642252,57.74059740339417,0,-57.74059740339417,0.6123326184744009
2019,11,2019_11_ARI_SF,spread,SF,10.0,-110.0,0.5761249264541312,0.2098623455536754,1.1383328696254935,57.394153818973805,0,-57.394153818973805,0.5761249264541312
2019,11,2019_11_BUF_MIA,spread,MIA,-7.0,-110.0,0.6304077389359384,0.3238562517654706,15.1415554249259,57.049788896059965,0,-57.049788896059965,0.6304077389359384
2019,11,2019_11_BUF_MIA,spread,MIA,-7.0,-110.0,0.5648047090415311,0.1860898889872154,1.1581594934424944,56.707490162683605,0,-56.707490162683605,0.6304077389359384
2019,11,2019_11_HOU_BAL,spread,BAL,4.0,-110.0,0.5532300078746191,0.1617830165367001,1.146774576388716,56.3672452217075,1,51.24295020155227,0.5532300078746191
2019,11,2019_11_HOU_BAL,spread,HOU,4.0,-110.0,0.5659108271903296,0.1884127370996922,-6.843858758888368,56.67470292291682,0,-56.67470292291682,0.5659108271903296
2019,11,2019_11_JAX_IND,spread,IND,2.5,-110.0,0.5474166093139659,0.1495748795593283,1.1468230551167329,55.85567444071048,1,50.77788585519134,0.5474166093139659
2019,11,2019_11_JAX_IND,spread,JAX,2.5,-110.0,0.5534708239603434,0.1622887303167212,-3.847016385088247,56.63932202051047,0,-56.63932202051047,0.5534708239603434
2019,11,2019_11_KC_LAC,spread,LAC,-5.5,-110.0,0.618305925246694,0.2984424430180575,12.145322559105008,19.24517660950565,0,-19.24517660950565,0.618305925246694
2019,12,2019_12_DAL_NE,spread,DAL,5.5,-110.0,0.578129573055752,0.2140721034170791,-9.843298643130437,56.18401502873037,1,51.07637729884579,0.578129573055752
2019,12,2019_12_DAL_NE,spread,NE,5.5,-110.0,0.5590152424906998,0.1739320092304696,1.1437936155799848,56.490473292523454,0,-56.490473292523454,0.5590152424906998
2019,12,2019_12_DEN_BUF,spread,BUF,3.5,-110.0,0.5512895312121473,0.1577080155455094,1.1448048606615204,56.15153045276831,1,51.04684586615301,0.5512895312121473
2019,12,2019_12_DEN_BUF,spread,DEN,3.5,-110.0,0.5617880361551268,0.1797548759257664,-5.84700888228645,56.45781152796523,0,-56.45781152796523,0.5617880361551268
2019,12,2019_12_IND_HOU,spread,HOU,3.5,-110.0,0.5512932289698274,0.1577157808366375,1.1464545839437994,56.11906465879744,0,-56.11906465879744,0.5512932289698274
2019,12,2019_12_IND_HOU,spread,IND,3.5,-110.0,0.5617836272068001,0.1797456171342802,-5.845023990672993,55.78235027084465,1,50.71122751894968,0.5617836272068001
2019,12,2019_12_JAX_TEN,spread,JAX,4.5,-110.0,0.5700176434486479,0.1970370512421606,-7.844924522431001,56.08661763595836,0,-56.08661763595836,0.5700176434486479
2019,12,2019_12_JAX_TEN,spread,TEN,4.5,-110.0,0.5551586428255018,0.1658331499335537,1.1445286018676049,55.75009793014261,1,50.68190720922056,0.5551586428255018
2019,12,2019_12_MIA_CLE,spread,CLE,11.0,-110.0,0.5798533898109761,0.2176921186030499,1.137414464868911,18.684729791132725,1,16.98611799193884,0.5798533898109761
2019,13,2019_13_BUF_DAL,spread,BUF,6.5,-110.0,0.586088655143514,0.2307861758013795,-11.841429324903263,56.15610608134956,1,51.0510055284996,0.586088655143514
2019,13,2019_13_BUF_DAL,spread,DAL,6.5,-110.0,0.562856433797926,0.1819985109756448,1.1429670204862878,56.46241211452056,0,-56.46241211452056,0.562856433797926
2019,13,2019_13_CLE_PIT,spread,PIT,-1.0,-110.0,0.5460899998154347,0.1467889996124129,3.148621749679143,52.51937719741891,1,47.74488836128992,0.5460899998154347
2019,13,2019_13_CLE_PIT,spread,PIT,-1.0,-110.0,0.541603034862367,0.1373663732109709,1.1507251165308825,42.15682219973161,1,38.32438381793782,0.5460899998154347
2019,13,2019_13_LAC_DEN,spread,DEN,-4.5,-110.0,0.5551814249256999,0.1658809923439698,1.1547180052529642,56.64005327490881,1,51.49095752264437,0.5551814249256999
2019,13,2019_13_LAC_DEN,spread,DEN,-4.5,-110.0,0.6100733426025443,0.2811540194653431,10.144351002909,56.94899902004468,1,51.771817290949706,0.5551814249256999
2019,13,2019_13_NO_ATL,spread,ATL,-7.0,-110.0,0.5648073446018319,0.186095423663847,1.1593507336078623,57.25962992379038,0,-57.25962992379038,0.5648073446018319
2019,13,2019_13_NO_ATL,spread,ATL,-7.0,-110.0,0.6304109968636274,0.3238630934136177,15.143081804327275,56.91607214424764,0,-56.91607214424764,0.5648073446018319
2019,13,2019_13_NYJ_CIN,spread,CIN,-2.5,-110.0,0.5474306209046087,0.1496043038996782,1.153064833861568,36.78625310023624,1,33.44204827294203,0.5474306209046087
2019,14,2019_14_BAL_BUF,spread,BUF,-6.5,-110.0,0.6264110968310821,0.3154633033452725,14.142932603963963,56.775228001019805,0,-56.775228001019805,0.6264110968310821
2019,14,2019_14_BAL_BUF,spread,BUF,-6.5,-110.0,0.5628898273431882,0.1820686374206951,1.1580211004504584,56.43457663301369,0,-56.43457663301369,0.6264110968310821
2019,14,2019_14_CIN_CLE,spread,CIN,6.5,-110.0,0.5860900100790302,0.2307890211659634,-11.84207072039928,56.09596917321561,0,-56.09596917321561,0.5860900100790302
2019,14,2019_14_CIN_CLE,spread,CLE,6.5,-110.0,0.562855010997666,0.1819955230950986,1.142325624990271,55.75939335817632,1,50.6903575983421,0.562855010997666
2019,14,2019_14_KC_NE,spread,KC,3.0,-110.0,0.5576329438166686,0.1710291820150041,-4.8449662001059375,56.06353550376637,1,50.96685045796942,0.5576329438166686
2019,14,2019_14_KC_NE,spread,NE,3.0,-110.0,0.549358012189023,0.1536518255969484,1.1476928073049484,56.36933660651418,0,-56.36933660651418,0.549358012189023
2019,14,2019_14_MIA_NYJ,spread,MIA,5.0,-110.0,0.5740883773400289,0.2055855924140608,-8.843089204987674,56.0311205868751,1,50.93738235170464,0.5740883773400289
2019,14,2019_14_MIA_NYJ,spread,NYJ,5.0,-110.0,0.5570901460783624,0.169889306764561,1.1448483624013743,56.33674488098533,0,-56.33674488098533,0.5570901460783624
2019,14,2019_14_SF_NO,spread,NO,1.0,-110.0,0.5415997336974567,0.1373594407646592,1.1492551469778602,18.66624147056655,0,-18.66624147056655,0.5415997336974567
2019,15,2019_15_BUF_PIT,spread,BUF,1.0,-110.0,0.5409268016733042,0.1359462835139389,-0.8495929544224416,40.17840264147262,1,36.52582058315693,0.5409268016733042
2019,15,2019_15_BUF_PIT,spread,PIT,1.0,-110.0,0.5415964404025162,0.137352524845284,1.1477886812529243,41.91392694254783,0,-41.91392694254783,0.5415964404025162
2019,15,2019_15_CHI_GB,spread,CHI,4.0,-110.0,0.5659145404529963,0.1884205349512921,-6.845539812361141,55.85439832471967,0,-55.85439832471967,0.5659145404529963
2019,15,2019_15_CHI_GB,spread,GB,4.0,-110.0,0.5532254937907468,0.1617735369605684,1.1447583988004784,55.51927193477135,1,50.47206539524668,0.5532254937907468
2019,15,2019_15_DEN_KC,spread,DEN,10.0,-110.0,0.612332966238226,0.2858992291002745,-18.83831896802518,55.82210432714283,0,-55.82210432714283,0.612332966238226
2019,15,2019_15_DEN_KC,spread,KC,10.0,-110.0,0.5761245292458254,0.2098615114162333,1.1381496180228368,55.487171701179975,1,50.44288336470907,0.5761245292458254
2019,15,2019_15_HOU_TEN,spread,HOU,3.0,-110.0,0.5576327393769099,0.1710287526915109,-4.844874571327265,55.78982900136823,1,50.7180263648802,0.5576327393769099
2019,15,2019_15_HOU_TEN,spread,TEN,3.0,-110.0,0.5493582177488405,0.1536522572725651,1.1477844360836205,56.09413715955751,0,-56.09413715955751,0.5493582177488405
2019,15,2019_15_IND_NO,spread,IND,8.0,-110.0,0.5976767303708777,0.2551211337788431,-14.839646211956593,48.36172993321456,0,-48.36172993321456,0.5976767303708777
2019,16,2019_16_BAL_CLE,spread,CLE,-9.5,-110.0,0.6742718895525779,0.4159709680604136,20.140254934952186,55.46740195700088,0,-55.46740195700088,0.6742718895525779
2019,16,2019_16_BAL_CLE,spread,CLE,-9.5,-110.0,0.5743002878102169,0.2060306044014556,1.162425904467101,55.13459754525887,0,-55.13459754525887,0.6742718895525779
2019,16,2019_16_BUF_NE,spread,BUF,7.0,-110.0,0.5900053793476925,0.2390112966301543,-12.84246352826422,54.80378995998732,0,-54.80378995998732,0.5900053793476925
2019,16,2019_16_BUF_NE,spread,NE,7.0,-110.0,0.5647669370329598,0.1860105677692155,1.1410875084467025,54.47496722022739,0,-54.47496722022739,0.5647669370329598
2019,16,2019_16_DAL_PHI,spread,PHI,-2.0,-110.0,0.554449864295404,0.1643447150203484,5.148736144945087,54.14811741690603,1,49.2255612880964,0.554449864295404
2019,16,2019_16_DAL_PHI,spread,PHI,-2.0,-110.0,0.5454904991386058,0.1455300481910723,1.1532012385245027,49.5762769702729,1,45.06934270024809,0.554449864295404
2019,16,2019_16_GB_MIN,spread,GB,4.0,-110.0,0.5659117066068435,0.1884145838743715,-6.844256883984693,54.713886840836096,1,49.739897128032815,0.5659117066068435
2019,16,2019_16_GB_MIN,spread,MIN,4.0,-110.0,0.5532283661812447,0.1617795689806139,1.146041327176926,55.01232622360429,0,-55.01232622360429,0.5532283661812447
2019,16,2019_16_HOU_TB,spread,TB,-3.0,-110.0,0.56275714099746,0.181789996094666,7.147783333487049,23.11595807076417,0,-23.11595807076417,0.56275714099746
2019,17,2019_17_ARI_LA,spread,ARI,7.0,-110.0,0.5900028932949828,0.2390060759194638,-12.841272238298892,54.54355651783808,0,-54.54355651783808,0.5900028932949828
2019,17,2019_17_ARI_LA,spread,LA,7.0,-110.0,0.5647695728444382,0.1860161029733202,1.1422787984120326,54.21629517873105,0,-54.21629517873105,0.5647695728444382
2019,17,2019_17_ATL_TB,spread,ATL,1.0,-110.0,0.5409222741432057,0.135936775700732,-0.8475767063930284,38.73337372255513,1,35.21215792959557,0.5409222741432057
2019,17,2019_17_ATL_TB,spread,TB,1.0,-110.0,0.5416009683637291,0.137362033563831,1.1498049292823378,40.42741681783595,0,-40.42741681783595,0.5416009683637291
2019,17,2019_17_CHI_MIN,spread,MIN,-5.5,-110.0,0.6183002289125112,0.2984304807162736,12.142724962478692,53.85970585432923,1,48.96336895848111,0.6183002289125112
2019,17,2019_17_CHI_MIN,spread,MIN,-5.5,-110.0,0.559041220657352,0.1739865633804391,1.155452830410843,54.15348606808011,1,49.23044188007283,0.6183002289125112
2019,17,2019_17_CLE_CIN,spread,CIN,-2.5,-110.0,0.5474310322683728,0.1496051677635828,1.153248085464226,54.01890534722349,1,49.10809577020317,0.5474310322683728
2019,17,2019_17_CLE_CIN,spread,CIN,-2.5,-110.0,0.5586106588880575,0.1730823836649208,6.147602523142099,54.74351729398177,1,49.76683390361978,0.5474310322683728
2019,17,2019_17_GB_DET,spread,DET,-13.5,-110.0,0.5890833535417423,0.2370750424376589,1.1663738803917258,48.175822801920425,1,43.79620254720039,0.5890833535417423
2019,18,2019_18_BUF_HOU,spread,BUF,2.5,-110.0,0.5534702084661579,0.1622874377789316,-3.846741436387356,55.30489551268669,0,-55.30489551268669,0.5534702084661579
2019,18,2019_18_BUF_HOU,spread,HOU,2.5,-110.0,0.547417226521903,0.1495761756959964,1.1470980038176224,54.50708770969926,1,49.55189791790842,0.547417226521903
2019,18,2019_18_BUF_HOU,spread,HOU,-2.5,-110.0,0.5474310557897514,0.1496052171584779,-1.1532585636126436,54.8339815932749,1,49.84907417570445,0.5474310557897514
2019,18,2019_18_BUF_HOU,spread,HOU,-2.5,-110.0,0.558609534280496,0.1730800219890416,-6.147098003817622,55.569471972172245,1,50.517701792883855,0.5474310557897514
2019,18,2019_18_MIN_NO,spread,NO,-7.5,-110.0,0.5667194242264293,0.1901107908755015,-1.1605718942526924,55.87257818292954,1,50.79325289357231,0.5667194242264293
2019,18,2019_18_MIN_NO,spread,NO,-7.5,-110.0,0.5985658565022567,0.256988298654739,-16.142607652282337,56.17733770029098,1,51.07030700026453,0.5667194242264293
2019,18,2019_18_SEA_PHI,spread,PHI,1.0,-110.0,0.5415993221492835,0.1373585765134954,1.149071889420517,42.2030570526122,0,-42.2030570526122,0.5415993221492835
2019,18,2019_18_SEA_PHI,spread,SEA,1.0,-110.0,0.5409239202002426,0.1359402324205095,-0.8483097462548492,40.41877439716399,1,36.74434036105817,0.5409239202002426
2019,18,2019_18_SEA_PHI,spread,PHI,-1.0,-110.0,0.5460910105857986,0.1467911222301769,-3.149071889420517,49.8874089768656,0,-49.8874089768656,0.5460910105857986
2019,19,2019_19_SEA_GB,spread,GB,4.5,-110.0,0.5551602819194366,0.1658365920308168,1.1452616885071674,56.15168278828204,1,51.04698435298367,0.5551602819194366
2019,19,2019_19_SEA_GB,spread,SEA,4.5,-110.0,0.5700160349706862,0.197033673438441,-7.844191435791439,56.45796469439995,0,-56.45796469439995,0.5700160349706862
2019,19,2019_19_MIN_SF,spread,SF,-7.0,-110.0,0.5648057537701875,0.1860920829173937,-1.1586316971456956,56.11921690623355,1,51.01746991475777,0.5648057537701875
2019,19,2019_19_MIN_SF,spread,SF,-7.0,-110.0,0.5947657658106378,0.2490081082023394,-15.14218289450768,56.42532172572209,1,51.29574702338372,0.5648057537701875
2019,19,2019_19_MIN_SF,spread,MIN,7.0,-110.0,0.5900030937687957,0.2390064969144709,-12.841368302854304,56.73309620786239,0,-56.73309620786239,0.5900030937687957
2019,19,2019_19_MIN_SF,spread,SF,7.0,-110.0,0.5647693606507777,0.1860156573666331,1.1421828945076804,56.39269763061521,1,51.26608875510473,0.5647693606507777
2019,19,2019_19_SEA_GB,spread,GB,-4.5,-110.0,0.5750408498880093,0.2075857847648196,-10.145261688507167,56.70029416314584,1,51.54572196649622,0.5750408498880093
2019,19,2019_19_SEA_GB,spread,GB,-4.5,-110.0,0.5551838632413642,0.1658861128068647,-1.1558085642085612,57.00956849494482,1,51.82688044994984,0.5750408498880093
2019,19,2019_19_TEN_BAL,spread,BAL,10.0,-110.0,0.5761263167465058,0.2098652651676622,1.1389742807086431,19.106843259214923,0,-19.106843259214923,0.5761263167465058
2019,20,2019_20_TEN_KC,spread,KC,7.5,-110.0,0.5666797711884974,0.1900275194958446,1.142598839095248,57.20588871808923,1,52.00535338008111,0.5666797711884974
2019,20,2019_20_TEN_KC,spread,TEN,7.5,-110.0,0.5938648407179747,0.2471161655077469,-13.839771882398802,57.51792083836972,0,-57.51792083836972,0.5938648407179747
2019,20,2019_20_GB_SF,spread,SF,-8.0,-110.0,0.5686230733787528,0.194108454095381,-1.1605269084288103,57.172813313339496,1,51.97528483030863,0.5686230733787528
2019,20,2019_20_GB_SF,spread,SF,-8.0,-110.0,0.6023057896778499,0.2648421583234848,-17.141382116087144,57.48466502232135,1,52.2587863839285,0.5686230733787528
2019,20,2019_20_GB_SF,spread,GB,8.0,-110.0,0.5976763789155347,0.2551203957226229,-14.83947309157119,57.79821774062492,0,-57.79821774062492,0.5976763789155347
2019,20,2019_20_GB_SF,spread,SF,8.0,-110.0,0.5685809646205293,0.1940200257031116,1.1413821160871436,57.451428434181175,1,52.22857130380107,0.5685809646205293
2019,20,2019_20_TEN_KC,spread,KC,-7.5,-110.0,0.5985658386732985,0.2569882612139269,-16.14259883909525,57.76479986200398,1,52.51345442000362,0.5985658386732985
2019,20,2019_20_TEN_KC,spread,KC,-7.5,-110.0,0.5667186657923093,0.1901091981638496,-1.1602281176011982,58.079880588524,1,52.79989144411272,0.5985658386732985
2019,21,2019_21_SF_KC,spread,KC,1.5,-110.0,0.5435424455771434,0.1414391357120011,1.1500323598637303,48.39815890094904,1,43.99832627359003,0.5435424455771434
2019,21,2019_21_SF_KC,spread,SF,1.5,-110.0,0.5451059008628274,0.1447223918119375,-1.846167981878052,52.46890925974651,0,-52.46890925974651,0.5451059008628274
2019,21,2019_21_SF_KC,spread,KC,1.5,-110.0,0.5435424455771434,0.1414391357120011,1.1500323598637303,48.35603726439825,1,43.96003387672568,0.5435424455771434
2019,21,2019_21_SF_KC,spread,SF,1.5,-110.0,0.5451059008628274,0.1447223918119375,-1.846167981878052,52.42324478869549,0,-52.42324478869549,0.5451059008628274
2020,1,2020_01_CLE_BAL,spread,BAL,7.0,-110.0,0.5611314597157957,0.1783760654031709,0.5712310328009114,58.2950771737999,1,52.99552470345446,0.5611314597157957
2020,1,2020_01_CLE_BAL,spread,CLE,7.0,-110.0,0.5887818927788697,0.2364419748356264,-13.420376923496818,58.61305032202064,0,-58.61305032202064,0.5887818927788697
2020,1,2020_01_LV_CAR,spread,CAR,-3.0,-110.0,0.5457156722299417,0.1460029116828775,0.5772888593108152,53.60385503126802,0,-53.60385503126802,0.5457156722299417
2020,1,2020_01_LV_CAR,spread,CAR,-3.0,-110.0,0.5591115699481389,0.1741342968910918,6.573875861752706,57.9397488899009,0,-57.9397488899009,0.5457156722299417
2020,1,2020_01_ARI_SF,spread,SF,-7.0,-110.0,0.5611505405954614,0.178416135250469,-0.5798500274712284,57.59211039656149,1,52.35646399687408,0.5611505405954614
2020,1,2020_01_ARI_SF,spread,SF,-7.0,-110.0,0.5911580300940973,0.2414318631976043,-14.571458122883095,57.90624918054273,1,52.6420447095843,0.5611505405954614
2020,1,2020_01_CHI_DET,spread,DET,-2.5,-110.0,0.5437744579440068,0.1419263616824143,-0.576615351909672,48.82081766505231,0,-48.82081766505231,0.5437744579440068
2020,1,2020_01_CHI_DET,spread,DET,-2.5,-110.0,0.5549627644963097,0.1654218054422503,-5.573535072012161,57.92917654280993,0,-57.92917654280993,0.5437744579440068
2020,1,2020_01_CLE_BAL,spread,BAL,7.0,-110.0,0.5611314597157957,0.1783760654031709,0.5712310328009114,33.094902575118,1,30.08627506828909,0.5611314597157957
2020,2,2020_02_BUF_MIA,spread,MIA,-5.5,-110.0,0.5993326604943484,0.2585985870381317,11.714890562567128,57.76211913396281,1,52.51101739451165,0.5993326604943484
2020,2,2020_02_BUF_MIA,spread,MIA,-5.5,-110.0,0.5557087798258877,0.1669884376343643,0.7228454800247217,58.07718523832988,1,52.79744112575444,0.5993326604943484
2020,2,2020_02_CAR_TB,spread,CAR,7.5,-110.0,0.5923228207576829,0.2438779235911342,-14.275106254684456,58.39396988508441,0,-58.39396988508441,0.5923228207576829
2020,2,2020_02_CAR_TB,spread,TB,7.5,-110.0,0.5633564878795245,0.1830486245470015,0.7136659201913993,58.04360606577391,1,52.766914605249006,0.5633564878795245
2020,2,2020_02_CIN_CLE,spread,CIN,6.0,-110.0,0.5806494818401198,0.2193639118642515,-11.276487299697788,58.3602075534054,1,53.05473413945945,0.5806494818401198
2020,2,2020_02_CIN_CLE,spread,CLE,6.0,-110.0,0.5576140339633371,0.1709894713230079,0.7144981389277509,58.67853595824215,0,-58.67853595824215,0.5576140339633371
2020,2,2020_02_DEN_PIT,spread,DEN,6.0,-110.0,0.5806503341692592,0.2193657017554442,-11.276888210860845,58.326464742492696,1,53.02405885681154,0.5806503341692592
2020,2,2020_02_DEN_PIT,spread,PIT,6.0,-110.0,0.5576131424412076,0.170987599126536,0.7140972277646931,58.64460909563357,0,-58.64460909563357,0.5576131424412076
2020,2,2020_02_DET_GB,spread,DET,7.0,-110.0,0.5884804144821637,0.2358088704125438,-13.275012873613656,19.430913813686672,0,-19.430913813686672,0.5884804144821637
2020,3,2020_03_DAL_SEA,spread,DAL,5.5,-110.0,0.5763509263582905,0.2103369453524102,-10.130406929971649,58.176155958177645,0,-58.176155958177645,0.5763509263582905
2020,3,2020_03_DAL_SEA,spread,SEA,5.5,-110.0,0.5560137598072993,0.1676288955953285,0.8597311856078518,57.82709902242858,1,52.570090020389614,0.5560137598072993
2020,3,2020_03_DET_ARI,spread,ARI,4.5,-110.0,0.5521574646551379,0.1595306757757897,0.8602530583564016,58.14251956255092,0,-58.14251956255092,0.5521574646551379
2020,3,2020_03_DET_ARI,spread,DET,4.5,-110.0,0.568263596775976,0.1933535532295497,-8.131836864806262,57.793664445175615,1,52.53969495015965,0.568263596775976
2020,3,2020_03_KC_BAL,spread,BAL,3.5,-110.0,0.5482901455372533,0.1514093056282319,0.861078097931065,58.10890261487657,0,-58.10890261487657,0.5482901455372533
2020,3,2020_03_KC_BAL,spread,KC,3.5,-110.0,0.5600502549803108,0.1761055354586527,-6.132782176118128,57.760249199187314,1,52.509317453806645,0.5600502549803108
2020,3,2020_03_LA_BUF,spread,BUF,1.5,-110.0,0.5405331836713895,0.1351196857099179,0.8616994394286053,40.79172925513828,1,37.08339023194389,0.5405331836713895
2020,3,2020_03_LA_BUF,spread,LA,1.5,-110.0,0.5433942143171375,0.1411278500659888,-2.13570215996433,47.95326803061114,0,-47.95326803061114,0.5433942143171375
2020,3,2020_03_CAR_LAC,spread,LAC,-6.0,-110.0,0.5579551842514182,0.1717058869279782,-0.867941339732262,46.89434504869413,1,42.63122277154012,0.5579551842514182
2020,4,2020_04_ATL_GB,spread,ATL,5.0,-110.0,0.5720103218981527,0.2012216759861207,-8.986172181278757,58.2658731737474,0,-58.2658731737474,0.5720103218981527
2020,4,2020_04_ATL_GB,spread,GB,5.0,-110.0,0.5544070284719442,0.1642547597910829,1.0032673206067615,57.91627793470492,1,52.65116175882265,0.5544070284719442
2020,4,2020_04_DEN_NYJ,spread,DEN,1.0,-110.0,0.5388865181133263,0.1316616880379854,-0.992752128419935,36.87458544481095,1,33.52235040437359,0.5388865181133263
2020,4,2020_04_DEN_NYJ,spread,NYJ,1.0,-110.0,0.5389139280642188,0.1317192489348595,1.00495680279601,37.06921983389569,0,-37.06921983389569,0.5389139280642188
2020,4,2020_04_NE_KC,spread,KC,7.0,-110.0,0.5620812406799508,0.1803706054278967,1.000536528885991,58.21090368868072,1,52.919003353346106,0.5620812406799508
2020,4,2020_04_NE_KC,spread,NE,7.0,-110.0,0.5878775524904014,0.234542860229843,-12.984777497515102,58.5284177088008,0,-58.5284177088008,0.5878775524904014
2020,4,2020_04_ARI_CAR,spread,CAR,3.0,-110.0,0.5466750328591762,0.14801756900427,-1.004937568874248,55.870599640536376,1,50.79145421866943,0.5466750328591762
2020,4,2020_04_ARI_CAR,spread,ARI,3.0,-110.0,0.5555864799852572,0.1667316079690401,4.98908968539906,58.481995927860005,0,-58.481995927860005,0.5555864799852572
2020,4,2020_04_ATL_GB,spread,GB,-5.0,-110.0,0.5544305905450794,0.1643042401446667,-1.0138278187212435,58.13110395229285,1,52.84645813844804,0.5544305905450794
2020,4,2020_04_ATL_GB,spread,GB,-5.0,-110.0,0.5763694933104353,0.2103759359519141,-11.003267320606762,6.158288369636377,1,5.598443972396707,0.5544305905450794
2020,5,2020_05_BUF_TEN,spread,TEN,-3.0,-110.0,0.5603852764694718,0.1768090805858908,7.1481498486017365,58.48177336495792,1,53.1652485135981,0.5603852764694718
2020,5,2020_05_BUF_TEN,spread,TEN,-3.0,-110.0,0.547012281598418,0.1487257913566777,1.1553109678334206,57.302275999769016,1,52.0929781816082,0.5603852764694718
2020,5,2020_05_CIN_BAL,spread,BAL,12.5,-110.0,0.582969115284065,0.2242351420965366,1.1362660138946836,59.11332272512916,1,53.73938429557196,0.582969115284065
2020,5,2020_05_CIN_BAL,spread,CIN,12.5,-110.0,0.6265719346180764,0.3158010626979604,-23.83396496731374,59.43575903090259,0,-59.43575903090259,0.6265719346180764
2020,5,2020_05_MIN_SEA,spread,MIN,6.5,-110.0,0.5836725099485421,0.2257122708919385,-11.84038978872379,59.079144476717175,1,53.708313160651976,0.5836725099485421
2020,5,2020_05_MIN_SEA,spread,SEA,6.5,-110.0,0.5604866922040793,0.1770220536285666,1.1443416807812268,59.40139435568109,0,-59.40139435568109,0.5604866922040793
2020,5,2020_05_PHI_PIT,spread,PHI,7.5,-110.0,0.5914329676290562,0.2420092320210179,-13.84105491391507,59.044985989546994,0,-59.044985989546994,0.5914329676290562
2020,5,2020_05_PHI_PIT,spread,PIT,7.5,-110.0,0.5642994678016817,0.1850288823835316,1.1413156900017611,58.690716073609714,1,53.35519643055429,0.5642994678016817
2020,5,2020_05_ARI_NYJ,spread,NYJ,-7.0,-110.0,0.6121720697333178,0.2855613464399675,15.142838605266634,21.174125049768023,0,-21.174125049768023,0.6121720697333178
2020,6,2020_06_BAL_PHI,spread,PHI,-10.5,-110.0,0.662654625286645,0.3915747131019546,22.1387208122497,58.883802501894415,1,53.53072954717674,0.662654625286645
2020,6,2020_06_BAL_PHI,spread,PHI,-10.5,-110.0,0.5756517391349031,0.2088686521832965,1.163252373636027,59.20498687917748,1,53.8227153447068,0.662654625286645
2020,6,2020_06_CHI_CAR,spread,CAR,2.0,-110.0,0.5431171087165119,0.1405459283046749,1.1480611062732071,48.27229810055048,0,-48.27229810055048,0.5431171087165119
2020,6,2020_06_CHI_CAR,spread,CHI,2.0,-110.0,0.5469297487454127,0.1485524723653666,-2.846958802674481,57.5233081644467,1,52.29391651313337,0.5469297487454127
2020,6,2020_06_CLE_PIT,spread,CLE,3.0,-110.0,0.5552650278841991,0.1660565585568181,-4.844874571327265,59.55205288172122,0,-59.55205288172122,0.5552650278841991
2020,6,2020_06_CLE_PIT,spread,PIT,3.0,-110.0,0.546995402713379,0.1486903456980959,1.1477844360836205,57.64424763182479,1,52.40386148347708,0.546995402713379
2020,6,2020_06_DEN_NE,spread,DEN,7.0,-110.0,0.5875799709410994,0.2339179389763087,-12.841730376237564,59.50916373333176,1,54.09923975757432,0.5875799709410994
2020,6,2020_06_DEN_NE,spread,NE,7.0,-110.0,0.5623935295853982,0.1810264121293363,1.1418206604733587,59.8337591718772,0,-59.8337591718772,0.5623935295853982
2020,6,2020_06_HOU_TEN,spread,HOU,4.0,-110.0,0.5635332165177205,0.183419754687213,-6.84334037721556,34.35014562711423,0,-34.35014562711423,0.5635332165177205
2020,7,2020_07_BUF_NYJ,spread,NYJ,-9.5,-110.0,0.6552710085996987,0.3760691180593672,20.13997973721947,59.26865574308325,1,53.88059613007567,0.6552710085996987
2020,7,2020_07_BUF_NYJ,spread,NYJ,-9.5,-110.0,0.5719104164636415,0.2010118745736472,1.1621508243116097,59.5919393198637,1,54.17449029078518,0.6552710085996987
2020,7,2020_07_KC_DEN,spread,DEN,-7.0,-110.0,0.5624314574768194,0.1811060607013208,1.158984208860729,59.91698626160841,0,-59.91698626160841,0.5624314574768194
2020,7,2020_07_KC_DEN,spread,DEN,-7.0,-110.0,0.6121711097334956,0.2855593304403409,15.142380140344134,59.55748434403875,0,-59.55748434403875,0.5624314574768194
2020,7,2020_07_NYG_PHI,spread,NYG,5.0,-110.0,0.5717004714018319,0.200570989943847,-8.84354735851348,59.200139437974514,1,53.81830857997683,0.5717004714018319
2020,7,2020_07_NYG_PHI,spread,PHI,5.0,-110.0,0.5547218518700967,0.1649158889272031,1.1443902088755689,59.52304928945438,0,-59.52304928945438,0.5547218518700967
2020,7,2020_07_PIT_TEN,spread,PIT,1.0,-110.0,0.5385592450572273,0.1309744146201773,-0.8470267147385819,36.65258916999834,1,33.320535609089404,0.5385592450572273
2020,7,2020_07_PIT_TEN,spread,TEN,1.0,-110.0,0.5392404758905278,0.1324049993701084,1.1503549209367838,38.47499640191707,0,-38.47499640191707,0.5392404758905278
2020,7,2020_07_SEA_ARI,spread,ARI,-3.5,-110.0,0.5489522314094712,0.1527996859598897,1.1565497984650888,59.13498422896068,1,53.75907657178244,0.5489522314094712
2020,7,2020_07_SEA_ARI,spread,ARI,-3.5,-110.0,0.5812851111778801,0.2206987334735481,8.14854364197619,3.909039063688896,1,3.5536718760808146,0.5489522314094712
2020,8,2020_08_LAC_DEN,spread,DEN,-3.0,-110.0,0.5470091988157226,0.1487193175130176,1.1539363075384816,57.95539001426138,1,52.68671819478308,0.5470091988157226
2020,8,2020_08_LAC_DEN,spread,DEN,-3.0,-110.0,0.5603829727531567,0.1768042427816292,7.147110312422262,59.79498102881657,1,54.35907366256052,0.5470091988157226
2020,8,2020_08_PIT_BAL,spread,BAL,4.0,-110.0,0.5508625107473046,0.1568112725693398,1.1454915448724483,60.121135470791934,0,-60.121135470791934,0.5508625107473046
2020,8,2020_08_PIT_BAL,spread,PIT,4.0,-110.0,0.5635371905121822,0.1834281000755826,-6.845141790404635,59.76040865796718,1,54.32764423451562,0.5635371905121822
2020,8,2020_08_SF_SEA,spread,SEA,1.0,-110.0,0.5392419164225365,0.1324080244873267,1.1509963223874866,38.945613938163824,1,35.40510358014893,0.5392419164225365
2020,8,2020_08_SF_SEA,spread,SF,1.0,-110.0,0.538558557224725,0.1309729701719225,-0.8467204374033444,37.35266186308335,0,-37.35266186308335,0.538558557224725
2020,8,2020_08_TB_NYG,spread,NYG,-13.0,-110.0,0.5848523254901908,0.2281898835294008,1.1663268956362245,60.074689173676674,1,54.61335379425152,0.5848523254901908
2020,8,2020_08_TB_NYG,spread,NYG,-13.0,-110.0,0.6799694226945434,0.4279357876585412,27.135557987398776,60.40236929644218,1,54.91124481494744,0.5848523254901908
2020,8,2020_08_ATL_CAR,spread,CAR,-1.5,-110.0,0.5411891777399057,0.136497273253802,-1.1537786507344998,44.33092883259233,0,-44.33092883259233,0.5411891777399057
2020,8,2020_08_ATL_CAR,spread,CAR,-1.5,-110.0,0.5479135930695758,0.1506185454461092,-4.1499789924762815,21.85124754952476,0,-21.85124754952476,0.5411891777399057
2020,9,2020_09_BAL_IND,spread,BAL,1.0,-110.0,0.5385604802193871,0.1309770084607129,-0.8475767063930284,37.37979732575789,1,33.98163393250717,0.5385604802193871
2020,9,2020_09_BAL_IND,spread,IND,1.0,-110.0,0.5392392406570939,0.1324024053798973,1.1498049292823378,39.231946883132025,0,-39.231946883132025,0.5392392406570939
2020,9,2020_09_MIA_ARI,spread,ARI,6.0,-110.0,0.5585686492506899,0.1729941634264489,1.144021909907309,60.30324182933542,0,-60.30324182933542,0.5585686492506899
2020,9,2020_09_MIA_ARI,spread,MIA,6.0,-110.0,0.5797236379467329,0.217419639688139,-10.841554791893554,59.94142237835941,1,54.49220216214492,0.5797236379467329
2020,9,2020_09_NO_TB,spread,NO,3.0,-110.0,0.5552653664454579,0.1660572695354616,-4.845026437885387,60.26837559133227,1,54.78943235575661,0.5552653664454579
2020,9,2020_09_NO_TB,spread,TB,3.0,-110.0,0.5469958136854809,0.1486912087395099,1.1479676936409635,59.0109327686812,0,-59.0109327686812,0.5469958136854809
2020,9,2020_09_NYG_WAS,spread,NYG,3.0,-110.0,0.5552678881729393,0.1660625651631725,-4.846157596888848,60.243046588854725,1,54.76640598986793,0.5552678881729393
2020,9,2020_09_NYG_WAS,spread,WAS,3.0,-110.0,0.5469925254072264,0.1486843033551755,1.1465014105220384,58.97776682218148,0,-58.97776682218148,0.5469925254072264
2020,9,2020_09_BAL_IND,spread,IND,-1.0,-110.0,0.5392451212765532,0.1324147546807618,-1.1524232936069716,39.038890300598304,0,-39.038890300598304,0.5392451212765532
2020,9,2020_09_BAL_IND,spread,IND,-1.0,-110.0,0.543730712590816,0.1418344964407135,-3.149804929282338,28.188650441184173,0,-28.188650441184173,0.5392451212765532
2020,10,2020_10_CIN_PIT,spread,CIN,6.5,-110.0,0.5836750868252074,0.2257176823329356,-11.841612582460607,59.81441317941014,0,-59.81441317941014,0.5836750868252074
2020,10,2020_10_CIN_PIT,spread,PIT,6.5,-110.0,0.5604832401683351,0.1770148043535037,1.1427837629289437,59.45552670033368,1,54.05047881848516,0.5604832401683351
2020,10,2020_10_IND_TEN,spread,TEN,-1.0,-110.0,0.543731759875464,0.1418366957384743,3.1502714121526934,50.019810823073634,0,-50.019810823073634,0.543731759875464
2020,10,2020_10_IND_TEN,spread,TEN,-1.0,-110.0,0.5392450123169388,0.1324145258655714,1.1523747790044323,38.56013242462191,0,-38.56013242462191,0.543731759875464
2020,10,2020_10_PHI_NYG,spread,NYG,-4.5,-110.0,0.5528180230134739,0.1609178483282953,1.155817713302525,59.2483499137584,1,53.86213628523491,0.5528180230134739
2020,10,2020_10_PHI_NYG,spread,NYG,-4.5,-110.0,0.5921315223163027,0.2434761968642358,10.145450710958562,59.57152273146982,1,54.15592975588165,0.5528180230134739
2020,10,2020_10_TB_CAR,spread,CAR,-6.0,-110.0,0.5586006579427212,0.1730613816797145,1.1584325130262716,59.89645831000511,0,-59.89645831000511,0.5586006579427212
2020,10,2020_10_TB_CAR,spread,CAR,-6.0,-110.0,0.6042762071881007,0.2689800350950115,13.144524286915974,59.537079560145074,0,-59.537079560145074,0.5586006579427212
2020,10,2020_10_BAL_NE,spread,NE,7.0,-110.0,0.5623935604843058,0.1810264770170422,-1.141834642797784,50.20279953817192,0,-50.20279953817192,0.5623935604843058
2020,11,2020_11_KC_LV,spread,LV,-7.5,-110.0,0.6160532972395028,0.2937119242029558,16.144065631177483,58.87864028555517,1,53.52603662323197,0.6160532972395028
2020,11,2020_11_KC_LV,spread,LV,-7.5,-110.0,0.5643439609909142,0.1851223180809199,1.161509528052895,59.19979650529456,1,53.817996822995056,0.6160532972395028
2020,11,2020_11_ARI_SEA,spread,SEA,-3.0,-110.0,0.5470147306154272,0.148730934292397,-1.156403023591529,58.01194002448726,1,52.738127294988416,0.5470147306154272
2020,11,2020_11_ARI_SEA,spread,SEA,-3.0,-110.0,0.5603872836371322,0.1768132956379776,-7.149055571843984,59.839133250002455,1,54.39921204545678,0.5470147306154272
2020,11,2020_11_ATL_NO,spread,ATL,3.5,-110.0,0.5594105837251763,0.1747622258228702,-5.844382360607428,60.1655285222752,0,-60.1655285222752,0.5594105837251763
2020,11,2020_11_ATL_NO,spread,NO,3.5,-110.0,0.548931051832997,0.1527552088492936,1.1470962140093643,59.804535351141546,1,54.36775941012868,0.548931051832997
2020,11,2020_11_CIN_WAS,spread,WAS,-2.0,-110.0,0.5431288873124769,0.1405706633562015,-1.153306870702829,48.79088174583937,1,44.35534704167216,0.5431288873124769
2020,11,2020_11_CIN_WAS,spread,WAS,-2.0,-110.0,0.552084326623628,0.1593770859096189,-5.148661903765983,60.396873989852345,1,54.906249081683946,0.5431288873124769
2020,11,2020_11_DET_CAR,spread,CAR,-3.0,-110.0,0.5470102262611308,0.1487214751483747,1.1543944610642871,33.23559409963484,1,30.214176454213487,0.5470102262611308
2020,12,2020_12_CHI_GB,spread,CHI,7.5,-110.0,0.591432279459182,0.2420077868642821,-13.840719789799603,60.907596543067726,0,-60.907596543067726,0.591432279459182
2020,12,2020_12_CHI_GB,spread,GB,7.5,-110.0,0.5642994678016817,0.1850288823835316,1.1413156900017611,60.54215096380933,1,55.03831905800848,0.5642994678016817
2020,12,2020_12_MIA_NYJ,spread,NYJ,-7.5,-110.0,0.6160486073784158,0.2937020754946733,16.141796635361324,60.87238087815738,0,-60.87238087815738,0.6160486073784158
2020,12,2020_12_MIA_NYJ,spread,NYJ,-7.5,-110.0,0.5643397122934036,0.1851133958161477,1.159581136672009,60.50714659288843,0,-60.50714659288843,0.6160486073784158
2020,12,2020_12_ARI_NE,spread,NE,1.0,-110.0,0.5392403015506703,0.1324046332564076,-1.1502772955577667,38.97895246731668,1,35.43541133392426,0.5392403015506703
2020,12,2020_12_ARI_NE,spread,ARI,1.0,-110.0,0.5385598233436097,0.1309756290215805,0.8472842134750291,37.391744987876855,0,-37.391744987876855,0.5385598233436097
2020,12,2020_12_BAL_PIT,spread,PIT,-10.5,-110.0,0.5756503201092009,0.2088656722293219,-1.1625935281755666,60.13236571140738,1,54.66578701037034,0.5756503201092009
2020,12,2020_12_BAL_PIT,spread,PIT,-10.5,-110.0,0.6175353623261579,0.2968242608849316,-22.13754696931635,60.4603604334696,1,54.96396403042691,0.5756503201092009
2020,12,2020_12_BAL_PIT,spread,BAL,10.5,-110.0,0.6133244850355793,0.2879814185747167,-19.83740647182444,60.79014421765216,1,55.26376747059288,0.6133244850355793
2020,12,2020_12_BAL_PIT,spread,PIT,10.5,-110.0,0.5755963710617206,0.2087523792296132,1.1375469693163502,4.017414225460176,0,-4.017414225460176,0.5755963710617206
2020,13,2020_13_NO_ATL,spread,ATL,-2.5,-110.0,0.5450696264885312,0.1446462156259155,1.153614600578913,54.55555242187882,0,-54.55555242187882,0.5450696264885312
2020,13,2020_13_NO_ATL,spread,ATL,-2.5,-110.0,0.5562421838761786,0.1681085861399751,6.1476339141413225,60.7702890225917,0,-60.7702890225917,0.5450696264885312
2020,13,2020_13_WAS_PIT,spread,PIT,5.5,-110.0,0.5566459290743779,0.1689564510561937,1.1436103639773272,60.405667288456144,0,-60.405667288456144,0.5566459290743779
2020,13,2020_13_WAS_PIT,spread,WAS,5.5,-110.0,0.5757335329976523,0.2090404192950699,-9.843481894733092,60.0432332847254,1,54.58475753156855,0.5757335329976523
2020,13,2020_13_BUF_SF,spread,SF,-1.5,-110.0,0.5411875309290644,0.1364938149510352,-1.1530454015227098,44.06317361595253,0,-44.06317361595253,0.5411875309290644
2020,13,2020_13_BUF_SF,spread,SF,-1.5,-110.0,0.5479119494057236,0.1506150937520196,-4.149245743264492,60.10636278821911,0,-60.10636278821911,0.5411875309290644
2020,13,2020_13_CIN_MIA,spread,MIA,-10.5,-110.0,0.5756509122961191,0.2088669158218501,-1.162868476876458,59.74572461148979,1,54.314295101354354,0.5756509122961191
2020,13,2020_13_CIN_MIA,spread,MIA,-10.5,-110.0,0.6175358592548359,0.2968253044351554,-22.13782191801724,60.07161038209792,1,54.61055489281628,0.5756509122961191
2020,13,2020_13_DEN_KC,spread,KC,-13.0,-110.0,0.5848544058076851,0.2281942521961387,-1.1673176435844628,42.91566034460031,1,39.01423667690937,0.5848544058076851
2020,14,2020_14_BAL_CLE,spread,CLE,-3.0,-110.0,0.5603833788707775,0.1768050956286327,7.147293569979606,60.63335913151627,0,-60.63335913151627,0.5603833788707775
2020,14,2020_14_BAL_CLE,spread,CLE,-3.0,-110.0,0.5470096097853018,0.1487201805491338,1.1541195650958251,58.726875899256186,0,-58.726875899256186,0.5603833788707775
2020,14,2020_14_NE_LA,spread,LA,5.0,-110.0,0.5547214431249532,0.1649150305624017,1.1442069572729103,59.91719772133164,1,54.47017974666512,0.5547214431249532
2020,14,2020_14_NE_LA,spread,NE,5.0,-110.0,0.571701597937039,0.200573355667782,-8.844065734231602,60.244018799811634,0,-60.244018799811634,0.571701597937039
2020,14,2020_14_PIT_BUF,spread,BUF,2.0,-110.0,0.5431185493478013,0.1405489536303829,1.148702711175832,48.56349866545092,1,44.14863515040992,0.5431185493478013
2020,14,2020_14_PIT_BUF,spread,PIT,2.0,-110.0,0.5469283098444205,0.1485494506732831,-2.8463171977718567,58.4025097374894,0,-58.4025097374894,0.5469283098444205
2020,14,2020_14_WAS_SF,spread,SF,3.0,-110.0,0.5469927308935495,0.1486847348764539,1.1465930393007104,58.22405244061126,0,-58.22405244061126,0.5469927308935495
2020,14,2020_14_WAS_SF,spread,WAS,3.0,-110.0,0.5552684310037418,0.1660637051078578,-4.84640109222564,59.44768712484663,1,54.04335193167876,0.5552684310037418
2020,14,2020_14_ARI_NYG,spread,NYG,-3.0,-110.0,0.5603839880681418,0.1768063749430979,7.147568465948067,36.05843963234791,0,-36.05843963234791,0.5603839880681418
2020,15,2020_15_CHI_MIN,spread,CHI,2.5,-110.0,0.5511035971410292,0.1573175539961613,-3.84591677370155,59.555596598642616,1,54.14145145331147,0.5511035971410292
2020,15,2020_15_CHI_MIN,spread,MIN,2.5,-110.0,0.5450568523915906,0.1446193900223403,1.1479226665034297,53.43657887761245,0,-53.43657887761245,0.5450568523915906
2020,15,2020_15_CLE_NYG,spread,NYG,-6.0,-110.0,0.6042742439130564,0.2689759122174184,13.143607770514391,59.55982583409681,0,-59.55982583409681,0.6042742439130564
2020,15,2020_15_CLE_NYG,spread,NYG,-6.0,-110.0,0.5585986222224191,0.17305710666708,1.1575159966246913,59.20246687909224,0,-59.20246687909224,0.6042742439130564
2020,15,2020_15_NE_MIA,spread,MIA,-1.5,-110.0,0.5411836596898435,0.1364856853486714,1.151321716852472,42.94164645890398,1,39.03786041718544,0.5411836596898435
2020,15,2020_15_NE_MIA,spread,MIA,-1.5,-110.0,0.5479084887676805,0.1506078264121291,4.147701931951684,59.08147924032079,1,53.7104356730189,0.5411836596898435
2020,15,2020_15_BUF_DEN,spread,DEN,5.5,-110.0,0.5566487465609817,0.1689623677780617,-1.1448760019393402,59.40374185435891,0,-59.40374185435891,0.5566487465609817
2020,15,2020_15_BUF_DEN,spread,BUF,5.5,-110.0,0.5952563297753347,0.250038292528203,9.84239613012851,59.04731940323276,1,53.67938127566614,0.5952563297753347
2020,15,2020_15_CAR_GB,spread,GB,-9.5,-110.0,0.5719133647438259,0.2010180659620345,-1.1635080873745345,42.22540370058687,1,38.38673063689715,0.5719133647438259
2020,16,2020_16_BUF_NE,spread,NE,-7.0,-110.0,0.6121714934850602,0.2855601363186264,15.142563407533924,59.59971607470813,0,-59.59971607470813,0.6121714934850602
2020,16,2020_16_BUF_NE,spread,NE,-7.0,-110.0,0.5624318624479498,0.1811069111406947,1.159167476050519,59.24211777825988,0,-59.24211777825988,0.6121714934850602
2020,16,2020_16_LA_SEA,spread,LA,1.5,-110.0,0.5427459541051145,0.1397665036207405,-1.8469928598685128,46.83433559565451,0,-46.83433559565451,0.5427459541051145
2020,16,2020_16_LA_SEA,spread,SEA,1.5,-110.0,0.541178911308784,0.1364757137484465,1.149207481873269,42.75366487678511,1,38.86696806980464,0.541178911308784
2020,16,2020_16_MIN_NO,spread,MIN,6.5,-110.0,0.5836737346769012,0.2257148428214925,-11.840970952395043,58.83886086643522,0,-58.83886086643522,0.5836737346769012
2020,16,2020_16_MIN_NO,spread,NO,6.5,-110.0,0.5604846618947354,0.1770177899789444,1.1434253929945086,58.48582770123661,1,53.16893427385146,0.5604846618947354
2020,16,2020_16_NYG_BAL,spread,BAL,10.0,-110.0,0.5737321450974707,0.2048375047046885,1.138241246801508,58.80484130687972,1,53.45894664261792,0.5737321450974707
2020,16,2020_16_NYG_BAL,spread,NYG,10.0,-110.0,0.6098352411866281,0.2806540064919191,-18.83789221513104,59.12559498673543,0,-59.12559498673543,0.6098352411866281
2020,16,2020_16_PHI_DAL,spread,DAL,-3.0,-110.0,0.547011459660163,0.1487240652863423,1.1549444527187334,47.51557798048528,1,43.19597998225935,0.547011459660163
2020,17,2020_17_ATL_TB,spread,ATL,7.5,-110.0,0.5914303329431563,0.2420036991806282,-13.839771882398802,59.03001729670858,0,-59.03001729670858,0.5914303329431563
2020,17,2020_17_ATL_TB,spread,TB,7.5,-110.0,0.564302295065364,0.1850348196372644,1.142598839095248,58.67583719292832,1,53.34167017538938,0.564302295065364
2020,17,2020_17_BAL_CIN,spread,CIN,-13.5,-110.0,0.6992154881040795,0.468352525018567,28.1351261272138,58.99588721398065,0,-58.99588721398065,0.6992154881040795
2020,17,2020_17_BAL_CIN,spread,CIN,-13.5,-110.0,0.5866626508660233,0.2319915668186489,1.1667403955064124,58.64191189069676,0,-58.64191189069676,0.6992154881040795
2020,17,2020_17_DAL_NYG,spread,NYG,-1.5,-110.0,0.5479110888207612,0.1506132865235986,4.148861830917791,58.290060419352585,1,52.99096401759326,0.5479110888207612
2020,17,2020_17_DAL_NYG,spread,NYG,-1.5,-110.0,0.5411855120593707,0.1364895753246785,1.1521464917031137,42.7716251398062,1,38.883295581642,0.5479110888207612
2020,17,2020_17_GB_CHI,spread,CHI,-4.5,-110.0,0.5528194565520557,0.1609208587593169,1.1564593182051492,58.841305976948,0,-58.841305976948,0.5528194565520557
2020,17,2020_17_GB_CHI,spread,CHI,-4.5,-110.0,0.5921329327710504,0.2434791588192059,10.146092315861186,58.48825814108631,0,-58.48825814108631,0.5528194565520557
2020,17,2020_17_LAC_KC,spread,KC,-7.0,-110.0,0.5624302426389902,0.1811035095418794,1.158434442143384,35.08830950614409,0,-35.08830950614409,0.5624302426389902
2020,18,2020_18_CHI_NO,spread,CHI,11.0,-110.0,0.6167428281804272,0.2951599391788972,-20.83589996234903,57.92679873520294,0,-57.92679873520294,0.6167428281804272
2020,18,2020_18_CHI_NO,spread,NO,11.0,-110.0,0.577454444928783,0.2126543343504442,1.1378726183947148,57.579237942791714,1,52.34476176617429,0.577454444928783
2020,18,2020_18_CLE_PIT,spread,CLE,5.0,-110.0,0.5716992766108165,0.2005684808827148,-8.842997576209003,57.893306513388765,1,52.63027864853524,0.5716992766108165
2020,18,2020_18_CLE_PIT,spread,PIT,5.0,-110.0,0.5547230781659009,0.164918464148392,1.1449399911800455,58.20908818527998,0,-58.20908818527998,0.5547230781659009
2020,18,2020_18_LA_SEA,spread,LA,3.0,-110.0,0.5552682968530743,0.1660634233914562,-4.846340916811065,57.8598336561683,1,52.59984877833482,0.5552682968530743
2020,18,2020_18_LA_SEA,spread,SEA,3.0,-110.0,0.5469921142946645,0.1486834400187956,1.146318090599821,56.64360381591082,0,-56.64360381591082,0.5469921142946645
2020,18,2020_18_TB_WAS,spread,WAS,-10.0,-110.0,0.6589924904477367,0.383884229940247,21.139029634692363,57.83557112594285,1,52.57779193267532,0.6589924904477367
2020,18,2020_18_TB_WAS,spread,WAS,-10.0,-110.0,0.5737843684737236,0.2049471737948196,1.1623808928600603,58.1510378775389,1,52.86457988867173,0.6589924904477367
2020,18,2020_18_BAL_TEN,spread,TEN,-3.5,-110.0,0.5812799285734251,0.2206878500041929,8.14774926666057,21.028946965828457,0,-21.028946965828457,0.5812799285734251
2020,19,2020_19_TB_NO,spread,NO,2.5,-110.0,0.5450591148989488,0.1446241412877924,1.1489308020512343,52.06927913936545,0,-52.06927913936545,0.5450591148989488
2020,19,2020_19_TB_NO,spread,TB,2.5,-110.0,0.5511020914385659,0.1573143920209885,-3.8452437622692095,58.02963600023977,1,52.75421454567252,0.5511020914385659
2020,19,2020_19_BAL_BUF,spread,BUF,-2.5,-110.0,0.5450710978875948,0.144649305563949,-1.1542702340441322,52.102311676193125,1,47.3657378874483,0.5450710978875948
2020,19,2020_19_BAL_BUF,spread,BUF,-2.5,-110.0,0.5562439897986616,0.1681123785771895,-6.148444798364576,58.630355714838494,1,53.3003233771259,0.5450710978875948
2020,19,2020_19_BAL_BUF,spread,BAL,2.5,-110.0,0.5511031787559909,0.1573166753875809,-3.845729765955868,58.95015765510124,0,-58.95015765510124,0.5511031787559909
2020,19,2020_19_BAL_BUF,spread,BUF,2.5,-110.0,0.5450580241857853,0.1446218507901492,1.1484447983645758,52.29364696216092,1,47.539679056509925,0.5450580241857853
2020,19,2020_19_CLE_KC,spread,KC,-7.5,-110.0,0.5643433799248079,0.1851210978420966,-1.161245794009414,58.881694783509694,1,53.52881343955426,0.5643433799248079
2020,19,2020_19_CLE_KC,spread,KC,-7.5,-110.0,0.5961193123529799,0.2518505559412578,-16.14361678273947,59.20286766414702,1,53.8207887855882,0.5643433799248079
2020,19,2020_19_LA_GB,spread,GB,7.0,-110.0,0.562394137030886,0.1810276877648606,1.1420955408546885,39.01483418259469,1,35.46803107508608,0.562394137030886
2020,20,2020_20_BUF_KC,spread,KC,-3.0,-110.0,0.5470138864810347,0.1487291616101728,-1.1560266104632266,58.22023844379451,1,52.92748949435864,0.5470138864810347
2020,20,2020_20_BUF_KC,spread,KC,-3.0,-110.0,0.5603864637850842,0.1768115739486767,-7.148685617874112,60.05616552027722,1,54.59651410934293,0.5470138864810347
2020,21,2020_21_KC_TB,spread,TB,-3.0,-110.0,0.5603872374838155,0.1768131987160125,7.149034745389232,60.38374460493327,1,54.89431327721206,0.5603872374838155
2020,21,2020_21_KC_TB,spread,TB,-3.0,-110.0,0.547013514505236,0.1487283804609958,1.155860740505451,59.169030933277725,1,53.79002812116157,0.5603872374838155
2020,21,2020_21_KC_TB,spread,TB,-3.0,-110.0,0.5603872374838155,0.1768131987160125,7.149034745389232,61.03585065332352,1,55.48713695756683,0.5603872374838155
2020,21,2020_21_KC_TB,spread,TB,-3.0,-110.0,0.547013514505236,0.1487283804609958,1.155860740505451,59.80801884635636,1,54.370926223960325,0.5603872374838155
2021,1,2021_01_JAX_HOU,spread,HOU,-3.5,-110.0,0.5498420393857122,0.1546682827099956,0.5773580791957045,61.69499903241269,1,56.08636275673881,0.5498420393857122
2021,1,2021_01_JAX_HOU,spread,HOU,-3.5,-110.0,0.5654370196371951,0.1874177412381097,7.573354865240548,62.031517208953126,1,56.39228837177557,0.5498420393857122
2021,1,2021_01_PIT_BUF,spread,BUF,6.5,-110.0,0.5614122152732404,0.1789656520738047,0.571620958227375,62.36987093918378,0,-62.36987093918378,0.5614122152732404
2021,1,2021_01_PIT_BUF,spread,PIT,6.5,-110.0,0.5871307177649749,0.2329745073064474,-12.420577214467402,61.99565171354868,1,56.35968337595335,0.5871307177649749
2021,1,2021_01_ARI_TEN,spread,ARI,2.5,-110.0,0.5545828356694943,0.164623954905938,-4.4223626902982005,62.3338098138044,1,56.66709983073128,0.5545828356694943
2021,1,2021_01_ARI_TEN,spread,TEN,2.5,-110.0,0.5459566658970526,0.1465089983838104,0.5745570298042892,58.29792480427268,0,-58.29792480427268,0.5459566658970526
2021,1,2021_01_BAL_LV,spread,LV,3.0,-110.0,0.5478956905756721,0.1505809502089115,-0.5740667817993694,62.32402486396315,1,56.65820442178468,0.5478956905756721
2021,1,2021_01_BAL_LV,spread,BAL,3.0,-110.0,0.5587451576835787,0.1733648311355152,5.422520220642521,62.66397409049386,0,-62.66397409049386,0.5587451576835787
2021,1,2021_01_CHI_LA,spread,LA,-9.5,-110.0,0.5728567238758242,0.2029991201392308,-0.5811125279291325,25.111612907673265,1,22.82873900697569,0.5728567238758242
2021,2,2021_02_KC_BAL,spread,BAL,-3.5,-110.0,0.5501677858166605,0.155352350214987,0.7226140296656371,62.42496267999275,1,56.74996607272068,0.5501677858166605
2021,2,2021_02_KC_BAL,spread,BAL,-3.5,-110.0,0.5657593617507102,0.1880946596764914,7.717610012221692,62.76546247642908,1,57.05951134220825,0.5501677858166605
2021,2,2021_02_NE_NYJ,spread,NYJ,-5.5,-110.0,0.6029783280264099,0.2662544888554609,11.714947830553797,63.107819544482325,0,-63.107819544482325,0.6029783280264099
2021,2,2021_02_NE_NYJ,spread,NYJ,-5.5,-110.0,0.5579014333011934,0.171593009932506,0.7229027480113919,62.72917262721543,0,-62.72917262721543,0.6029783280264099
2021,2,2021_02_NYG_WAS,spread,NYG,4.0,-110.0,0.5666933588528507,0.1900560535909864,-7.278233273633779,62.35279759145214,1,56.684361446774666,0.5666933588528507
2021,2,2021_02_NYG_WAS,spread,WAS,4.0,-110.0,0.5520893092940848,0.1593875495175781,0.7157031083422325,62.69290376013278,0,-62.69290376013278,0.5520893092940848
2021,2,2021_02_ATL_TB,spread,TB,-13.5,-110.0,0.587989483666647,0.2347779156999588,-0.7300609340233688,62.31674633757199,1,56.65158757961089,0.587989483666647
2021,2,2021_02_ATL_TB,spread,TB,-13.5,-110.0,0.6381748030411587,0.3401670863864333,-27.70998022488908,62.65665586304964,1,56.96059623913604,0.587989483666647
2021,2,2021_02_BUF_MIA,spread,MIA,3.5,-110.0,0.5501550267228944,0.1553255561180783,-0.7169241296421127,20.999473146828244,0,-20.999473146828244,0.5501550267228944
2021,3,2021_03_ATL_NYG,spread,ATL,3.0,-110.0,0.5581024678843234,0.1720151825570791,-5.134182322154875,62.87242260160349,1,57.156747819639534,0.5581024678843234
2021,3,2021_03_ATL_NYG,spread,NYG,3.0,-110.0,0.5485386232902207,0.1519311089094636,0.8605632764898878,63.21536308852133,0,-63.21536308852133,0.5485386232902207
2021,3,2021_03_LAC_KC,spread,KC,6.5,-110.0,0.5620490667840259,0.1803030402464543,0.8583937037539275,62.836070909990205,0,-62.836070909990205,0.5620490667840259
2021,3,2021_03_LAC_KC,spread,LAC,6.5,-110.0,0.5865184689901797,0.2316887848793773,-12.129903555288235,62.459054484530256,1,56.78095862230023,0.5865184689901797
2021,3,2021_03_NO_NE,spread,NE,3.0,-110.0,0.5485373896507362,0.1519285182665459,0.8600134965935222,62.799740236264064,0,-62.799740236264064,0.5485373896507362
2021,3,2021_03_NO_NE,spread,NO,3.0,-110.0,0.5581036937058155,0.1720177567822125,-5.13473210205124,62.42294179484649,1,56.748128904405895,0.5581036937058155
2021,3,2021_03_TB_LA,spread,LA,-1.0,-110.0,0.5407865175411558,0.1356516868364272,0.8651057432613702,44.75244342799811,1,40.68403947999828,0.5407865175411558
2021,3,2021_03_TB_LA,spread,LA,-1.0,-110.0,0.545274686014271,0.145076840629969,2.863528218122566,56.80361209798215,1,51.63964736180195,0.5407865175411558
2021,3,2021_03_WAS_BUF,spread,BUF,7.5,-110.0,0.5658713825394106,0.1883299033327623,0.8561929322533324,45.51017107008639,1,41.37288279098763,0.5658713825394106
2021,4,2021_04_ARI_LA,spread,ARI,3.5,-110.0,0.5619263936694932,0.1800454267059357,-5.988486397681829,63.56560998606965,1,57.78691816915423,0.5619263936694932
2021,4,2021_04_ARI_LA,spread,LA,3.5,-110.0,0.5507994592112437,0.1566788643436119,1.0043505887088964,63.91233149508458,0,-63.91233149508458,0.5507994592112437
2021,4,2021_04_BAL_DEN,spread,BAL,1.0,-110.0,0.541072739291704,0.1362527525125784,-0.9925642615740244,46.06191897152013,1,41.87447179229103,0.541072739291704
2021,4,2021_04_BAL_DEN,spread,DEN,1.0,-110.0,0.5411016490864184,0.1363134630814787,1.005437903242952,46.321529283394185,0,-46.321529283394185,0.5411016490864184
2021,4,2021_04_CAR_DAL,spread,CAR,4.5,-110.0,0.5701543836659982,0.1973242056985963,-7.987785379284789,63.50217516116745,0,-63.50217516116745,0.5701543836659982
2021,4,2021_04_CAR_DAL,spread,DAL,4.5,-110.0,0.5546667517308794,0.1648001786348468,1.0029861044764925,63.12116211020045,1,57.38287464563677,0.5546667517308794
2021,4,2021_04_KC_PHI,spread,PHI,-7.5,-110.0,0.6571816545356421,0.3800814745248485,16.000568233410803,63.46545935807427,0,-63.46545935807427,0.6571816545356421
2021,4,2021_04_KC_PHI,spread,PHI,-7.5,-110.0,0.566223818490874,0.1890700188308354,1.015836322346079,63.08466660192582,0,-63.08466660192582,0.6571816545356421
2021,4,2021_04_NYG_NO,spread,NO,7.5,-110.0,0.5661855350717344,0.1889896236506423,0.9984908835992156,55.30739758785334,0,-55.30739758785334,0.5661855350717344
2021,5,2021_05_BUF_KC,spread,BUF,2.5,-110.0,0.5532886483228076,0.1619061614778959,-3.843953239368672,62.37431421678714,1,56.70392201526104,0.5532886483228076
2021,5,2021_05_BUF_KC,spread,KC,2.5,-110.0,0.547248243429305,0.1492213112015405,1.1498408302812404,61.73783558796637,0,-61.73783558796637,0.547248243429305
2021,5,2021_05_CLE_LAC,spread,CLE,2.5,-110.0,0.5532942040870614,0.161917828582829,-3.846435165006804,62.34411073535091,0,-62.34411073535091,0.5532942040870614
2021,5,2021_05_CLE_LAC,spread,LAC,2.5,-110.0,0.5472435261980488,0.1492114050159025,1.147739399313639,60.99266072102218,1,55.44787338274744,0.5472435261980488
2021,5,2021_05_IND_BAL,spread,BAL,7.5,-110.0,0.5665017098440281,0.1896535906724591,1.1417738338951189,62.30273331123529,0,-62.30273331123529,0.5665017098440281
2021,5,2021_05_IND_BAL,spread,IND,7.5,-110.0,0.5936861012021288,0.2467408125244705,-13.84059677002171,61.928916911367885,1,56.2990153739708,0.5936861012021288
2021,5,2021_05_LA_SEA,spread,SEA,-2.5,-110.0,0.5584389488570639,0.1727217925998342,6.149343698551726,62.2667110036117,0,-62.2667110036117,0.5584389488570639
2021,5,2021_05_LA_SEA,spread,SEA,-2.5,-110.0,0.5472598004519174,0.1492455809490265,1.154989260873852,60.95924390030095,0,-60.95924390030095,0.5584389488570639
2021,5,2021_05_NYG_DAL,spread,DAL,7.5,-110.0,0.5665043384611502,0.1896591107684155,1.1429653542099345,23.36608312632388,1,21.241893751203527,0.5665043384611502
2021,6,2021_06_BUF_TEN,spread,TEN,-6.0,-110.0,0.6079378926039845,0.2766695744683674,13.14492217790934,61.654806636695454,1,56.049824215177686,0.6079378926039845
2021,6,2021_06_BUF_TEN,spread,TEN,-6.0,-110.0,0.560797313337014,0.1776743580077294,1.1591655432556456,61.99110558198652,1,56.35555052907865,0.6079378926039845
2021,6,2021_06_DAL_NE,spread,NE,-3.5,-110.0,0.5680418608030743,0.192887907686456,8.147626246882677,62.32923888516099,0,-62.32923888516099,0.5680418608030743
2021,6,2021_06_DAL_NE,spread,NE,-3.5,-110.0,0.5511385634407211,0.1573909832255143,1.1556326747929893,61.95526345185002,0,-61.95526345185002,0.5680418608030743
2021,6,2021_06_GB_CHI,spread,CHI,-5.5,-110.0,0.5588686648859126,0.1736241962604164,1.1568276484208848,61.58353187113893,0,-61.58353187113893,0.5588686648859126
2021,6,2021_06_GB_CHI,spread,CHI,-5.5,-110.0,0.6039095699453059,0.2682100968851424,12.143764641252726,61.21403067991209,0,-61.21403067991209,0.5588686648859126
2021,6,2021_06_LAC_BAL,spread,BAL,3.0,-110.0,0.5491832425996138,0.1532848094591891,1.1478760648622917,60.84674649583262,1,55.31522408712056,0.5491832425996138
2021,6,2021_06_LAC_BAL,spread,LAC,3.0,-110.0,0.5574570042764215,0.1706597089804852,-4.844782942548594,61.17863784035534,0,-61.17863784035534,0.5574570042764215
2021,6,2021_06_ARI_CLE,spread,CLE,-3.0,-110.0,0.5491988543086641,0.1533175940481946,-1.154835217358078,20.270522004437822,0,-20.270522004437822,0.5491988543086641
2021,7,2021_07_CIN_BAL,spread,BAL,6.5,-110.0,0.5626801281299484,0.1816282690728916,1.1427837629289437,60.68994288128658,0,-60.68994288128658,0.5626801281299484
2021,7,2021_07_CIN_BAL,spread,CIN,6.5,-110.0,0.5859108283639296,0.2304127395642522,-11.841947706576072,60.32580322399886,1,54.841639294544414,0.5859108283639296
2021,7,2021_07_NYJ_NE,spread,NE,7.0,-110.0,0.5645922938344415,0.1856438170523272,1.1417290316946875,60.654853059766126,1,55.14077550887829,0.5645922938344415
2021,7,2021_07_NYJ_NE,spread,NYJ,7.0,-110.0,0.5898243871069984,0.2386312129246965,-12.841822005016237,60.9856977128194,0,-60.9856977128194,0.5898243871069984
2021,7,2021_07_CAR_NYG,spread,NYG,3.0,-110.0,0.5491805308817785,0.1532791148517349,-1.1466672804798144,60.61978352654248,1,55.108894115038616,0.5491805308817785
2021,7,2021_07_CAR_NYG,spread,CAR,3.0,-110.0,0.5574608500987579,0.1706677852073916,4.846506724403966,60.95043689123271,0,-60.95043689123271,0.5574608500987579
2021,7,2021_07_CAR_NYG,spread,NYG,-3.0,-110.0,0.5625787740402639,0.1814154254845542,7.146667280479814,60.58473426988531,1,55.07703115444119,0.5625787740402639
2021,7,2021_07_CAR_NYG,spread,NYG,-3.0,-110.0,0.5491958438914454,0.1533112721720353,1.153493275596034,60.91519645681196,1,55.37745132437451,0.5625787740402639
2021,7,2021_07_CHI_TB,spread,TB,-12.5,-110.0,0.5852654728595641,0.2290574930050846,-1.1659877418025388,20.415820388252826,1,18.55983671659348,0.5852654728595641
2021,8,2021_08_CAR_ATL,spread,ATL,2.5,-110.0,0.547243731905418,0.1492118370013777,1.1478310377247576,60.3916051508782,0,-60.3916051508782,0.547243731905418
2021,8,2021_08_CAR_ATL,spread,CAR,2.5,-110.0,0.5532939989558121,0.1619173978072055,-3.8463435265956862,60.9964705541525,1,55.45133686741136,0.5532939989558121
2021,8,2021_08_CIN_NYJ,spread,NYJ,-11.5,-110.0,0.6882031671876294,0.4452266510940218,24.13666860238494,61.32917857535696,1,55.753798704869965,0.6882031671876294
2021,8,2021_08_CIN_NYJ,spread,NYJ,-11.5,-110.0,0.5815843945566983,0.2213272285690665,1.1638957935098482,61.66370136758619,1,56.057910334169264,0.6882031671876294
2021,8,2021_08_GB_ARI,spread,ARI,6.5,-110.0,0.5626823643005089,0.1816329650310687,1.143791908109196,62.00004882959121,0,-62.00004882959121,0.5626823643005089
2021,8,2021_08_GB_ARI,spread,GB,6.5,-110.0,0.5859079912323669,0.2304067815879705,-11.840604437280357,61.628048536613655,1,56.025498669648776,0.5859079912323669
2021,8,2021_08_MIA_BUF,spread,BUF,15.0,-110.0,0.5942126238932187,0.2478465101757593,1.1331913405514982,61.96420152863156,0,-61.96420152863156,0.5942126238932187
2021,8,2021_08_MIA_BUF,spread,MIA,15.0,-110.0,0.6439058009116603,0.3522021819144866,-28.831137423762804,61.59241631945976,0,-61.59241631945976,0.6439058009116603
2021,8,2021_08_NE_LAC,spread,LAC,3.5,-110.0,0.5511198409733006,0.1573516660439312,1.1472794715667085,21.37269249433114,0,-21.37269249433114,0.5511198409733006
2021,9,2021_09_CLE_CIN,spread,CIN,2.5,-110.0,0.5472439375911534,0.1492122689414222,1.1479226665034297,60.132102983582016,0,-60.132102983582016,0.5472439375911534
2021,9,2021_09_CLE_CIN,spread,CLE,2.5,-110.0,0.553293043675304,0.1619153917181384,-3.84591677370155,60.73383304867553,1,55.212575498795935,0.553293043675304
2021,9,2021_09_DEN_DAL,spread,DAL,10.5,-110.0,0.5778177044146096,0.2134171792706801,1.1388356882790145,61.0651085016683,0,-61.0651085016683,0.5778177044146096
2021,9,2021_09_DEN_DAL,spread,DEN,10.5,-110.0,0.6156469075140848,0.2928585057795781,-19.83611706775044,60.69871785065829,1,55.18065259150753,0.6156469075140848
2021,9,2021_09_NE_CAR,spread,CAR,-3.5,-110.0,0.5511348661143538,0.157383218840143,1.153983071751846,61.02980176620733,0,-61.02980176620733,0.5511348661143538
2021,9,2021_09_NE_CAR,spread,CAR,-3.5,-110.0,0.5680374804095798,0.1928787088601176,8.14564151972607,60.66362295561008,0,-60.66362295561008,0.5511348661143538
2021,9,2021_09_NYJ_IND,spread,IND,10.5,-110.0,0.5778161217738437,0.2134138557250717,1.1381023118575584,60.29964121787642,1,54.81785565261493,0.5778161217738437
2021,9,2021_09_NYJ_IND,spread,NYJ,10.5,-110.0,0.6156482720295313,0.2928613712620158,-19.83685032659467,60.62854835179211,0,-60.62854835179211,0.6156482720295313
2021,9,2021_09_ARI_SF,spread,SF,-5.5,-110.0,0.5588694427209037,0.1736258297138977,-1.157176775936004,21.037707753155683,0,-21.037707753155683,0.5588694427209037
2021,10,2021_10_BUF_NYJ,spread,NYJ,-13.0,-110.0,0.6987521824127039,0.4673795830666781,27.135557987398776,60.138550815162425,0,-60.138550815162425,0.6987521824127039
2021,10,2021_10_BUF_NYJ,spread,NYJ,-13.0,-110.0,0.5870900461085056,0.2328890968278617,1.1663268956362245,59.77771951027146,0,-59.77771951027146,0.6987521824127039
2021,10,2021_10_CLE_NE,spread,CLE,2.5,-110.0,0.5532946143063521,0.1619186900433393,-3.846618422564149,59.41905319320983,0,-59.41905319320983,0.5532946143063521
2021,10,2021_10_CLE_NE,spread,NE,2.5,-110.0,0.5472431148265221,0.1492105411356964,1.1475561417562954,58.12998997680265,1,52.84544543345695,0.5472431148265221
2021,10,2021_10_JAX_IND,spread,IND,10.5,-110.0,0.5778167150054503,0.2134151015114456,1.1383772078260197,59.37961154665132,0,-59.37961154665132,0.5778167150054503
2021,10,2021_10_JAX_IND,spread,JAX,10.5,-110.0,0.6156477604790953,0.2928602970061001,-19.83657543062621,59.02333387737141,1,53.65757625215582,0.6156477604790953
2021,10,2021_10_PHI_DEN,spread,DEN,1.0,-110.0,0.5414244150031932,0.1369912715067056,1.149163518199189,43.905146810359824,0,-43.905146810359824,0.5414244150031932
2021,10,2021_10_PHI_DEN,spread,PHI,1.0,-110.0,0.5407485954987499,0.1355720505473747,-0.8482181174761774,42.03324999277622,1,38.21204544797838,0.5407485954987499
2021,10,2021_10_BAL_MIA,spread,MIA,-8.5,-110.0,0.6654653119891315,0.3974771551771762,18.14105577780537,53.25284973556579,1,48.41168157778708,0.6654653119891315
2021,11,2021_11_ARI_SEA,spread,ARI,2.5,-110.0,0.5532936590262334,0.1619166839550901,-3.846191669670012,59.60159081617678,1,54.18326437834253,0.5532936590262334
2021,11,2021_11_ARI_SEA,spread,SEA,2.5,-110.0,0.5472433205122911,0.1492109730758113,1.1476477705349677,58.98101495834574,0,-58.98101495834574,0.5472433205122911
2021,11,2021_11_GB_MIN,spread,MIN,-1.0,-110.0,0.5459181706049118,0.1464281582703147,3.150087935612934,55.317111744727406,1,50.28828340429764,0.5459181706049118
2021,11,2021_11_GB_MIN,spread,MIN,-1.0,-110.0,0.5414312146623037,0.1370055507908378,1.1521913024646733,44.313802190007,1,40.28527471818818,0.5459181706049118
2021,11,2021_11_HOU_TEN,spread,HOU,10.5,-110.0,0.6156494071849383,0.2928637550883705,-19.83746033704616,60.11624566143166,1,54.651132419483325,0.6156494071849383
2021,11,2021_11_HOU_TEN,spread,TEN,10.5,-110.0,0.577815528562196,0.2134126099806116,1.137827425521543,60.44415245594856,0,-60.44415245594856,0.577815528562196
2021,11,2021_11_ARI_SEA,spread,SEA,-2.5,-110.0,0.5472571495421712,0.1492400140385595,-1.1538083303299882,59.16826579973721,0,-59.16826579973721,0.5472571495421712
2021,11,2021_11_ARI_SEA,spread,SEA,-2.5,-110.0,0.5584351687697774,0.1727138544165325,-6.147647770534968,59.726477946414455,0,-59.726477946414455,0.5472571495421712
2021,11,2021_11_BAL_CHI,spread,CHI,5.0,-110.0,0.5569128375821588,0.1695169589225336,-1.144037687994678,41.2988033182257,0,-41.2988033182257,0.5569128375821588
2021,12,2021_12_CHI_DET,spread,DET,-2.0,-110.0,0.5542722473408296,0.1639717194157421,5.147728162337062,59.12032625882661,0,-59.12032625882661,0.5542722473408296
2021,12,2021_12_CHI_DET,spread,DET,-2.0,-110.0,0.5453131201503647,0.1451575523157658,1.152193255916478,53.07421701204718,0,-53.07421701204718,0.5542722473408296
2021,12,2021_12_CLE_BAL,spread,BAL,3.0,-110.0,0.549181803225344,0.1532817867732225,1.1472344444291735,58.44715899920137,1,53.13378090836488,0.549181803225344
2021,12,2021_12_CLE_BAL,spread,CLE,3.0,-110.0,0.5574584357574298,0.1706627150906027,-4.845424562981712,58.765961684651565,0,-58.765961684651565,0.5574584357574298
2021,12,2021_12_LAC_DEN,spread,DEN,-2.5,-110.0,0.547257331741191,0.149240396656501,1.153889496547375,57.5259461534693,1,52.29631468497209,0.547257331741191
2021,12,2021_12_LAC_DEN,spread,DEN,-2.5,-110.0,0.5584364975723777,0.1727166449019931,6.148243934225249,58.72714380265348,1,53.3883125478668,0.547257331741191
2021,12,2021_12_LV_DAL,spread,DAL,7.0,-110.0,0.5645955380491894,0.1856506299032977,1.143195432390831,59.04747367794068,0,-59.04747367794068,0.5645955380491894
2021,12,2021_12_LV_DAL,spread,LV,7.0,-110.0,0.5898206285354367,0.2386233199244171,-12.840020597781848,58.69318883587303,1,53.357444396248205,0.5898206285354367
2021,12,2021_12_MIN_SF,spread,MIN,3.5,-110.0,0.5616065914229506,0.1793738419881961,-5.8444739893861,26.28302527934172,0,-26.28302527934172,0.5616065914229506
2021,13,2021_13_ARI_CHI,spread,CHI,-7.5,-110.0,0.6574860675873087,0.3807207419333482,16.141338497422648,58.85563535057448,0,-58.85563535057448,0.6574860675873087
2021,13,2021_13_ARI_CHI,spread,CHI,-7.5,-110.0,0.5665399828389766,0.1897339639618508,1.159122998733336,58.50250153847103,0,-58.50250153847103,0.6574860675873087
2021,13,2021_13_DEN_KC,spread,DEN,8.5,-110.0,0.6012494932455115,0.2626239358155741,-15.839093966909228,58.1514865292402,0,-58.1514865292402,0.6012494932455115
2021,13,2021_13_DEN_KC,spread,KC,8.5,-110.0,0.5703003824178092,0.1976308030773994,1.140580653462866,57.80257761006476,1,52.5477978273316,0.5703003824178092
2021,13,2021_13_MIN_DET,spread,DET,-7.0,-110.0,0.5646310757899773,0.1857252591589523,1.1592591048291905,58.11786439702875,1,52.83442217911704,0.5646310757899773
2021,13,2021_13_MIN_DET,spread,DET,-7.0,-110.0,0.6158614897810041,0.2933091285401086,15.142655036312595,58.43487093010346,1,53.122609936457685,0.5646310757899773
2021,13,2021_13_NE_BUF,spread,BUF,3.0,-110.0,0.54917892517539,0.1532757428683191,1.145951516052727,58.7536065897222,0,-58.7536065897222,0.54917892517539
2021,13,2021_13_NE_BUF,spread,NE,3.0,-110.0,0.5574612980165026,0.1706687258346554,-4.846707491358159,58.40108495018387,1,53.09189540925807,0.5574612980165026
2021,13,2021_13_SF_SEA,spread,SEA,-3.0,-110.0,0.5491968377583585,0.1533133592925528,1.1539363075384816,19.57321210754656,1,17.793829188678686,0.5491968377583585
2021,14,2021_14_ATL_CAR,spread,ATL,2.5,-110.0,0.5532957102485858,0.1619209915220302,-3.8471080138669183,58.82639929777149,1,53.478544816155896,0.5532957102485858
2021,14,2021_14_ATL_CAR,spread,CAR,2.5,-110.0,0.5472412635274683,0.1492066534076834,1.1467314263380608,58.20878485569048,0,-58.20878485569048,0.5472412635274683
2021,14,2021_14_CHI_GB,spread,CHI,11.5,-110.0,0.622445492243668,0.3071355337117027,-21.836232414315,58.79801785753428,0,-58.79801785753428,0.622445492243668
2021,14,2021_14_CHI_GB,spread,GB,11.5,-110.0,0.5815255222760228,0.2212035967796479,1.1363597336346525,58.44522975038907,1,53.13202704580824,0.5815255222760228
2021,14,2021_14_DAL_WAS,spread,WAS,-6.5,-110.0,0.6119205341909963,0.2850331218010924,14.143330504589777,58.76402191266393,0,-58.76402191266393,0.6119205341909963
2021,14,2021_14_DAL_WAS,spread,WAS,-6.5,-110.0,0.5627155513249305,0.1817026577823539,1.1587541403122783,58.41143778118794,0,-58.41143778118794,0.6119205341909963
2021,14,2021_14_LV_KC,spread,KC,10.0,-110.0,0.5759491664115238,0.2094932494642001,1.1390659094873143,58.06096915450082,1,52.782699231364376,0.5759491664115238
2021,14,2021_14_LV_KC,spread,LV,10.0,-110.0,0.6121455389195776,0.285505631731113,-18.83706755244524,58.377665349889,0,-58.377665349889,0.6121455389195776
2021,14,2021_14_SEA_HOU,spread,HOU,-10.0,-110.0,0.5759979057486649,0.2095956020721964,1.1615561339347504,20.263183243426678,0,-20.263183243426678,0.5759979057486649
2021,15,2021_15_ARI_DET,spread,DET,-13.0,-110.0,0.6987531319493772,0.4673815770936921,27.13607638419213,57.90582025832909,1,52.64165478029918,0.6987531319493772
2021,15,2021_15_ARI_DET,spread,DET,-13.0,-110.0,0.5870904317936687,0.2328899067667043,1.1665101531935689,58.22167018701089,1,52.92879107910081,0.6987531319493772
2021,15,2021_15_DAL_NYG,spread,NYG,-11.5,-110.0,0.6882029894443382,0.4452262778331103,24.136576973606267,58.539242933485504,0,-58.539242933485504,0.6882029894443382
2021,15,2021_15_DAL_NYG,spread,NYG,-11.5,-110.0,0.5815841986688879,0.2213268172046646,1.163804164731177,58.18800747588458,0,-58.18800747588458,0.6882029894443382
2021,15,2021_15_GB_BAL,spread,BAL,-9.5,-110.0,0.5741219854885395,0.2056561695259331,1.1618759283431483,57.83887943102928,1,52.58079948275389,0.5741219854885395
2021,15,2021_15_GB_BAL,spread,BAL,-9.5,-110.0,0.6732618461937092,0.4138498770067894,20.13970484125101,58.1543642279258,1,52.8676038435689,0.5741219854885395
2021,15,2021_15_HOU_JAX,spread,HOU,6.0,-110.0,0.5819537067674575,0.2221027842116608,-10.843204454367104,58.471569850987215,1,53.15597259180656,0.5819537067674575
2021,15,2021_15_HOU_JAX,spread,JAX,6.0,-110.0,0.5607599771543778,0.1775959520241933,1.1423722474337596,58.79050568653806,0,-58.79050568653806,0.5607599771543778
2021,15,2021_15_KC_LAC,spread,LAC,-3.0,-110.0,0.5625836194620037,0.1814256008702078,7.148851487831888,19.479254217473027,0,-19.479254217473027,0.5625836194620037
2021,16,2021_16_BUF_NE,spread,BUF,1.0,-110.0,0.540749006998537,0.1355729146969277,-0.8484013690788352,41.49287885643952,1,37.72079896039956,0.540749006998537
2021,16,2021_16_BUF_NE,spread,NE,1.0,-110.0,0.5414240034653144,0.1369904072771602,1.148980266596531,43.31370427790852,0,-43.31370427790852,0.5414240034653144
2021,16,2021_16_CHI_SEA,spread,CHI,7.0,-110.0,0.5898244527329026,0.2386313507390955,-12.841853458380331,58.28732969520893,1,52.98848154109903,0.5898244527329026
2021,16,2021_16_CHI_SEA,spread,SEA,7.0,-110.0,0.5645914828286291,0.1856421139401212,1.141362454215125,58.60526058445553,0,-58.60526058445553,0.5645914828286291
2021,16,2021_16_CLE_GB,spread,CLE,7.5,-110.0,0.5936854112008695,0.246739363521826,-13.840261645906246,58.25362902094879,1,52.9578445644989,0.5936854112008695
2021,16,2021_16_CLE_GB,spread,GB,7.5,-110.0,0.5665017098440281,0.1896535906724591,1.1417738338951189,58.57137608833578,0,-58.57137608833578,0.5665017098440281
2021,16,2021_16_DEN_LV,spread,LV,-1.0,-110.0,0.5459157015011304,0.1464229731523739,3.148988324226237,54.05486150257058,1,49.14078318415507,0.5459157015011304
2021,16,2021_16_DEN_LV,spread,LV,-1.0,-110.0,0.541428745204844,0.1370003649301724,1.1510916910779765,43.30137354914032,1,39.36488504467302,0.5459157015011304
2021,16,2021_16_DET_ATL,spread,ATL,7.5,-110.0,0.5665000927112972,0.1896501946937241,1.1410408096204314,58.75098184117874,0,-58.75098184117874,0.5665000927112972
2021,16,2021_16_DET_ATL,spread,DET,7.5,-110.0,0.5936869204534237,0.2467425329521899,-13.840994670180931,12.473922183264731,1,11.339929257513392,0.5936869204534237
2021,17,2021_17_ARI_DAL,spread,ARI,6.5,-110.0,0.5859072171082399,0.2304051559273038,-11.84023792216567,58.46651552567676,1,53.15137775061523,0.5859072171082399
2021,17,2021_17_ARI_DAL,spread,DAL,6.5,-110.0,0.5626831772674451,0.1816346722616347,1.1441584232238826,58.785423792180445,0,-58.785423792180445,0.5626831772674451
2021,17,2021_17_ATL_BUF,spread,ATL,14.0,-110.0,0.6381540737572335,0.3401235548901905,-26.83267182132644,58.43271124942736,0,-58.43271124942736,0.6381540737572335
2021,17,2021_17_ATL_BUF,spread,BUF,14.0,-110.0,0.5906398103209183,0.2403436016739284,1.13401767742541,58.08211498193081,0,-58.08211498193081,0.5906398103209183
2021,17,2021_17_CAR_NO,spread,CAR,7.0,-110.0,0.5898259828884554,0.2386345640657564,-12.842586837465706,57.73362229203922,0,-57.73362229203922,0.5898259828884554
2021,17,2021_17_CAR_NO,spread,NO,7.0,-110.0,0.5645898603183518,0.1856387066685387,1.140629075129752,57.38722055828699,1,52.17020050753363,0.5645898603183518
2021,17,2021_17_CLE_PIT,spread,PIT,-1.0,-110.0,0.5459155663812327,0.1464226894005887,3.1489281488116623,53.57200803250403,1,48.70182548409457,0.5459155663812327
2021,17,2021_17_CLE_PIT,spread,PIT,-1.0,-110.0,0.5414293626721207,0.1370016616114535,1.1513666397788664,42.916342227008144,1,39.0148565700074,0.5459155663812327
2021,17,2021_17_DEN_LAC,spread,DEN,8.0,-110.0,0.5974965730158238,0.2547428033332301,-14.840196188080544,38.71170167552926,0,-38.71170167552926,0.5974965730158238
2021,18,2021_18_CIN_CLE,spread,CIN,6.5,-110.0,0.5859130239997568,0.2304173503994891,-11.842987260839656,57.994271643603625,1,52.72206513054875,0.5859130239997568
2021,18,2021_18_CIN_CLE,spread,CLE,6.5,-110.0,0.5626770789403533,0.181621865774742,1.1414090845498943,58.31060403438692,0,-58.31060403438692,0.5626770789403533
2021,18,2021_18_DAL_PHI,spread,PHI,-6.5,-110.0,0.6119204674399233,0.285032981623839,14.143299119078652,57.9607404101806,0,-57.9607404101806,0.6119204674399233
2021,18,2021_18_DAL_PHI,spread,PHI,-6.5,-110.0,0.5627147383705919,0.1817009505782431,1.158387615565145,57.61297596771952,0,-57.61297596771952,0.6119204674399233
2021,18,2021_18_GB_DET,spread,DET,-4.0,-110.0,0.5530736094110664,0.1614545797632395,1.155221122908321,57.267298111913206,1,52.06118010173928,0.5530736094110664
2021,18,2021_18_GB_DET,spread,DET,-4.0,-110.0,0.5916399181237835,0.2424438280599453,9.146034331542836,57.57966519252364,1,52.34515017502149,0.5530736094110664
2021,18,2021_18_KC_DEN,spread,DEN,-11.5,-110.0,0.5815847863192859,0.2213280512705004,1.1640790451125067,57.89373609357377,1,52.63066917597615,0.5815847863192859
2021,18,2021_18_KC_DEN,spread,DEN,-11.5,-110.0,0.6882035226621981,0.445227397590616,24.1368518539876,58.209520108629626,1,52.91774555329966,0.5815847863192859
2021,18,2021_18_NE_MIA,spread,MIA,-6.0,-110.0,0.5607922198900799,0.1776636617691678,1.1568745387638,19.50900886064989,1,17.73546260059081,0.5607922198900799
2021,19,2021_19_LV_CIN,spread,CIN,6.0,-110.0,0.5607634411101675,0.1776032263313518,1.1439302559656968,58.633439357552966,1,53.30312668868452,0.5607634411101675
2021,19,2021_19_LV_CIN,spread,LV,6.0,-110.0,0.5819503792345703,0.2220957963925975,-10.841646445835163,58.953258117685074,0,-58.953258117685074,0.5819503792345703
2021,19,2021_19_NE_BUF,spread,BUF,4.5,-110.0,0.5549836566914468,0.1654656790520382,1.1447119217898225,58.59953856897896,1,53.27230778998087,0.5549836566914468
2021,19,2021_19_NE_BUF,spread,NE,4.5,-110.0,0.5698406512731347,0.1966653676735827,-7.844741202508784,58.919172415718855,0,-58.919172415718855,0.5698406512731347
2021,19,2021_19_PHI_TB,spread,PHI,7.5,-110.0,0.5936857885178415,0.2467401558874671,-13.840444903463588,58.56565738122454,0,-58.56565738122454,0.5936857885178415
2021,19,2021_19_PHI_TB,spread,TB,7.5,-110.0,0.5665013055579413,0.1896527416716767,1.1415905763377765,58.21426343693719,1,52.922057669942895,0.5665013055579413
2021,19,2021_19_SF_DAL,spread,DAL,3.0,-110.0,0.5491834481542643,0.1532852411239551,1.1479676936409635,58.53179578295685,0,-58.53179578295685,0.5491834481542643
2021,19,2021_19_SF_DAL,spread,SF,3.0,-110.0,0.5574575475245437,0.1706608498015418,-4.845026437885387,58.1806050082591,1,52.89145909841736,0.5574575475245437
2021,19,2021_19_ARI_LA,spread,ARI,4.0,-110.0,0.5657345265680498,0.1880425057929046,-6.843798521108919,19.499317920949952,0,-19.499317920949952,0.5657345265680498
2021,20,2021_20_BUF_KC,spread,BUF,2.5,-110.0,0.5532903767549581,0.161909791185412,-3.844725380596401,58.3809578553239,0,-58.3809578553239,0.5532903767549581
2021,20,2021_20_BUF_KC,spread,KC,2.5,-110.0,0.5472466119962567,0.149217885192139,1.1491140596085785,57.12293914887309,1,51.92994468079371,0.5472466119962567
2021,20,2021_20_CIN_TEN,spread,CIN,4.0,-110.0,0.5657349313823857,0.1880433559030101,-6.843981803829203,58.34225177627672,1,53.038410705706106,0.5657349313823857
2021,20,2021_20_CIN_TEN,spread,TEN,4.0,-110.0,0.5530536733266058,0.1614127139858723,1.1463164073324172,58.66048224051095,0,-58.66048224051095,0.5530536733266058
2021,20,2021_20_LA_TB,spread,LA,2.5,-110.0,0.5532928385654592,0.1619149609874643,-3.8458251449228777,58.30851934706788,1,53.0077448609708,0.5532928385654592
2021,20,2021_20_LA_TB,spread,TB,2.5,-110.0,0.5472441432768775,0.1492127008814429,1.1480142952821009,57.703432944410565,0,-57.703432944410565,0.5472441432768775
2021,20,2021_20_CIN_TEN,spread,TEN,-4.0,-110.0,0.5530753939046876,0.1614583271998441,-1.1560181961707974,58.280345218567234,1,52.982132016879305,0.5530753939046876
2021,20,2021_20_CIN_TEN,spread,TEN,-4.0,-110.0,0.570799311679873,0.1986785545277333,-9.146316407332415,58.59823801066852,1,53.27112546424411,0.5530753939046876
2021,20,2021_20_LA_TB,spread,TB,-2.5,-110.0,0.5472579723037349,0.1492417418378432,-1.154174855077122,21.48861860397651,0,-21.48861860397651,0.5472579723037349
2021,21,2021_21_SF_LA,spread,LA,3.5,-110.0,0.5511177867264883,0.1573473521256253,1.1463629551651282,58.788933051830114,0,-58.788933051830114,0.5511177867264883
2021,21,2021_21_SF_LA,spread,SF,3.5,-110.0,0.5616087608811535,0.1793783978504224,-5.845450743567129,58.43619945351914,1,53.12381768501739,0.5616087608811535
2021,21,2021_21_CIN_KC,spread,CIN,7.0,-110.0,0.5898199894941589,0.2386219779377337,-12.83971432044661,58.75494235962923,1,53.4135839632993,0.5898199894941589
2021,21,2021_21_CIN_KC,spread,KC,7.0,-110.0,0.5645969570591258,0.1856536098241642,1.1438368338415348,59.07542386340904,0,-59.07542386340904,0.5645969570591258
2021,21,2021_21_SF_LA,spread,LA,3.5,-110.0,0.5511177867264883,0.1573473521256253,1.1463629551651282,58.72097132022858,0,-58.72097132022858,0.5511177867264883
2021,21,2021_21_SF_LA,spread,SF,3.5,-110.0,0.5616087608811535,0.1793783978504224,-5.845450743567129,58.36864549230721,1,53.06240499300655,0.5616087608811535
2021,21,2021_21_SF_LA,spread,LA,-3.5,-110.0,0.5667019705321502,0.1900741381175155,-8.146362955165127,58.68701992226525,1,53.35183629296841,0.5667019705321502
2021,21,2021_21_SF_LA,spread,LA,-3.5,-110.0,0.5511361351292746,0.1573858837714767,-1.1545492564328708,59.00713094002306,1,53.642846309111874,0.5667019705321502
2022,1,2022_01_NYG_TEN,spread,NYG,5.5,-110.0,0.5776768942432408,0.2131214779108056,-10.421573385308816,59.32898801787773,1,53.93544365261612,0.5776768942432408
2022,1,2022_01_NYG_TEN,spread,TEN,5.5,-110.0,0.5560633808870077,0.1677330998627162,0.5718051819886636,59.65260067979342,0,-59.65260067979342,0.5560633808870077
2022,1,2022_01_BAL_NYJ,spread,NYJ,-6.5,-110.0,0.6037390991405893,0.2678521081952376,13.571466301981982,59.29468507571466,0,-59.29468507571466,0.6037390991405893
2022,1,2022_01_BAL_NYJ,spread,NYJ,-6.5,-110.0,0.5599253062266796,0.1758431430760271,0.5790105502252292,58.938916965260375,0,-58.938916965260375,0.6037390991405893
2022,1,2022_01_CLE_CAR,spread,CAR,-2.5,-110.0,0.5556538921120209,0.1668731734352438,-5.573535072012161,58.58528346346881,1,53.25934860315346,0.5556538921120209
2022,1,2022_01_CLE_CAR,spread,CAR,-2.5,-110.0,0.5444639226294063,0.1433742375217533,-0.576615351909672,51.09905004086291,1,46.45368185532992,0.5556538921120209
2022,1,2022_01_DEN_SEA,spread,SEA,6.0,-110.0,0.5579881231810895,0.1717750586802879,-0.5716814461210884,59.18356164621971,0,-59.18356164621971,0.5579881231810895
2022,1,2022_01_DEN_SEA,spread,DEN,6.0,-110.0,0.5972945168372796,0.2543184853582872,11.42136440351579,58.82846027634239,1,53.48041843303854,0.5972945168372796
2022,1,2022_01_DEN_SEA,spread,SEA,-6.0,-110.0,0.5997666853795243,0.259510039297001,12.571681446121088,27.554637516660183,1,25.049670469691076,0.5997666853795243
2022,2,2022_02_HOU_DEN,spread,DEN,10.5,-110.0,0.5753762842931851,0.2082901970156887,0.7113139449109731,59.29964080975877,0,-59.29964080975877,0.5753762842931851
2022,2,2022_02_HOU_DEN,spread,HOU,10.5,-110.0,0.6148643146298669,0.2912150607227205,-20.27303145412167,58.94384296490021,1,53.58531178627292,0.6148643146298669
2022,2,2022_02_IND_JAX,spread,JAX,-3.0,-110.0,0.5601207288235913,0.1762535305295418,6.716619960440087,59.265354835617856,1,53.87759530510714,0.5601207288235913
2022,2,2022_02_IND_JAX,spread,JAX,-3.0,-110.0,0.5467279545483117,0.1481287045514545,0.7210956599598899,57.35846212437728,1,52.14405647670661,0.5601207288235913
2022,2,2022_02_MIA_BAL,spread,BAL,3.0,-110.0,0.5467180424746132,0.1481078891966877,0.7166779138279353,57.63467981784995,0,-57.63467981784995,0.5467180424746132
2022,2,2022_02_MIA_BAL,spread,MIA,3.0,-110.0,0.5569232182135953,0.16953875824855,-5.278733965803868,59.55567666740164,1,54.1415242430924,0.5569232182135953
2022,2,2022_02_SEA_SF,spread,SEA,8.5,-110.0,0.6005596871047695,0.261175342920016,-16.2751782855466,59.88052581286019,0,-59.88052581286019,0.6005596871047695
2022,2,2022_02_SEA_SF,spread,SF,8.5,-110.0,0.5678506798791981,0.192486427746316,0.7121183521859606,59.52124265798304,1,54.11022059816639,0.5678506798791981
2022,2,2022_02_TB_NO,spread,NO,-2.5,-110.0,0.5447875851983079,0.1440539289164467,0.7207800534151412,24.45312364437058,0,-24.45312364437058,0.5447875851983079
2022,3,2022_03_BUF_MIA,spread,MIA,-4.0,-110.0,0.5841454223835643,0.226705387005485,8.860762908630342,59.699185239705805,1,54.27198658155073,0.5841454223835643
2022,3,2022_03_BUF_MIA,spread,MIA,-4.0,-110.0,0.5509308500524562,0.1569547851101581,0.8676530021544568,60.02481715919511,1,54.56801559926828,0.5841454223835643
2022,3,2022_03_DET_MIN,spread,DET,6.5,-110.0,0.5849881755432516,0.2284751686408282,-12.13031588479226,60.35222525279072,1,54.86565932071884,0.5849881755432516
2022,3,2022_03_DET_MIN,spread,MIN,6.5,-110.0,0.5605444090025193,0.1771432589052907,0.8579813742499045,60.68141920871504,0,-60.68141920871504,0.5605444090025193
2022,3,2022_03_LV_TEN,spread,TEN,-1.5,-110.0,0.5479572307003233,0.1507101844706789,3.861783816356352,60.31733069346275,1,54.83393699405704,0.5479572307003233
2022,3,2022_03_LV_TEN,spread,TEN,-1.5,-110.0,0.5412282734144518,0.1365793741703488,0.8642473119453429,44.36809909968139,1,40.33463554516489,0.5479572307003233
2022,3,2022_03_NO_CAR,spread,CAR,-2.0,-110.0,0.5431688306432365,0.1406545443507967,0.8640762203533545,49.50775611035275,1,45.00705100941159,0.5431688306432365
2022,3,2022_03_NO_CAR,spread,CAR,-2.0,-110.0,0.5521308377140843,0.1594747591995771,4.860727400168792,61.15838443475455,1,55.59853130432232,0.5431688306432365
2022,3,2022_03_PHI_WAS,spread,WAS,-6.0,-110.0,0.6003797319833388,0.2607974371650116,12.85804944303015,48.49595175391503,0,-48.49595175391503,0.6003797319833388
2022,4,2022_04_CHI_NYG,spread,CHI,3.0,-110.0,0.5562820849119885,0.1681923783151758,-4.991029446306106,61.20099991205699,0,-61.20099991205699,0.5562820849119885
2022,4,2022_04_CHI_NYG,spread,NYG,3.0,-110.0,0.5473593691359594,0.1494546751855148,1.0025471851784191,60.17031036498835,1,54.70028214998941,0.5473593691359594
2022,4,2022_04_CLE_ATL,spread,ATL,-1.0,-110.0,0.539610521701571,0.133182095573299,1.008167389656589,40.58966367269769,1,36.899694247906986,0.539610521701571
2022,4,2022_04_CLE_ATL,spread,ATL,-1.0,-110.0,0.5440980284997905,0.1426058598495601,3.0063269436613176,52.30584544192784,1,47.55076858357076,0.539610521701571
2022,4,2022_04_DEN_LV,spread,DEN,2.5,-110.0,0.5521174046604652,0.159446549786977,-3.990497886142598,61.66869838247346,0,-61.66869838247346,0.5521174046604652
2022,4,2022_04_DEN_LV,spread,LV,2.5,-110.0,0.5454236149456061,0.1453895913857729,1.004111624036759,55.646446374953975,1,50.58767852268543,0.5454236149456061
2022,4,2022_04_JAX_PHI,spread,JAX,6.5,-110.0,0.5846862437716751,0.2278411119205178,-11.986944768798075,61.602212263314726,0,-61.602212263314726,0.5846862437716751
2022,4,2022_04_JAX_PHI,spread,PHI,6.5,-110.0,0.5608587186774573,0.1778033092226604,0.9996952670188124,61.23259898973484,1,55.66599908157713,0.5608587186774573
2022,4,2022_04_LA_SF,spread,LA,1.0,-110.0,0.5395762004596456,0.1331100209652558,-0.9928850116582908,40.769425013741525,0,-40.769425013741525,0.5395762004596456
2022,4,2022_04_LA_SF,spread,SF,1.0,-110.0,0.5396036714555079,0.1331677100565667,1.005117153158686,15.851024637011504,1,14.410022397283186,0.5396036714555079
2022,5,2022_05_ATL_TB,spread,ATL,10.5,-110.0,0.6140566306500999,0.2895189243652097,-19.83685032659467,61.408438568525554,1,55.825853244114136,0.6140566306500999
2022,5,2022_05_ATL_TB,spread,TB,10.5,-110.0,0.5762971596900027,0.2102240353490058,1.1381023118575584,61.74339368799024,0,-61.74339368799024,0.5762971596900027
2022,5,2022_05_CHI_MIN,spread,CHI,10.0,-110.0,0.6105647906510047,0.2821860603671098,-18.83813571642252,61.37293332586231,1,55.79357575078392,0.6105647906510047
2022,5,2022_05_CHI_MIN,spread,MIN,10.0,-110.0,0.5744308827000643,0.2063048536701349,1.1383328696254935,61.70769478036701,0,-61.70769478036701,0.5744308827000643
2022,5,2022_05_CIN_BAL,spread,BAL,3.0,-110.0,0.5476841072010659,0.1501366251222383,1.1473260732078456,61.337448611684806,0,-61.337448611684806,0.5476841072010659
2022,5,2022_05_CIN_BAL,spread,CIN,3.0,-110.0,0.5559572510649039,0.1675102272362982,-4.84533293420304,60.9694239200147,1,55.42674901819518,0.5559572510649039
2022,5,2022_05_HOU_JAX,spread,HOU,7.0,-110.0,0.5882868036117106,0.2354022875845922,-12.841303629298114,61.30198441412387,1,55.72907674011261,0.5882868036117106
2022,5,2022_05_HOU_JAX,spread,JAX,7.0,-110.0,0.5630871013381963,0.1824829128102122,1.1419122832973445,61.63635887456454,0,-61.63635887456454,0.5630871013381963
2022,5,2022_05_IND_DEN,spread,DEN,3.5,-110.0,0.5496179469986755,0.1541976886972186,1.145721497304237,20.42218024043914,0,-20.42218024043914,0.5496179469986755
2022,6,2022_06_BAL_NYG,spread,NYG,-5.5,-110.0,0.5969901963334996,0.2536794123003492,12.144466295603422,61.14400763987452,1,55.58546149079502,0.5969901963334996
2022,6,2022_06_BAL_NYG,spread,NYG,-5.5,-110.0,0.5573677320196972,0.1704722372413643,1.1571941635355725,61.47752040881929,1,55.88865491710844,0.5969901963334996
2022,6,2022_06_CIN_NO,spread,NO,-3.0,-110.0,0.5610740904603398,0.1782555899667137,7.146408679146796,61.812852338321946,0,-61.812852338321946,0.5610740904603398
2022,6,2022_06_CIN_NO,spread,NO,-3.0,-110.0,0.5476981108353773,0.1501660327542924,1.1535697983784805,61.441975224292015,0,-61.441975224292015,0.5610740904603398
2022,6,2022_06_DAL_PHI,spread,DAL,6.5,-110.0,0.5843817658900899,0.2272017083691889,-11.842497473293417,61.07332337294626,0,-61.07332337294626,0.5843817658900899
2022,6,2022_06_DAL_PHI,spread,PHI,6.5,-110.0,0.5611747278406569,0.1784669284653796,1.1422339962115995,60.70688343270859,1,55.18807584791689,0.5611747278406569
2022,6,2022_06_JAX_IND,spread,IND,1.0,-110.0,0.5399257360985537,0.1338440458069627,1.1485220603382975,41.315465405930034,1,37.55951400539094,0.5399257360985537
2022,6,2022_06_JAX_IND,spread,JAX,1.0,-110.0,0.5392527536794923,0.1324307827269339,-0.8488595753370685,39.73638016490701,0,-39.73638016490701,0.5392527536794923
2022,6,2022_06_NYJ_GB,spread,GB,7.5,-110.0,0.5649937602181894,0.1864868964581977,1.1414073187804323,61.024950690838985,0,-61.024950690838985,0.5649937602181894
2022,6,2022_06_NYJ_GB,spread,NYJ,7.5,-110.0,0.5921429279774897,0.2435001487527284,-13.840628161020934,0.4753686262940821,1,0.4321532966309838,0.5921429279774897
2022,7,2022_07_CHI_NE,spread,CHI,9.5,-110.0,0.6070055030918388,0.2747115564928615,-17.839117577877538,60.66139390647374,1,55.146721733157946,0.6070055030918388
2022,7,2022_07_CHI_NE,spread,NE,9.5,-110.0,0.5725559175930598,0.2023674269454256,1.138196176906369,60.99227423687269,0,-60.99227423687269,0.5725559175930598
2022,7,2022_07_IND_TEN,spread,IND,2.5,-110.0,0.5517957640239418,0.1587711044502778,-3.846741436387356,60.62632059145145,0,-60.62632059145145,0.5517957640239418
2022,7,2022_07_IND_TEN,spread,TEN,2.5,-110.0,0.5457445523920793,0.1460635600233666,1.1470980038176224,55.5181634522965,1,50.471057683905904,0.5457445523920793
2022,7,2022_07_KC_SF,spread,SF,-1.0,-110.0,0.5444212221554132,0.1432845665263677,3.1502714121526934,52.43093219944185,0,-52.43093219944185,0.5444212221554132
2022,7,2022_07_KC_SF,spread,SF,-1.0,-110.0,0.5399343888159546,0.1338622165135046,1.1523747790044323,40.80451501096107,0,-40.80451501096107,0.5444212221554132
2022,7,2022_07_NYG_JAX,spread,JAX,3.0,-110.0,0.5476826686182159,0.1501336040982535,1.1466846621246969,60.00597633074376,0,-60.00597633074376,0.5476826686182159
2022,7,2022_07_NYG_JAX,spread,NYG,3.0,-110.0,0.5559586813332821,0.1675132307998924,-4.845974345286189,59.6459404727593,1,54.223582247963,0.5559586813332821
2022,7,2022_07_NYJ_DEN,spread,DEN,-2.0,-110.0,0.5438139657362392,0.1420093280461023,1.1513682480524332,50.3870651493074,0,-50.3870651493074,0.5438139657362392
2022,7,2022_07_NYJ_DEN,spread,DEN,-2.0,-110.0,0.5527701477145385,0.1608173102005308,5.146567986141839,1.7268143883155636,0,-1.7268143883155636,0.5438139657362392
2022,8,2022_08_ARI_MIN,spread,ARI,4.0,-110.0,0.5642284253774201,0.1848796932925823,-6.843981803829203,59.65859868902135,0,-59.65859868902135,0.5642284253774201
2022,8,2022_08_ARI_MIN,spread,MIN,4.0,-110.0,0.5515546361545968,0.1582647359246533,1.1463164073324172,59.30064709688721,1,53.90967917898837,0.5515546361545968
2022,8,2022_08_BAL_TB,spread,BAL,2.0,-110.0,0.5476190630769677,0.1500000324616323,-2.8467755451171377,59.62410517196114,1,54.20373197451013,0.5476190630769677
2022,8,2022_08_BAL_TB,spread,TB,2.0,-110.0,0.5438069511866694,0.1419945974920058,1.1482443638305515,50.35095761917066,0,-50.35095761917066,0.5438069511866694
2022,8,2022_08_CHI_DAL,spread,CHI,10.5,-110.0,0.6140582730487486,0.2895223734023721,-19.837735217427483,59.64722181809319,0,-59.64722181809319,0.6140582730487486
2022,8,2022_08_CHI_DAL,spread,DAL,10.5,-110.0,0.5762959747576979,0.2102215469911655,1.137552545140213,59.28933848718463,1,53.8993986247133,0.5762959747576979
2022,8,2022_08_CIN_CLE,spread,CLE,-3.0,-110.0,0.5610758489923753,0.1782592828839881,7.147201941200934,59.612734878932905,1,54.19339534448446,0.5610758489923753
2022,8,2022_08_CIN_CLE,spread,CLE,-3.0,-110.0,0.5476991383590618,0.1501681905540298,1.1540279363171535,59.93789525099981,1,54.48899568272709,0.5610758489923753
2022,8,2022_08_GB_BUF,spread,BUF,10.5,-110.0,0.5762975546917304,0.2102248648526338,1.1382855790473485,29.737160708813985,0,-29.737160708813985,0.5762975546917304
2022,9,2022_09_BUF_NYJ,spread,NYJ,-11.0,-110.0,0.6771365452811754,0.4219867450904684,23.13804571905813,60.08640626084329,1,54.62400569167572,0.6771365452811754
2022,9,2022_09_BUF_NYJ,spread,NYJ,-11.0,-110.0,0.5782106741657278,0.2142424157480283,1.163757338152939,60.41415029499334,1,54.92195481363031,0.6771365452811754
2022,9,2022_09_CAR_CIN,spread,CAR,7.0,-110.0,0.5882878833677617,0.2354045550722996,-12.841822005016237,60.74368202387512,0,-60.74368202387512,0.5882878833677617
2022,9,2022_09_CAR_CIN,spread,CIN,7.0,-110.0,0.563086696231845,0.1824820620868746,1.1417290316946875,60.37921993173188,1,54.890199937938064,0.563086696231845
2022,9,2022_09_IND_NE,spread,IND,5.0,-110.0,0.5723997221409464,0.2020394164959874,-8.844372133364121,60.7085611313595,0,-60.7085611313595,0.5723997221409464
2022,9,2022_09_IND_NE,spread,NE,5.0,-110.0,0.5554110818954008,0.1663632719803417,1.1435654340249268,60.34430976457134,1,54.85846342233758,0.5554110818954008
2022,9,2022_09_LA_TB,spread,LA,3.0,-110.0,0.5559590899616087,0.1675140889193783,-4.846157596888848,60.67346054510536,0,-60.67346054510536,0.5559590899616087
2022,9,2022_09_LA_TB,spread,TB,3.0,-110.0,0.5476822576139098,0.1501327409892106,1.1465014105220384,60.309419781834734,0,-60.309419781834734,0.5476822576139098
2022,9,2022_09_MIN_WAS,spread,WAS,-3.0,-110.0,0.5610752396280578,0.1782580032189215,7.146927060819604,19.98252108771466,0,-19.98252108771466,0.5610752396280578
2022,10,2022_10_ARI_LA,spread,ARI,3.5,-110.0,0.5601076228063798,0.1762260078933977,-5.846490297830714,59.82766813661743,1,54.38878921510675,0.5601076228063798
2022,10,2022_10_ARI_LA,spread,LA,3.5,-110.0,0.5496163040637373,0.1541942385338484,1.144988276786079,60.15400087190807,0,-60.15400087190807,0.5496163040637373
2022,10,2022_10_ATL_CAR,spread,CAR,-2.5,-110.0,0.5569325420966061,0.1695583384028729,6.147144322838552,59.79307686667662,1,54.35734260606965,0.5569325420966061
2022,10,2022_10_ATL_CAR,spread,CAR,-2.5,-110.0,0.5457573273724806,0.1460903874822093,1.1527898851606784,55.418363748758985,1,50.38033068068999,0.5569325420966061
2022,10,2022_10_DAL_GB,spread,GB,-3.5,-110.0,0.5806475873540748,0.2193599334435572,8.146526472923753,60.42150290639718,1,54.92863900581562,0.5806475873540748
2022,10,2022_10_DAL_GB,spread,GB,-3.5,-110.0,0.5496376906861278,0.1542391504408683,1.1545329008340657,60.75107474043208,1,55.22824976402916,0.5806475873540748
2022,10,2022_10_DEN_TEN,spread,DEN,2.5,-110.0,0.5517977443875781,0.1587752632139141,-3.847626454972133,61.082444239016255,0,-61.082444239016255,0.5517977443875781
2022,10,2022_10_DEN_TEN,spread,TEN,2.5,-110.0,0.5457433181945506,0.1460609682085563,1.1465481093483103,55.93270846122139,1,50.847916782928536,0.5457433181945506
2022,10,2022_10_HOU_NYG,spread,HOU,5.5,-110.0,0.5764332721357082,0.2105098714849872,-9.84351334809719,29.91899399895932,0,-29.91899399895932,0.5764332721357082
2022,11,2022_11_CIN_PIT,spread,PIT,-3.5,-110.0,0.580645348393019,0.2193552316253398,8.145518393652864,60.84152311028597,0,-60.84152311028597,0.580645348393019
2022,11,2022_11_CIN_PIT,spread,PIT,-3.5,-110.0,0.5496354318966763,0.1542344069830202,1.1535248215631766,60.47647397162425,0,-60.47647397162425,0.580645348393019
2022,11,2022_11_DAL_MIN,spread,MIN,-1.5,-110.0,0.548601821134446,0.1520638243823366,4.149259940483622,60.1136151277945,0,-60.1136151277945,0.548601821134446
2022,11,2022_11_DAL_MIN,spread,MIN,-1.5,-110.0,0.5418765318594877,0.1379407169049242,1.15287972538441,45.341382635460896,0,-45.341382635460896,0.548601821134446
2022,11,2022_11_KC_LAC,spread,LAC,-5.5,-110.0,0.5969927664180594,0.2536848094779248,12.145657698341015,59.48088514121496,1,54.07353194655906,0.5969927664180594
2022,11,2022_11_KC_LAC,spread,LAC,-5.5,-110.0,0.5573703848744022,0.1704778082362446,1.158385566273167,59.80532633289432,1,54.368478484449376,0.5969927664180594
2022,11,2022_11_LV_DEN,spread,DEN,2.5,-110.0,0.5457439352900814,0.1460622641091709,1.1468230551167329,55.39589495943826,0,-55.39589495943826,0.5457439352900814
2022,11,2022_11_LV_DEN,spread,LV,2.5,-110.0,0.5517963792637549,0.1587723964538854,-3.847016385088247,59.799161834044384,1,54.3628743945858,0.5517963792637549
2022,11,2022_11_PHI_IND,spread,IND,-6.5,-110.0,0.5612103291052388,0.1785416911210016,1.1582959867864728,39.2783035095372,1,35.70754864503382,0.5612103291052388
2022,12,2022_12_ATL_WAS,spread,ATL,3.5,-110.0,0.5601066055855555,0.1762238717296665,-5.846032007155647,60.33958437228211,0,-60.33958437228211,0.5601066055855555
2022,12,2022_12_ATL_WAS,spread,WAS,3.5,-110.0,0.5496173309606557,0.154196395017377,1.1454465674611465,59.977546866048414,1,54.52504260549856,0.5496173309606557
2022,12,2022_12_BUF_DET,spread,DET,-10.0,-110.0,0.6697524579940481,0.4064801617875011,21.140679298900537,60.30469712168141,1,54.82245192880128,0.6697524579940481
2022,12,2022_12_BUF_DET,spread,DET,-10.0,-110.0,0.5744865067863929,0.2064216642514251,1.1640304394910146,60.63363183325421,1,55.12148348477656,0.6697524579940481
2022,12,2022_12_CIN_TEN,spread,TEN,-1.0,-110.0,0.5444180005473913,0.1432778011495218,3.148836520032991,52.76806962121624,0,-52.76806962121624,0.5444180005473913
2022,12,2022_12_CIN_TEN,spread,TEN,-1.0,-110.0,0.5399319188759212,0.1338570296394345,1.1512750110001946,41.067054954852765,0,-41.067054954852765,0.5444180005473913
2022,12,2022_12_HOU_MIA,spread,HOU,14.0,-110.0,0.6364948676946841,0.3366392221588367,-26.832580182915315,60.401349986706464,0,-60.401349986706464,0.6364948676946841
2022,12,2022_12_HOU_MIA,spread,MIA,14.0,-110.0,0.5891021193290754,0.2371144505910584,1.1341093294099558,60.03894188678623,1,54.58085626071475,0.5891021193290754
2022,12,2022_12_NYG_DAL,spread,DAL,10.5,-110.0,0.5762969621993794,0.2102236206186968,1.1380106830788854,47.72791371300825,0,-47.72791371300825,0.5762969621993794
2022,13,2022_13_BUF_NE,spread,NE,-3.5,-110.0,0.5806464360336284,0.2193575156706197,8.14600809720563,60.08005954207246,0,-60.08005954207246,0.5806464360336284
2022,13,2022_13_BUF_NE,spread,NE,-3.5,-110.0,0.549637280076976,0.1542382881616496,1.154349649231408,59.71957918482002,0,-59.71957918482002,0.5806464360336284
2022,13,2022_13_DEN_BAL,spread,BAL,9.5,-110.0,0.5725561167918964,0.2023678452629825,1.138287821610373,59.36126170971109,0,-59.36126170971109,0.5725561167918964
2022,13,2022_13_DEN_BAL,spread,DEN,9.5,-110.0,0.6070059724762027,0.2747125422000257,-17.839361057288997,59.00509413945283,1,53.64099467222984,0.6070059724762027
2022,13,2022_13_IND_DAL,spread,DAL,11.0,-110.0,0.5781537662728912,0.2141229091730715,1.137231207311567,59.32694010748621,1,53.93358191589655,0.5781537662728912
2022,13,2022_13_IND_DAL,spread,IND,11.0,-110.0,0.6174813729609199,0.2967108832179318,-20.836541373432176,59.65054159898159,0,-59.65054159898159,0.6174813729609199
2022,13,2022_13_JAX_DET,spread,DET,1.0,-110.0,0.5399300582568307,0.1338531223393445,1.150446549715456,40.14481879728657,1,36.49528981571506,0.5399300582568307
2022,13,2022_13_JAX_DET,spread,JAX,1.0,-110.0,0.5392484318177299,0.1324217068172327,-0.8469350859599103,38.58935949007488,0,-38.58935949007488,0.5392484318177299
2022,13,2022_13_MIA_SF,spread,MIA,4.5,-110.0,0.5683285570686776,0.1934899698442229,-7.8438563116759745,59.28007393134155,0,-59.28007393134155,0.5683285570686776
2022,13,2022_13_MIA_SF,spread,SF,4.5,-110.0,0.5534850820265194,0.1623186722556907,1.1452616885071674,0.4617757525556552,1,0.4197961386869593,0.5534850820265194
2022,14,2022_14_BAL_PIT,spread,BAL,1.5,-110.0,0.5434398968530612,0.1412237833914285,-1.8490091078979267,48.58380534241971,1,44.167095765836095,0.5434398968530612
2022,14,2022_14_BAL_PIT,spread,PIT,1.5,-110.0,0.541863755840502,0.1379138872650541,1.1471912338438557,44.88391172430751,0,-44.88391172430751,0.541863755840502
2022,14,2022_14_HOU_DAL,spread,DAL,17.0,-110.0,0.5996572204800963,0.2592801630082022,1.130071722620812,58.92261136883479,0,-58.92261136883479,0.5996572204800963
2022,14,2022_14_HOU_DAL,spread,HOU,17.0,-110.0,0.6527692030632315,0.3708153264327862,-32.829535179366474,58.56907570062178,1,53.24461427329253,0.6527692030632315
2022,14,2022_14_JAX_TEN,spread,JAX,3.0,-110.0,0.5559602460265761,0.1675165166558099,-4.84667604092653,58.88854338626154,1,53.53503944205594,0.5559602460265761
2022,14,2022_14_JAX_TEN,spread,TEN,3.0,-110.0,0.5476818464563015,0.1501318775582331,1.146318090599821,59.20975362291388,0,-59.20975362291388,0.5476818464563015
2022,14,2022_14_KC_DEN,spread,DEN,-8.5,-110.0,0.5688334004135782,0.1945501408685143,1.160499484194636,58.8544951011764,1,53.5040864556149,0.5688334004135782
2022,14,2022_14_KC_DEN,spread,DEN,-8.5,-110.0,0.6582431664451244,0.3823106495347612,18.140354123454674,59.17551961991008,1,53.79592692719098,0.5688334004135782
2022,14,2022_14_LV_LA,spread,LA,-6.5,-110.0,0.5612091105798226,0.1785391322176275,1.1577462200691286,44.658225649565416,1,40.59838695415038,0.5612091105798226
2022,15,2022_15_BAL_CLE,spread,BAL,2.5,-110.0,0.5517979494207446,0.1587756937835636,-3.847718083750805,59.74188550319813,0,-59.74188550319813,0.5517979494207446
2022,15,2022_15_BAL_CLE,spread,CLE,2.5,-110.0,0.5457431125404788,0.1460605363350055,1.146456480569639,54.70465656428284,1,49.73150596752985,0.5457431125404788
2022,15,2022_15_DET_NYJ,spread,DET,2.0,-110.0,0.5476198851343378,0.1500017587821094,-2.8471420602318247,59.68182322598412,1,54.25620293271283,0.5476198851343378
2022,15,2022_15_DET_NYJ,spread,NYJ,2.0,-110.0,0.5438061281919571,0.1419928692031098,1.147877848715864,50.397624766622734,0,-50.397624766622734,0.5438061281919571
2022,15,2022_15_MIA_BUF,spread,BUF,7.0,-110.0,0.5630871013381963,0.1824829128102122,1.1419122832973445,59.704974694980656,0,-59.704974694980656,0.5630871013381963
2022,15,2022_15_MIA_BUF,spread,MIA,7.0,-110.0,0.5882875016623874,0.2354037534910136,-12.841638753413578,59.346744846810765,1,53.95158622437342,0.5882875016623874
2022,15,2022_15_NE_LV,spread,LV,1.0,-110.0,0.5399273825176968,0.1338475032871633,1.1492551469778602,40.393918004746574,1,36.7217436406787,0.5399273825176968
2022,15,2022_15_NE_LV,spread,NE,1.0,-110.0,0.5392518599674251,0.1324289059315927,-0.8484616128129703,38.84385254583292,0,-38.84385254583292,0.5392518599674251
2022,15,2022_15_NYG_WAS,spread,NYG,4.5,-110.0,0.5683307664028239,0.1934946094459302,-7.844864328158628,59.65772171072608,1,54.23429246429643,0.5683307664028239
2022,15,2022_15_NYG_WAS,spread,WAS,4.5,-110.0,0.5534828293051839,0.1623139415408862,1.1442536720245142,14.800059212568192,0,-14.800059212568192,0.5534828293051839
2022,16,2022_16_CIN_NE,spread,NE,-3.0,-110.0,0.561073887195831,0.178255163111245,7.1463169880032495,59.89432711023645,0,-59.89432711023645,0.561073887195831
2022,16,2022_16_CIN_NE,spread,NE,-3.0,-110.0,0.5476979051880415,0.1501656008948871,1.1534781072349338,59.53496114757503,0,-59.53496114757503,0.561073887195831
2022,16,2022_16_DEN_LA,spread,LA,-3.0,-110.0,0.5610723949901979,0.1782520294794156,7.145643865633548,59.17775138068958,1,53.79795580062689,0.5610723949901979
2022,16,2022_16_DEN_LA,spread,LA,-3.0,-110.0,0.5476956438648072,0.1501608521160951,1.1524698607497674,59.50053911549334,1,54.09139919590304,0.5610723949901979
2022,16,2022_16_DET_CAR,spread,CAR,-2.5,-110.0,0.5457581501251412,0.1460921152627965,1.15315646264024,55.149296582972525,1,50.135724166338655,0.5457581501251412
2022,16,2022_16_DET_CAR,spread,CAR,-2.5,-110.0,0.5569326121649497,0.1695584855463944,6.1471757762026495,60.12590185566678,1,54.65991077787889,0.5457581501251412
2022,16,2022_16_HOU_TEN,spread,HOU,3.0,-110.0,0.5559627686034703,0.1675218140672876,-4.847807307189591,60.453861320334056,1,54.95805574575823,0.5559627686034703
2022,16,2022_16_HOU_TEN,spread,TEN,3.0,-110.0,0.5476785575718708,0.1501249709009287,1.1448517002212952,60.7836096548086,0,-60.7836096548086,0.5476785575718708
2022,16,2022_16_JAX_NYJ,spread,JAX,2.5,-110.0,0.551798430334298,0.1587767037020258,-3.8479330027947416,24.861838566950254,1,22.601671424500235,0.551798430334298
2022,17,2022_17_CAR_TB,spread,CAR,3.5,-110.0,0.5601066055855555,0.1762238717296665,-5.846032007155647,60.554518025426745,0,-60.554518025426745,0.5601066055855555
2022,17,2022_17_CAR_TB,spread,TB,3.5,-110.0,0.5496173309606557,0.154196395017377,1.1454465674611465,60.19119091727418,1,54.71926447024926,0.5496173309606557
2022,17,2022_17_DEN_KC,spread,DEN,13.5,-110.0,0.6335144497770884,0.3303803445318857,-25.83368241371908,60.51950650409569,1,55.01773318554153,0.6335144497770884
2022,17,2022_17_DEN_KC,spread,KC,13.5,-110.0,0.5873023484934213,0.2333349318361848,1.134522641942322,60.84961290320893,0,-60.84961290320893,0.5873023484934213
2022,17,2022_17_JAX_HOU,spread,HOU,-3.5,-110.0,0.5496370747656937,0.1542378570079567,1.154258020452736,60.48451522578968,0,-60.48451522578968,0.5496370747656937
2022,17,2022_17_JAX_HOU,spread,HOU,-3.5,-110.0,0.5806462325245332,0.2193570883015196,8.145916468426957,60.12160813443494,0,-60.12160813443494,0.5496370747656937
2022,17,2022_17_LA_LAC,spread,LA,6.5,-110.0,0.5843814457576351,0.2272010360910337,-11.84234566910017,59.76087848562833,0,-59.76087848562833,0.5843814457576351
2022,17,2022_17_LA_LAC,spread,LAC,6.5,-110.0,0.5611743215039144,0.1784660751582203,1.1420506762893812,59.40231321471457,1,54.002102922467785,0.5611743215039144
2022,17,2022_17_MIN_GB,spread,GB,3.0,-110.0,0.5476841072010659,0.1501366251222383,1.1473260732078456,19.908775277416545,1,18.098886615833223,0.5476841072010659
2022,18,2022_18_ARI_SF,spread,ARI,14.0,-110.0,0.6364974228165265,0.3366445879147058,-26.83419823540723,59.834919151944376,0,-59.834919151944376,0.6364974228165265
2022,18,2022_18_ARI_SF,spread,SF,14.0,-110.0,0.5890994542910484,0.2371088540112016,1.1328263874600817,59.47590963703271,1,54.06900876093882,0.5890994542910484
2022,18,2022_18_BAL_CIN,spread,BAL,11.0,-110.0,0.6174832062104902,0.2967147330420295,-20.837549452703065,59.800323689598336,0,-59.800323689598336,0.6174832062104902
2022,18,2022_18_BAL_CIN,spread,CIN,11.0,-110.0,0.5781516034260947,0.2141183671947989,1.1362231280406778,59.44152174746075,0,-59.44152174746075,0.5781516034260947
2022,18,2022_18_CAR_NO,spread,CAR,3.5,-110.0,0.5601069425717596,0.1762245794006952,-5.846183830206693,59.08487261697598,1,53.71352056088725,0.5601069425717596
2022,18,2022_18_CAR_NO,spread,NO,3.5,-110.0,0.5496177416851878,0.1541972575388945,1.1456298685255648,59.40715374034129,0,-59.40715374034129,0.5496177416851878
2022,18,2022_18_CLE_PIT,spread,CLE,2.5,-110.0,0.5517977443875781,0.1587752632139141,-3.847626454972133,59.05071081789925,0,-59.05071081789925,0.5517977443875781
2022,18,2022_18_CLE_PIT,spread,PIT,2.5,-110.0,0.5457433181945506,0.1460609682085563,1.1465481093483103,54.07226632387696,1,49.156605748979054,0.5457433181945506
2022,18,2022_18_DET_GB,spread,DET,5.5,-110.0,0.5764303101189648,0.2105036512498261,-9.842138631392062,24.311157823546736,1,22.10105256686067,0.5764303101189648
2022,19,2022_19_BAL_CIN,spread,BAL,7.5,-110.0,0.5921453117999687,0.2435051547799341,-13.84178805998704,59.123952502886894,1,53.74904772989717,0.5921453117999687
2022,19,2022_19_BAL_CIN,spread,CIN,7.5,-110.0,0.5649919422043272,0.1864830786290873,1.140582543929792,59.44644678926628,0,-59.44644678926628,0.5649919422043272
2022,19,2022_19_MIA_BUF,spread,BUF,14.0,-110.0,0.5891009772484509,0.2371120522217469,1.1335595335320523,59.08976810853069,0,-59.08976810853069,0.5891009772484509
2022,19,2022_19_MIA_BUF,spread,MIA,14.0,-110.0,0.6364957358811467,0.3366410453504082,-26.8331299652198,58.73522949987951,1,53.39566318170864,0.6364957358811467
2022,19,2022_19_SEA_SF,spread,SEA,10.0,-110.0,0.6105648501654326,0.2821861853474084,-18.838167163831933,59.05560347896976,0,-59.05560347896976,0.6105648501654326
2022,19,2022_19_SEA_SF,spread,SF,10.0,-110.0,0.5744300891812794,0.2063031872806867,1.1379662981006184,58.70126985809594,1,53.36479078008722,0.5744300891812794
2022,19,2022_19_BAL_CIN,spread,CIN,-7.5,-110.0,0.5650308007410322,0.1865646815561676,-1.1582119400129611,59.02145860277647,1,53.65587145706952,0.5650308007410322
2022,19,2022_19_BAL_CIN,spread,CIN,-7.5,-110.0,0.5968281440664754,0.2533391025395984,-16.140582543929792,59.34339383151888,1,53.94853984683535,0.5650308007410322
2022,19,2022_19_BAL_CIN,spread,BAL,7.5,-110.0,0.5921453117999687,0.2435051547799341,-13.84178805998704,19.88902835686672,1,18.080934869878835,0.5921453117999687
2022,20,2022_20_CIN_BUF,spread,BUF,6.0,-110.0,0.5592605476117767,0.1744471499847311,1.1439302559656968,59.77557067981917,0,-59.77557067981917,0.5592605476117767
2022,20,2022_20_CIN_BUF,spread,CIN,6.0,-110.0,0.5804259584302349,0.2188945127034933,-10.841646445835163,59.416917255740245,1,54.01537932340022,0.5804259584302349
2022,20,2022_20_CIN_BUF,spread,BUF,6.0,-110.0,0.5592605476117767,0.1744471499847311,1.1439302559656968,59.741009531680646,0,-59.741009531680646,0.5592605476117767
2022,20,2022_20_CIN_BUF,spread,CIN,6.0,-110.0,0.5804259584302349,0.2188945127034933,-10.841646445835163,59.38256347449056,1,53.98414861317323,0.5804259584302349
2022,20,2022_20_CIN_BUF,spread,BUF,-6.0,-110.0,0.5853024855133484,0.2291352195780317,-13.143930255965696,59.7064683661696,0,-59.7064683661696,0.5853024855133484
2022,20,2022_20_CIN_BUF,spread,BUF,-6.0,-110.0,0.5592925941243571,0.1745144476611498,-1.1583535541648349,59.34822955597259,0,-59.34822955597259,0.5853024855133484
2022,20,2022_20_DAL_SF,spread,SF,-3.5,-110.0,0.549638337996889,0.1542405097934669,-1.154821790569735,58.992140178636745,1,53.62921834421522,0.549638337996889
2022,20,2022_20_DAL_SF,spread,SF,-3.5,-110.0,0.5651952598467878,0.1869100456782543,-8.146635489301993,59.31391548870203,1,53.92174135336548,0.549638337996889
2022,20,2022_20_DAL_SF,spread,DAL,3.5,-110.0,0.5601047104948232,0.1762198920391289,-5.845178209430265,19.879148645607497,0,-19.879148645607497,0.5601047104948232
2022,21,2022_21_CIN_KC,spread,CIN,2.0,-110.0,0.547618786699313,0.1499994520685572,-2.846652321887321,59.51751880740189,0,-59.51751880740189,0.547618786699313
2022,21,2022_21_CIN_KC,spread,KC,2.0,-110.0,0.5438079803867367,0.1419967588121471,1.148702711175832,49.69146034040224,1,45.17405485491113,0.5438079803867367
2022,21,2022_21_SF_PHI,spread,PHI,2.5,-110.0,0.545745374994569,0.1460652874885949,1.1474645129776242,54.75514490475193,1,49.77740445886539,0.545745374994569
2022,21,2022_21_SF_PHI,spread,SF,2.5,-110.0,0.5517949439031723,0.1587693821966619,-3.8463749272273553,59.73077468798684,0,-59.73077468798684,0.5517949439031723
2022,21,2022_21_SF_PHI,spread,PHI,-2.5,-110.0,0.5569332553807275,0.1695598362995277,-6.147464512977624,59.372390039858914,1,53.974900036235375,0.5569332553807275
2022,21,2022_21_SF_PHI,spread,PHI,-2.5,-110.0,0.5457592018813061,0.1460943239507428,-1.1536250727726447,55.03315598783978,1,50.030141807127066,0.5569332553807275
2023,1,2023_01_CAR_ATL,spread,ATL,3.5,-110.0,0.5484773130265288,0.1518023573557105,0.5727232837305731,59.99642029091909,1,54.5422002644719,0.5484773130265288
2023,1,2023_01_CAR_ATL,spread,CAR,3.5,-110.0,0.5615305636138511,0.1792141835890873,-6.423016003577823,60.32367349250592,0,-60.32367349250592,0.5615305636138511
2023,1,2023_01_CIN_CLE,spread,CLE,-1.0,-110.0,0.5483358408841336,0.1515052658566805,2.574906519822236,59.96173145155088,1,54.51066495595534,0.5483358408841336
2023,1,2023_01_CIN_CLE,spread,CLE,-1.0,-110.0,0.5387835653842755,0.1314454873069787,0.5759582032481055,37.91621103604011,1,34.469282760036464,0.5483358408841336
2023,1,2023_01_ARI_WAS,spread,WAS,-7.0,-110.0,0.5619857077350976,0.1801699862437049,-0.5788877002197275,60.49561113784682,1,54.996010125315294,0.5619857077350976
2023,1,2023_01_ARI_WAS,spread,WAS,-7.0,-110.0,0.592014695862566,0.2432308613113887,-14.570495736842986,60.82558719859871,1,55.29598836236247,0.5619857077350976
2023,1,2023_01_ARI_WAS,spread,ARI,7.0,-110.0,0.5896397214760931,0.2382434150997956,-13.421112299780273,61.157363128772886,1,55.59760284433899,0.5896397214760931
2023,1,2023_01_ARI_WAS,spread,WAS,7.0,-110.0,0.5619671217408617,0.1801309556558096,0.5704957368429868,61.490948745838914,0,-61.490948745838914,0.5619671217408617
2023,1,2023_01_BUF_NYJ,spread,NYJ,2.5,-110.0,0.5446012893341274,0.1436627076016676,-0.5738151914676997,43.0557806473187,1,39.141618770289725,0.5446012893341274
2023,2,2023_02_BAL_CIN,spread,BAL,3.5,-110.0,0.561209566306901,0.1785400892444921,-6.27819726215729,61.356852765985614,1,55.77895705998692,0.561209566306901
2023,2,2023_02_BAL_CIN,spread,CIN,3.5,-110.0,0.5487996184831446,0.1524791988146038,0.716476846978205,61.69152650834553,0,-61.69152650834553,0.5487996184831446
2023,2,2023_02_CLE_PIT,spread,PIT,-2.5,-110.0,0.5611916592102781,0.1785024843415841,5.716678795406176,61.32137734929546,1,55.74670668117769,0.5611916592102781
2023,2,2023_02_CLE_PIT,spread,PIT,-2.5,-110.0,0.5449299567379322,0.1443529091496577,0.7202072718575052,54.69233300412225,1,49.72030273102023,0.5611916592102781
2023,2,2023_02_GB_ATL,spread,ATL,3.0,-110.0,0.5468608306594167,0.1484077443847751,0.7162769754729563,59.98124160485889,0,-59.98124160485889,0.5468608306594167
2023,2,2023_02_GB_ATL,spread,GB,3.0,-110.0,0.5570686383621817,0.1698441405605816,-5.279344356731013,61.59429195613949,1,55.99481086921772,0.5570686383621817
2023,2,2023_02_LAC_TEN,spread,TEN,-2.5,-110.0,0.561193322396045,0.1785059770316945,5.717423380923822,61.93026082135479,1,56.30023711032253,0.561193322396045
2023,2,2023_02_LAC_TEN,spread,TEN,-2.5,-110.0,0.5449316283569592,0.1443564195496143,0.7209518573751508,55.239765868742026,1,50.21796897158366,0.561193322396045
2023,2,2023_02_MIA_NE,spread,NE,-2.0,-110.0,0.5570232168580173,0.1697487554018363,4.717693364011565,36.97798911859788,0,-36.97798911859788,0.5570232168580173
2023,3,2023_03_ATL_DET,spread,ATL,3.0,-110.0,0.5567447814227956,0.1691640409878708,-5.13399970065228,62.347502123134646,0,-62.347502123134646,0.5567447814227956
2023,3,2023_03_ATL_DET,spread,DET,3.0,-110.0,0.5471843984505984,0.1490872367462566,0.860494554905884,60.84207595345027,1,55.31097813950024,0.5471843984505984
2023,3,2023_03_HOU_JAX,spread,HOU,7.5,-110.0,0.5928864407217529,0.2450615255156811,-14.130608559467692,62.30528297923283,1,56.64116634475712,0.5928864407217529
2023,3,2023_03_HOU_JAX,spread,JAX,7.5,-110.0,0.5645087152873246,0.1854683021033817,0.8559180503833304,62.64512997730138,0,-62.64512997730138,0.5645087152873246
2023,3,2023_03_IND_BAL,spread,BAL,7.5,-110.0,0.5645087152873246,0.1854683021033817,0.8559180503833304,62.26925919743757,0,-62.26925919743757,0.5645087152873246
2023,3,2023_03_IND_BAL,spread,IND,7.5,-110.0,0.5928869562485924,0.2450626081220441,-14.130859902554292,61.89564364225294,1,56.26876694750267,0.5928869562485924
2023,3,2023_03_NE_NYJ,spread,NYJ,-2.5,-110.0,0.5615107110031019,0.179172493106514,5.859533335681036,62.233256243937966,0,-62.233256243937966,0.5615107110031019
2023,3,2023_03_NE_NYJ,spread,NYJ,-2.5,-110.0,0.545252241702757,0.1450297075757897,0.8637675074226301,55.7106251634558,0,-55.7106251634558,0.5615107110031019
2023,3,2023_03_NO_GB,spread,GB,-1.5,-110.0,0.5413706735376466,0.1368784144290578,0.8636974969656706,27.747700764690283,1,25.2251825133548,0.5413706735376466
2023,4,2023_04_ARI_SF,spread,ARI,15.0,-110.0,0.6426073299667024,0.3494753929300752,-28.977967000444927,61.67694405057373,0,-61.67694405057373,0.6426073299667024
2023,4,2023_04_ARI_SF,spread,SF,15.0,-110.0,0.5925243586665101,0.2443011531996712,0.9908205535732736,61.30688238627029,1,55.7335294420639,0.5925243586665101
2023,4,2023_04_ATL_JAX,spread,ATL,3.5,-110.0,0.5605709185674306,0.1771989289916042,-5.990250446498915,61.64128356292267,0,-61.64128356292267,0.5605709185674306
2023,4,2023_04_ATL_JAX,spread,JAX,3.5,-110.0,0.5494409431924036,0.1538259807040475,1.0025865398918103,61.27143586154513,1,55.701305328677385,0.5494409431924036
2023,4,2023_04_BAL_CLE,spread,CLE,-2.0,-110.0,0.5576640304302126,0.1710944639034465,5.003780924454216,61.6056436935172,0,-61.6056436935172,0.5576640304302126
2023,4,2023_04_BAL_CLE,spread,CLE,-2.0,-110.0,0.5436349732874556,0.1416334439036567,1.0076878813362056,50.989319603950655,0,-50.989319603950655,0.5576640304302126
2023,4,2023_04_DET_GB,spread,GB,-2.5,-110.0,0.561833970979655,0.1798513390572756,6.004312558112013,60.93007391373239,0,-60.93007391373239,0.561833970979655
2023,4,2023_04_DET_GB,spread,GB,-2.5,-110.0,0.5455788203541513,0.1457155227437178,1.0092524251438733,55.37474957401908,0,-55.37474957401908,0.561833970979655
2023,4,2023_04_KC_NYJ,spread,NYJ,-9.5,-110.0,0.689131658302568,0.4471764824353927,19.99660028528501,35.31741779202506,1,32.10674344729551,0.689131658302568
2023,5,2023_05_BAL_PIT,spread,PIT,-4.5,-110.0,0.5903668917366147,0.239770472646891,10.143924150900848,60.42488543348965,1,54.931714030445136,0.5903668917366147
2023,5,2023_05_BAL_PIT,spread,PIT,-4.5,-110.0,0.5536499057312895,0.162664802035708,1.1546262924808195,60.75447571767232,1,55.23134156152029,0.5903668917366147
2023,5,2023_05_CIN_ARI,spread,ARI,-3.0,-110.0,0.5478430519675348,0.150470409131823,1.1541195650958251,61.085863767041445,0,-61.085863767041445,0.5478430519675348
2023,5,2023_05_CIN_ARI,spread,ARI,-3.0,-110.0,0.5663043065355404,0.1892390437246349,7.146958445864141,60.7193485844392,0,-60.7193485844392,0.5478430519675348
2023,5,2023_05_DAL_SF,spread,DAL,3.5,-110.0,0.5602490243480666,0.1765229511309398,-5.845207248230336,60.35503249293256,0,-60.35503249293256,0.5602490243480666
2023,5,2023_05_DAL_SF,spread,SF,3.5,-110.0,0.5497629363908331,0.1545021664207495,1.146271326386456,59.992902297974965,1,54.53900208906815,0.5497629363908331
2023,5,2023_05_HOU_ATL,spread,ATL,2.5,-110.0,0.5458878118320294,0.1463644048472617,1.146914683895404,55.93414440684932,0,-55.93414440684932,0.5458878118320294
2023,5,2023_05_HOU_ATL,spread,HOU,2.5,-110.0,0.5519400027799899,0.1590740058379788,-3.846924756309576,59.98453144406828,1,54.53139222188025,0.5519400027799899
2023,5,2023_05_JAX_BUF,spread,BUF,5.5,-110.0,0.5574836087626007,0.1707155784014615,1.1445268492612808,24.489286522108003,0,-24.489286522108003,0.5574836087626007
2023,6,2023_06_BAL_TEN,spread,TEN,-5.5,-110.0,0.5984889813883703,0.2568268609155776,12.143489760871397,60.16478407826692,0,-60.16478407826692,0.5984889813883703
2023,6,2023_06_BAL_TEN,spread,TEN,-5.5,-110.0,0.5575103884012083,0.1707718156425374,1.156552768039555,59.80379537379732,0,-59.80379537379732,0.5984889813883703
2023,6,2023_06_DEN_KC,spread,DEN,10.5,-110.0,0.6142088575650358,0.2898386008865753,-19.83657543062621,59.44497260155454,0,-59.44497260155454,0.6142088575650358
2023,6,2023_06_DEN_KC,spread,KC,10.5,-110.0,0.5764435015040892,0.2105313531585873,1.1383772078260197,59.088302765945215,1,53.71663887813201,0.5764435015040892
2023,6,2023_06_IND_JAX,spread,IND,4.0,-110.0,0.5643747919939224,0.185187063187237,-6.844806666289171,59.41060259921401,0,-59.41060259921401,0.5643747919939224
2023,6,2023_06_IND_JAX,spread,JAX,4.0,-110.0,0.551696609877042,0.1585628807417883,1.1454915448724483,59.05413898361873,1,53.68558089419884,0.551696609877042
2023,6,2023_06_NO_HOU,spread,HOU,-2.0,-110.0,0.5439598769101937,0.1423157415114067,1.152376575838696,50.25100302787089,1,45.68273002533717,0.5439598769101937
2023,6,2023_06_NO_HOU,spread,HOU,-2.0,-110.0,0.5579860264164059,0.1717706554744524,5.147576358143815,59.65034884913594,1,54.22758986285085,0.5439598769101937
2023,6,2023_06_PHI_NYJ,spread,NYJ,-6.5,-110.0,0.561353636827518,0.1788426373377879,1.1578378488477998,29.20928264406128,1,26.55389331278298,0.561353636827518
2023,7,2023_07_ATL_TB,spread,ATL,3.0,-110.0,0.5561053480099551,0.1678212308209058,-4.847165766107895,60.13503774818974,1,54.66821613471794,0.5561053480099551
2023,7,2023_07_ATL_TB,spread,TB,3.0,-110.0,0.5478237041175387,0.1504297786468312,1.145493241302991,60.46304704499805,0,-60.46304704499805,0.5478237041175387
2023,7,2023_07_DET_BAL,spread,BAL,3.0,-110.0,0.5478261708465278,0.1504349587777085,1.1465930393007104,60.100268762728064,1,54.63660796611642,0.5478261708465278
2023,7,2023_07_DET_BAL,spread,DET,3.0,-110.0,0.5561036427983499,0.1678176498765348,-4.84640109222564,60.428088410524765,0,-60.428088410524765,0.5561036427983499
2023,7,2023_07_JAX_NO,spread,JAX,2.5,-110.0,0.5519404128616776,0.159074867009523,-3.8471080138669183,60.065519880061615,1,54.60501807278328,0.5519404128616776
2023,7,2023_07_JAX_NO,spread,NO,2.5,-110.0,0.5458874005175244,0.1463635410868012,1.1467314263380608,56.00080581706177,0,-56.00080581706177,0.5458874005175244
2023,7,2023_07_PIT_LA,spread,LA,3.5,-110.0,0.5497625257522238,0.1545013040796701,1.1460880688291128,60.05714515359594,0,-60.05714515359594,0.5497625257522238
2023,7,2023_07_PIT_LA,spread,PIT,3.5,-110.0,0.5602494311335598,0.1765238053804757,-5.84539050578768,59.69680228267436,1,54.26982025697669,0.5602494311335598
2023,7,2023_07_SF_MIN,spread,MIN,-7.0,-110.0,0.5632686937455728,0.1828642568657028,1.1587093225247136,24.37285510633572,1,22.15714100575974,0.5632686937455728
2023,8,2023_08_ATL_TEN,spread,TEN,-2.5,-110.0,0.5621493841411485,0.1805137066964117,6.145617650464865,60.15536405025079,1,54.68669459113708,0.5621493841411485
2023,8,2023_08_ATL_TEN,spread,TEN,-2.5,-110.0,0.5458983241923424,0.1463864808039191,1.1515983811181685,56.11231959246019,1,51.011199629509264,0.5621493841411485
2023,8,2023_08_CIN_SF,spread,CIN,4.0,-110.0,0.5643747919939224,0.185187063187237,-6.844806666289171,60.78955141557466,1,55.26322855961333,0.5643747919939224
2023,8,2023_08_CIN_SF,spread,SF,4.0,-110.0,0.551696609877042,0.1585628807417883,1.1454915448724483,61.12113078693235,0,-61.12113078693235,0.551696609877042
2023,8,2023_08_JAX_PIT,spread,PIT,-2.5,-110.0,0.5621518389650718,0.1805188618266509,6.146717569944416,60.75440400221076,0,-60.75440400221076,0.5621518389650718
2023,8,2023_08_JAX_PIT,spread,PIT,-2.5,-110.0,0.5459007928110773,0.1463916649032624,1.1526982563820063,56.03173928313537,0,-56.03173928313537,0.5621518389650718
2023,8,2023_08_LA_DAL,spread,DAL,6.5,-110.0,0.5613198610643206,0.1787717082350733,1.1426005053716004,60.053687142498674,1,54.59426103863515,0.5613198610643206
2023,8,2023_08_LA_DAL,spread,LA,6.5,-110.0,0.5845271203978362,0.2275069528354559,-11.841795840017951,60.381252708730486,0,-60.381252708730486,0.5845271203978362
2023,8,2023_08_NE_MIA,spread,MIA,7.5,-110.0,0.5651391757491975,0.1867922690733147,1.1417738338951189,28.675286159342782,1,26.068441963038897,0.5651391757491975
2023,9,2023_09_BUF_CIN,spread,BUF,1.5,-110.0,0.5435777779213171,0.141513333634766,-1.846442868214067,49.96160908040099,0,-49.96160908040099,0.5435777779213171
2023,9,2023_09_BUF_CIN,spread,CIN,1.5,-110.0,0.5420131553027936,0.1382276261358666,1.149757473527715,45.77804576162109,1,41.61640523783736,0.5420131553027936
2023,9,2023_09_DAL_PHI,spread,DAL,3.5,-110.0,0.5602484141694389,0.1765216697558218,-5.844932361894321,60.12530462120096,0,-60.12530462120096,0.5602484141694389
2023,9,2023_09_DAL_PHI,spread,PHI,3.5,-110.0,0.5497635523485727,0.1545034599320026,1.1465462127224717,59.76455279347376,1,54.33141163043069,0.5497635523485727
2023,9,2023_09_MIN_ATL,spread,ATL,3.5,-110.0,0.5497602666854132,0.1544965600393678,1.1450799055647505,60.09054126325634,0,-60.09054126325634,0.5497602666854132
2023,9,2023_09_MIN_ATL,spread,MIN,3.5,-110.0,0.5602524128859651,0.1765300670605266,-5.846733793167506,59.7299980156768,1,54.299998196069815,0.5602524128859651
2023,9,2023_09_NYG_LV,spread,LV,1.0,-110.0,0.5400683443698838,0.134143523176756,1.1480637261561553,41.01033062154568,1,37.28211874685971,0.5400683443698838
2023,9,2023_09_NYG_LV,spread,NYG,1.0,-110.0,0.5393974242260134,0.1327345908746282,-0.8493179095192112,39.46448933525777,0,-39.46448933525777,0.5393974242260134
2023,9,2023_09_SEA_BAL,spread,BAL,6.0,-110.0,0.5594031141782987,0.1747465397744273,1.1431970222844008,60.04270378132283,1,54.58427616483893,0.5594031141782987
2023,9,2023_09_SEA_BAL,spread,SEA,6.0,-110.0,0.5805737979085177,0.2192049756078872,-10.842379679516462,24.205547575310447,0,-24.205547575310447,0.5805737979085177
2023,10,2023_10_CLE_BAL,spread,BAL,6.0,-110.0,0.5594006703904894,0.1747414078200276,1.142097230241367,60.22497615286,0,-60.22497615286,0.5594006703904894
2023,10,2023_10_CLE_BAL,spread,CLE,6.0,-110.0,0.5805761438347647,0.219209902053006,-10.843479471559494,59.86362629594284,1,54.42147845085712,0.5805761438347647
2023,10,2023_10_HOU_CIN,spread,CIN,5.5,-110.0,0.5574825880873366,0.1707134349834069,1.1440685019160002,60.19015516664798,0,-60.19015516664798,0.5574825880873366
2023,10,2023_10_HOU_CIN,spread,HOU,5.5,-110.0,0.5765772606265365,0.2108122473157266,-9.842688632678955,59.82901423564809,1,54.39001294149826,0.5765772606265365
2023,10,2023_10_NO_MIN,spread,MIN,-3.0,-110.0,0.5478412022327874,0.1504665246888537,1.1532948496775903,60.155354313297074,1,54.686685739360975,0.5478412022327874
2023,10,2023_10_NO_MIN,spread,MIN,-3.0,-110.0,0.5663032186185151,0.1892367590988817,7.146468854561371,60.48347442773324,1,54.98497675248476,0.5478412022327874
2023,10,2023_10_NYG_DAL,spread,DAL,17.5,-110.0,0.6015212676125421,0.2631946619863384,1.128375540571497,60.81338428824815,1,55.28489480749832,0.6015212676125421
2023,10,2023_10_NYG_DAL,spread,NYG,17.5,-110.0,0.6553817868609104,0.3763017524079119,-33.83038625602646,61.14509365709315,0,-61.14509365709315,0.6553817868609104
2023,10,2023_10_TEN_TB,spread,TB,2.5,-110.0,0.5458867834122787,0.1463622451657853,1.146456480569639,20.25940769838362,1,18.417643362166924,0.5458867834122787
2023,11,2023_11_CIN_BAL,spread,BAL,4.0,-110.0,0.5516976352524919,0.1585650340302331,1.145949688765807,60.88872895532359,1,55.35338995938508,0.5516976352524919
2023,11,2023_11_CIN_BAL,spread,CIN,4.0,-110.0,0.5643737808445819,0.185184939773622,-6.844348522395812,61.22084929507991,0,-61.22084929507991,0.5643737808445819
2023,11,2023_11_LAC_GB,spread,GB,-3.0,-110.0,0.5478424354316211,0.1504691144064044,1.1538446787598098,60.85352419930943,1,55.32138563573584,0.5478424354316211
2023,11,2023_11_LAC_GB,spread,GB,-3.0,-110.0,0.5663044403893442,0.1892393248176229,7.147018683643591,61.18545251312385,1,55.62313864829441,0.5478424354316211
2023,11,2023_11_NYG_WAS,spread,NYG,7.5,-110.0,0.5922937757968022,0.2438169291732846,-13.841971364407286,61.51919134501361,1,55.92653758637601,0.5922937757968022
2023,11,2023_11_NYG_WAS,spread,WAS,7.5,-110.0,0.5651361455466477,0.1867859056479602,1.1403992395095432,61.85475057053187,0,-61.85475057053187,0.5651361455466477
2023,11,2023_11_NYJ_BUF,spread,BUF,8.0,-110.0,0.5670372199687724,0.1907781619344222,1.139894321855536,61.48362206710868,1,55.8942018791897,0.5670372199687724
2023,11,2023_11_NYJ_BUF,spread,NYJ,8.0,-110.0,0.5960971733806167,0.2518040640992952,-14.8412958492672,61.818987278383815,0,-61.818987278383815,0.5960971733806167
2023,11,2023_11_PHI_KC,spread,KC,2.5,-110.0,0.5458894572161568,0.1463678601539293,1.1476477705349677,20.482691118237923,0,-20.482691118237923,0.5458894572161568
2023,12,2023_12_BAL_LAC,spread,LAC,-3.0,-110.0,0.5663064769691954,0.1892436016353105,7.14793520004517,61.325177208004085,0,-61.325177208004085,0.5663064769691954
2023,12,2023_12_BAL_LAC,spread,LAC,-3.0,-110.0,0.5478444910634587,0.1504734312332633,1.15476119516139,60.95722614475606,0,-60.95722614475606,0.5663064769691954
2023,12,2023_12_BUF_PHI,spread,BUF,2.5,-110.0,0.551937131567092,0.1590679762908933,-3.845641668383119,60.59148278788753,0,-60.59148278788753,0.551937131567092
2023,12,2023_12_BUF_PHI,spread,PHI,2.5,-110.0,0.5458906916718826,0.1463704525109536,1.1481977718218603,55.85593096665786,1,50.77811906059805,0.5458906916718826
2023,12,2023_12_CHI_MIN,spread,CHI,3.0,-110.0,0.5561036427983499,0.1678176498765348,-4.84640109222564,60.53260260552379,1,55.02963873229435,0.5561036427983499
2023,12,2023_12_CHI_MIN,spread,MIN,3.0,-110.0,0.5478261708465278,0.1504349587777085,1.1465930393007104,60.86278043791756,0,-60.86278043791756,0.5478261708465278
2023,12,2023_12_GB_DET,spread,DET,8.5,-110.0,0.5689349245200176,0.194763341492037,1.1406722918739831,60.49760375529005,0,-60.49760375529005,0.5689349245200176
2023,12,2023_12_GB_DET,spread,GB,8.5,-110.0,0.5998408464570929,0.2596657775598952,-15.839002328498108,60.13461813275831,1,54.66783466614392,0.5998408464570929
2023,12,2023_12_JAX_HOU,spread,HOU,-1.0,-110.0,0.5400776143428677,0.1341629901200223,1.1521913024646733,24.54324776546747,0,-24.54324776546747,0.5400776143428677
2023,13,2023_13_ARI_PIT,spread,ARI,6.0,-110.0,0.580575166180662,0.2192078489793901,-10.843021137377352,60.31536565416238,1,54.83215059469307,0.580575166180662
2023,13,2023_13_ARI_PIT,spread,PIT,6.0,-110.0,0.559401688830699,0.1747435465444679,1.1425555644235097,60.64435855773054,0,-60.64435855773054,0.559401688830699
2023,13,2023_13_DEN_HOU,spread,DEN,3.5,-110.0,0.560248007362047,0.1765208154602988,-5.844749094704531,60.28049240638416,0,-60.28049240638416,0.560248007362047
2023,13,2023_13_DEN_HOU,spread,HOU,3.5,-110.0,0.5497639630085335,0.1545043223179203,1.1467294799122616,59.918809451945855,1,54.471644956314414,0.5497639630085335
2023,13,2023_13_KC_GB,spread,GB,-5.5,-110.0,0.5575107964781473,0.1707726726041093,1.1567360255968993,60.24563932168374,1,54.76876301971249,0.5575107964781473
2023,13,2023_13_KC_GB,spread,GB,-5.5,-110.0,0.5984893772099354,0.2568276921408645,12.14367301842874,60.574251899802015,1,55.06750172709274,0.5575107964781473
2023,13,2023_13_SEA_DAL,spread,DAL,9.5,-110.0,0.5727042285444433,0.2026788799433309,1.139570734061488,60.904656910164576,0,-60.904656910164576,0.5727042285444433
2023,13,2023_13_SEA_DAL,spread,SEA,9.5,-110.0,0.6071539138893657,0.275023219167668,-17.837743020722417,60.53922896870358,1,55.03566269882144,0.6071539138893657
2023,13,2023_13_SF_PHI,spread,PHI,-3.0,-110.0,0.5478434629913873,0.1504712722819133,1.1543028226531686,20.289814314965597,0,-20.289814314965597,0.5478434629913873
2023,14,2023_14_BUF_KC,spread,BUF,2.0,-110.0,0.5477620819141314,0.150300372019676,-2.846469039167037,60.74770405900672,1,55.22518550818793,0.5477620819141314
2023,14,2023_14_BUF_KC,spread,KC,2.0,-110.0,0.5439520388879225,0.1422992816646373,1.148885993896116,51.67200317065425,0,-51.67200317065425,0.5439520388879225
2023,14,2023_14_DEN_LAC,spread,DEN,3.0,-110.0,0.5561030298184184,0.1678163626186787,-4.846126211844311,60.76902315303193,1,55.2445665027563,0.5561030298184184
2023,14,2023_14_DEN_LAC,spread,LAC,3.0,-110.0,0.5478267873733473,0.1504362534840294,1.1468679196820402,61.10049055204848,0,-61.10049055204848,0.5478267873733473
2023,14,2023_14_GB_NYG,spread,NYG,-6.0,-110.0,0.6024935360806764,0.2652364257694204,13.142324720914017,60.73388760873619,1,55.21262509885108,0.6024935360806764
2023,14,2023_14_GB_NYG,spread,NYG,-6.0,-110.0,0.5594320800516266,0.1748073681084159,1.1562329470243142,61.0651633593293,1,55.51378487211754,0.6024935360806764
2023,14,2023_14_LA_BAL,spread,BAL,7.5,-110.0,0.5651373577202642,0.1867884512125548,1.1409491184768843,61.398246068562,0,-61.398246068562,0.5651373577202642
2023,14,2023_14_LA_BAL,spread,LA,7.5,-110.0,0.592291956626555,0.2438131089157654,-13.84108636132448,61.02985659215063,1,55.48168781104602,0.592291956626555
2023,14,2023_14_MIN_LV,spread,LV,-3.0,-110.0,0.5478409966230914,0.150466092908492,1.1532031773918432,29.904993481686112,0,-29.904993481686112,0.5478409966230914
2023,15,2023_15_DAL_BUF,spread,BUF,2.0,-110.0,0.5439520388879225,0.1422992816646373,1.148885993896116,51.76020697457458,1,47.05473361324962,0.5439520388879225
2023,15,2023_15_DAL_BUF,spread,DAL,2.0,-110.0,0.5477613302466029,0.1502987935178661,-2.846133915051573,61.465645159806286,0,-61.465645159806286,0.5477613302466029
2023,15,2023_15_DEN_DET,spread,DEN,5.5,-110.0,0.5765767975875064,0.2108112749337634,-9.842473755507529,61.09685128884745,0,-61.09685128884745,0.5765767975875064
2023,15,2023_15_DEN_DET,spread,DET,5.5,-110.0,0.5574838128629432,0.1707160070121808,1.144618503202893,60.73027018111437,1,55.20933652828579,0.5574838128629432
2023,15,2023_15_HOU_TEN,spread,HOU,3.0,-110.0,0.556105891000412,0.1678223711008651,-4.847409261444688,61.061526200284085,1,55.51047836389462,0.556105891000412
2023,15,2023_15_HOU_TEN,spread,TEN,3.0,-110.0,0.5478239096311635,0.1504302102254433,1.145584870081663,61.394589070467454,0,-61.394589070467454,0.5478239096311635
2023,15,2023_15_KC_NE,spread,NE,-10.0,-110.0,0.6933425374615566,0.456019328669269,21.13802160228438,61.026221536044645,0,-61.026221536044645,0.6933425374615566
2023,15,2023_15_KC_NE,spread,NE,-10.0,-110.0,0.579752785375175,0.2174808492878677,1.161372860452074,60.66006420682837,0,-60.66006420682837,0.6933425374615566
2023,15,2023_15_LAC_LV,spread,LAC,3.0,-110.0,0.5561059613131598,0.1678225187576356,-4.847440792074904,29.385167518859216,0,-29.385167518859216,0.5561059613131598
2023,16,2023_16_ARI_CHI,spread,ARI,4.5,-110.0,0.5684750628429318,0.1937976319701568,-7.844589398315537,60.11979281647425,0,-60.11979281647425,0.5684750628429318
2023,16,2023_16_ARI_CHI,spread,CHI,4.5,-110.0,0.5536273385950836,0.1626174110496756,1.1445286018676049,59.75907405957541,1,54.32643096325037,0.5536273385950836
2023,16,2023_16_BAL_SF,spread,BAL,6.5,-110.0,0.584526667646525,0.2275060020577026,-11.84158118182894,60.0850326453549,1,54.62275695032263,0.584526667646525
2023,16,2023_16_BAL_SF,spread,SF,6.5,-110.0,0.5613210797621143,0.1787742675004401,1.143150287676078,60.41276918705684,0,-60.41276918705684,0.5613210797621143
2023,16,2023_16_CIN_PIT,spread,PIT,-3.0,-110.0,0.5663026076630435,0.1892354760923914,7.146193908792949,60.0502925719345,1,54.591175065395,0.5663026076630435
2023,16,2023_16_CIN_PIT,spread,PIT,-3.0,-110.0,0.5478405855630889,0.1504652296824867,1.1530199039091682,60.37783962232688,1,54.88894511120625,0.5663026076630435
2023,16,2023_16_DET_MIN,spread,MIN,-2.5,-110.0,0.5621552455285461,0.1805260156099468,6.148243934225249,60.70717329299411,0,-60.70717329299411,0.5621552455285461
2023,16,2023_16_DET_MIN,spread,MIN,-2.5,-110.0,0.545903466492022,0.1463972796332463,1.153889496547375,55.99495617697747,0,-55.99495617697747,0.5621552455285461
2023,16,2023_16_GB_CAR,spread,CAR,-3.5,-110.0,0.5497793951755701,0.1545367298686971,1.1536164972047525,24.3260861480303,1,22.114623770936635,0.5497793951755701
2023,17,2023_17_ATL_CHI,spread,ATL,3.0,-110.0,0.5561047348304559,0.1678199431439573,-4.846890795778407,60.1396482587999,0,-60.1396482587999,0.5561047348304559
2023,17,2023_17_ATL_CHI,spread,CHI,3.0,-110.0,0.5478243208467476,0.15043107377817,1.145768211632479,59.7788103692471,1,54.3443730629519,0.5478243208467476
2023,17,2023_17_CIN_KC,spread,CIN,7.5,-110.0,0.5922911385897951,0.2438113910385697,-13.84068839880038,60.10487660762481,0,-60.10487660762481,0.5922911385897951
2023,17,2023_17_CIN_KC,spread,KC,7.5,-110.0,0.5651389737600581,0.186791844896122,1.1416822051164477,59.744247347979055,1,54.31295213452641,0.5651389737600581
2023,17,2023_17_GB_MIN,spread,GB,1.0,-110.0,0.5393965300789855,0.1327327131658695,-0.8489197507516433,39.32516346905244,1,35.75014860822949,0.5393965300789855
2023,17,2023_17_GB_MIN,spread,MIN,1.0,-110.0,0.5400699912226293,0.1341469815675217,1.1487970090391872,41.17076022405504,0,-41.17076022405504,0.5400699912226293
2023,17,2023_17_LAC_DEN,spread,DEN,3.5,-110.0,0.5497606776177539,0.1544974229972833,1.1452632939784708,60.03760139109127,1,54.579637628264784,0.5497606776177539
2023,17,2023_17_LAC_DEN,spread,LAC,3.5,-110.0,0.5602512619228611,0.1765276500380084,-5.846215280638321,60.365079216860856,0,-60.365079216860856,0.5602512619228611
2023,17,2023_17_LA_NYG,spread,NYG,-6.0,-110.0,0.6024958881270994,0.2652413650669089,13.143424518911736,59.74724275382992,1,54.31567523075447,0.6024958881270994
2023,18,2023_18_ATL_NO,spread,ATL,3.5,-110.0,0.5602511921110206,0.1765275034331432,-5.846183830206693,60.32878279294422,0,-60.32878279294422,0.5602511921110206
2023,18,2023_18_ATL_NO,spread,NO,3.5,-110.0,0.5497614990288913,0.1544991479606716,1.1456298685255648,59.96681009618656,1,54.51528190562414,0.5497614990288913
2023,18,2023_18_BUF_MIA,spread,MIA,-2.5,-110.0,0.5621552455285461,0.1805260156099468,6.148243934225249,60.2939017876203,0,-60.2939017876203,0.5621552455285461
2023,18,2023_18_BUF_MIA,spread,MIA,-2.5,-110.0,0.545903466492022,0.1463972796332463,1.153889496547375,55.61376366582376,0,-55.61376366582376,0.5621552455285461
2023,18,2023_18_CHI_GB,spread,CHI,2.5,-110.0,0.5519385673669315,0.1590709914705561,-3.846283298448683,59.59845579489964,0,-59.59845579489964,0.5519385673669315
2023,18,2023_18_CHI_GB,spread,GB,2.5,-110.0,0.5458892515590112,0.1463674282739236,1.1475561417562954,54.93693123121554,1,49.94266475565049,0.5458892515590112
2023,18,2023_18_DEN_LV,spread,DEN,3.5,-110.0,0.5602520757818328,0.1765293591418488,-5.846581926609385,59.54052104866414,0,-59.54052104866414,0.5602520757818328
2023,18,2023_18_DEN_LV,spread,LV,3.5,-110.0,0.5497598560461994,0.1544956976970187,1.144896648007407,59.18327792237216,1,53.80297992942923,0.5497598560461994
2023,18,2023_18_HOU_IND,spread,IND,-1.5,-110.0,0.5538113136717029,0.1630037587105761,4.149411613222267,28.44624495593689,0,-28.44624495593689,0.5538113136717029
2023,19,2023_19_CLE_HOU,spread,HOU,-2.5,-110.0,0.5621534750805263,0.1805222976691052,6.147450656583979,59.3354183322131,1,53.941289392921,0.5621534750805263
2023,19,2023_19_CLE_HOU,spread,HOU,-2.5,-110.0,0.5459024381888413,0.1463951201965668,1.1534313430215697,55.35779082132503,1,50.32526438302275,0.5621534750805263
2023,19,2023_19_PHI_TB,spread,TB,-2.5,-110.0,0.562152657099343,0.1805205799086204,6.1470841474239775,59.96101765486876,1,54.51001604988068,0.562152657099343
2023,19,2023_19_PHI_TB,spread,TB,-2.5,-110.0,0.5459016155767302,0.1463933927111335,1.153064833861568,55.93936933818573,1,50.853972125623386,0.562152657099343
2023,19,2023_19_PIT_BUF,spread,BUF,10.0,-110.0,0.5745746276779506,0.2066067181236963,1.1375080947748517,60.59320158392178,1,55.084728712656165,0.5745746276779506
2023,19,2023_19_PIT_BUF,spread,PIT,10.0,-110.0,0.6107182379155397,0.2825082996226334,-18.838960491273163,60.92370995619772,0,-60.92370995619772,0.6107182379155397
2023,19,2023_19_CLE_HOU,spread,HOU,2.5,-110.0,0.5458890148017261,0.1463669310836249,-1.1474506565839788,56.15792776264764,1,51.05266160240694,0.5458890148017261
2023,19,2023_19_CLE_HOU,spread,CLE,2.5,-110.0,0.5570077589170104,0.1697162937257218,3.8465686569784303,60.864483666074975,0,-60.864483666074975,0.5570077589170104
2023,19,2023_19_CLE_HOU,spread,HOU,-2.5,-110.0,0.5621534750805263,0.1805222976691052,6.147450656583979,33.28819249956285,1,30.26199318142077,0.5621534750805263
2023,20,2023_20_HOU_BAL,spread,BAL,10.0,-110.0,0.5745764132767115,0.2066104678810941,1.1383328696254935,60.68086872316705,1,55.164426111970045,0.5745764132767115
2023,20,2023_20_HOU_BAL,spread,HOU,10.0,-110.0,0.6107160422822773,0.2825036887927823,-18.83780059230705,61.01185527983888,0,-61.01185527983888,0.6107160422822773
2023,20,2023_20_KC_BUF,spread,BUF,2.5,-110.0,0.5458892515590112,0.1463674282739236,1.1475561417562954,56.23978093211311,0,-56.23978093211311,0.5458892515590112
2023,20,2023_20_KC_BUF,spread,KC,2.5,-110.0,0.5519385673669315,0.1590709914705561,-3.846283298448683,60.308345462567154,1,54.825768602333774,0.5519385673669315
2023,20,2023_20_GB_SF,spread,SF,-10.5,-110.0,0.5764985318174853,0.2106469168167192,-1.163908007101245,60.63730007418116,1,55.1248182492556,0.5764985318174853
2023,20,2023_20_GB_SF,spread,SF,-10.5,-110.0,0.618430549213298,0.2987041533479257,-22.13919668993472,60.968048983676695,1,55.42549907606972,0.5764985318174853
2023,20,2023_20_HOU_BAL,spread,BAL,10.0,-110.0,0.5745764132767115,0.2066104678810941,1.1383328696254935,61.30060197813311,1,55.727819980121005,0.5745764132767115
2023,20,2023_20_HOU_BAL,spread,HOU,10.0,-110.0,0.6107160422822773,0.2825036887927823,-18.83780059230705,61.63496889801383,0,-61.63496889801383,0.6107160422822773
2023,20,2023_20_HOU_BAL,spread,BAL,-10.0,-110.0,0.6150192439070079,0.2915404122047166,-21.138332869625494,24.872721388562997,1,22.61156489869363,0.6150192439070079
2023,21,2023_21_KC_BAL,spread,BAL,4.5,-110.0,0.5536281578459854,0.1626191314765693,1.1448951733924808,61.40082847401791,0,-61.40082847401791,0.5536281578459854
2023,21,2023_21_KC_BAL,spread,KC,4.5,-110.0,0.5684749939112786,0.1937974872136851,-7.844557950906125,61.03242350317381,1,55.484021366521645,0.5684749939112786
2023,21,2023_21_DET_SF,spread,SF,-7.5,-110.0,0.5651816232502743,0.1868814088255761,-1.161030038146052,61.365327631372935,1,55.786661483066304,0.5651816232502743
2023,21,2023_21_DET_SF,spread,SF,-7.5,-110.0,0.5969821002961339,0.2536624106218811,-16.143065796175698,61.70004760027133,1,56.09095236388303,0.5651816232502743
2023,21,2023_21_KC_BAL,spread,BAL,4.5,-110.0,0.5536281578459854,0.1626191314765693,1.1448951733924808,62.03659331445464,0,-62.03659331445464,0.5536281578459854
2023,21,2023_21_KC_BAL,spread,KC,4.5,-110.0,0.5684749939112786,0.1937974872136851,-7.844557950906125,61.664373754567904,1,56.05852159506173,0.5684749939112786
2023,21,2023_21_KC_BAL,spread,BAL,-4.5,-110.0,0.5734928240131599,0.2043349304276359,-10.14489517339248,62.00072488413827,0,-62.00072488413827,0.5734928240131599
2023,21,2023_21_KC_BAL,spread,BAL,-4.5,-110.0,0.5536517288322313,0.1626686305476858,-1.1554420490938746,61.62872053483345,0,-61.62872053483345,0.5734928240131599
2024,1,2024_01_CAR_NO,spread,CAR,3.5,-110.0,0.5615658199547795,0.179288221905037,-6.422924353045614,61.25894821162445,0,-61.25894821162445,0.5615658199547795
2024,1,2024_01_CAR_NO,spread,NO,3.5,-110.0,0.5485128278643123,0.1518769385150559,0.5728149342627828,60.89139452235471,1,55.355813202140645,0.5485128278643123
2024,1,2024_01_WAS_TB,spread,TB,4.0,-110.0,0.550449119633039,0.1559431512293819,0.5725624866737862,61.22352940156755,1,55.65775400142505,0.550449119633039
2024,1,2024_01_WAS_TB,spread,WAS,4.0,-110.0,0.5656842534518954,0.1879369322489804,-7.422586618907023,61.557475925576114,0,-61.557475925576114,0.5656842534518954
2024,1,2024_01_BAL_KC,spread,KC,-3.0,-110.0,0.5465841369185015,0.1478266875288532,-0.5772343463054721,58.528512503209626,1,53.20773863928147,0.5465841369185015
2024,1,2024_01_BAL_KC,spread,KC,-3.0,-110.0,0.559982807958814,0.1759638967135095,-6.573563850010915,61.50737750185834,1,55.915797728962126,0.5465841369185015
2024,1,2024_01_CAR_NO,spread,CAR,3.5,-110.0,0.5615658199547795,0.179288221905037,-6.422924353045614,61.84287228823211,0,-61.84287228823211,0.5615658199547795
2024,1,2024_01_CAR_NO,spread,NO,3.5,-110.0,0.5485128278643123,0.1518769385150559,0.5728149342627828,61.47181505450271,1,55.8834682313661,0.5485128278643123
2024,1,2024_01_DAL_CLE,spread,CLE,2.5,-110.0,0.5446357782668001,0.1437351343602803,0.573457341947702,23.288895468882657,0,-23.288895468882657,0.5446357782668001
2024,2,2024_02_BUF_MIA,spread,BUF,2.5,-110.0,0.5529409501941366,0.1611759954076869,-4.2785833264529565,61.66738249107762,1,56.06125681007056,0.5529409501941366
2024,2,2024_02_BUF_MIA,spread,MIA,2.5,-110.0,0.5449593210243083,0.1444145741510475,0.7175663236751553,55.077403068730526,0,-55.077403068730526,0.5449593210243083
2024,2,2024_02_CHI_HOU,spread,CHI,6.0,-110.0,0.5815343380264979,0.2212221098556456,-11.27637276372445,61.673285613525664,0,-61.673285613525664,0.5815343380264979
2024,2,2024_02_CHI_HOU,spread,HOU,6.0,-110.0,0.5584856613055451,0.1728198887416447,0.7146126749010904,61.30324589984451,0,-61.30324589984451,0.5584856613055451
2024,2,2024_02_CIN_KC,spread,CIN,6.5,-110.0,0.5854773054420431,0.2295023414282906,-12.275778786070925,60.935426424445446,1,55.39584220404132,0.5854773054420431
2024,2,2024_02_CIN_KC,spread,KC,6.5,-110.0,0.5604056786596217,0.1768519251852055,0.7144689297975484,61.26780147766969,0,-61.26780147766969,0.5604056786596217
2024,2,2024_02_NO_DAL,spread,DAL,6.5,-110.0,0.560405551556395,0.1768516582684296,0.7144116618108782,60.90019466880367,0,-60.90019466880367,0.560405551556395
2024,2,2024_02_NO_DAL,spread,NO,6.5,-110.0,0.585477425899382,0.2295025943887022,-12.275836054057592,60.53479350079085,1,55.031630455264406,0.585477425899382
2024,2,2024_02_SEA_NE,spread,NE,-3.5,-110.0,0.5488449649324647,0.1525744263581759,0.7209530134769855,27.08746477973124,1,24.624967981573853,0.5488449649324647
2024,3,2024_03_CAR_LV,spread,CAR,5.5,-110.0,0.5772378681186467,0.2121995230491582,-10.132841220399207,61.01273309141188,1,55.46612099219261,0.5772378681186467
2024,3,2024_03_CAR_LV,spread,LV,5.5,-110.0,0.5568790060124553,0.1694459126261562,0.8572266305470073,61.34552981736504,0,-61.34552981736504,0.5568790060124553
2024,3,2024_03_DEN_TB,spread,DEN,6.0,-110.0,0.5812277299466645,0.2205782328879955,-11.132334607247325,60.97745663846085,1,55.43405148950986,0.5812277299466645
2024,3,2024_03_DEN_TB,spread,TB,6.0,-110.0,0.5588020114650941,0.1734842240766977,0.8568479191033216,61.31006094739791,0,-61.31006094739791,0.5588020114650941
2024,3,2024_03_HOU_MIN,spread,MIN,-2.0,-110.0,0.5523115544049982,0.1598542642504963,4.861414658316472,60.94220058171352,1,55.40200052883047,0.5523115544049982
2024,3,2024_03_HOU_MIN,spread,MIN,-2.0,-110.0,0.5433493054183517,0.1410335413785386,0.8647634785010345,50.28628701911713,1,45.71480638101557,0.5523115544049982
2024,3,2024_03_KC_ATL,spread,ATL,-3.0,-110.0,0.5472312856875561,0.1491856999438677,0.8656583954058727,60.54651594549722,0,-60.54651594549722,0.5472312856875561
2024,3,2024_03_KC_ATL,spread,ATL,-3.0,-110.0,0.5606198162330853,0.1773016140894792,6.860538899068708,61.185622327499615,0,-61.185622327499615,0.5472312856875561
2024,3,2024_03_LAC_PIT,spread,LAC,3.0,-110.0,0.556784252563037,0.1692469303823777,-5.135831970304561,32.16985931153545,0,-32.16985931153545,0.556784252563037
2024,4,2024_04_BUF_BAL,spread,BAL,2.5,-110.0,0.5456029363378744,0.1457661663095362,1.0042719743994342,55.49192464402447,1,50.44720422184042,0.5456029363378744
2024,4,2024_04_BUF_BAL,spread,BUF,2.5,-110.0,0.5522962244288416,0.1598220713005674,-3.9903375357799225,60.928172662996445,0,-60.928172662996445,0.5522962244288416
2024,4,2024_04_CIN_CAR,spread,CAR,-4.5,-110.0,0.5533657061999222,0.1620679830198367,1.011661208293451,60.56260362701847,0,-60.56260362701847,0.5533657061999222
2024,4,2024_04_CIN_CAR,spread,CAR,-4.5,-110.0,0.5940097749092984,0.2474205273095266,10.002590081242484,60.19922800525636,0,-60.19922800525636,0.5533657061999222
2024,4,2024_04_DAL_NYG,spread,NYG,-5.5,-110.0,0.6021580069540606,0.2645318146035273,12.001247658290318,59.83803263722482,1,54.3982114883862,0.6021580069540606
2024,4,2024_04_DAL_NYG,spread,NYG,-5.5,-110.0,0.5572246943673845,0.1701718581715076,1.01238454273095,60.164421906155134,1,54.694929005595576,0.6021580069540606
2024,4,2024_04_DEN_NYJ,spread,DEN,7.5,-110.0,0.592627390842551,0.2445175207693571,-13.986644727669995,60.49259148018872,1,54.99326498198974,0.592627390842551
2024,4,2024_04_DEN_NYJ,spread,NYJ,7.5,-110.0,0.5648575219483802,0.1862007960915985,0.9979295507572292,60.82255107008065,0,-60.82255107008065,0.5648575219483802
2024,4,2024_04_KC_LAC,spread,LAC,-7.5,-110.0,0.6179918820088723,0.2977829522186319,15.9983504299502,25.271888397192853,1,22.97444399744805,0.6179918820088723
2024,5,2024_05_BAL_CIN,spread,CIN,-2.5,-110.0,0.5571148534615744,0.1699411922693062,6.148427385602068,60.59546242764485,0,-60.59546242764485,0.5571148534615744
2024,5,2024_05_BAL_CIN,spread,CIN,-2.5,-110.0,0.5459391749050956,0.1464722673007007,1.1540729479241942,55.98224951968392,0,-55.98224951968392,0.5571148534615744
2024,5,2024_05_CAR_CHI,spread,CAR,4.0,-110.0,0.5644119213062966,0.1852650347432228,-6.845539812361141,59.89599615596087,0,-59.89599615596087,0.5644119213062966
2024,5,2024_05_CAR_CHI,spread,CHI,4.0,-110.0,0.5517303020324671,0.1586336342681809,1.1447583988004784,59.5366201790251,1,54.124200162750085,0.5517303020324671
2024,5,2024_05_IND_JAX,spread,IND,3.5,-110.0,0.5602844627089754,0.1765973716888482,-5.845207248230336,59.86136538000161,1,54.41942307272873,0.5602844627089754
2024,5,2024_05_IND_JAX,spread,JAX,3.5,-110.0,0.5497982541419316,0.1545763336980564,1.146271326386456,60.18788191843797,0,-60.18788191843797,0.5497982541419316
2024,5,2024_05_NYG_SEA,spread,NYG,7.0,-110.0,0.5884710363409069,0.2357891763159045,-12.841578509679444,59.82675462692734,1,54.38795875175212,0.5884710363409069
2024,5,2024_05_NYG_SEA,spread,SEA,7.0,-110.0,0.5632664413363692,0.1828595268063753,1.1416374029160146,60.15308237943785,0,-60.15308237943785,0.5632664413363692
2024,5,2024_05_NYJ_MIN,spread,MIN,2.5,-110.0,0.5459231084359684,0.1464385277155335,1.146914683895404,24.149336729044755,1,21.953942480949777,0.5459231084359684
2024,6,2024_06_ATL_CAR,spread,CAR,-6.0,-110.0,0.6064878960864386,0.2736245817815211,13.143791028071735,59.92388754004692,0,-59.92388754004692,0.6064878960864386
2024,6,2024_06_ATL_CAR,spread,CAR,-6.0,-110.0,0.5594707638182156,0.1748886040182528,1.1576992541820346,59.564344214806646,0,-59.564344214806646,0.6064878960864386
2024,6,2024_06_BUF_NYJ,spread,NYJ,-1.0,-110.0,0.5445965343252662,0.1436527220830591,3.1486532001107728,51.690897789684186,0,-51.690897789684186,0.5445965343252662
2024,6,2024_06_BUF_NYJ,spread,NYJ,-1.0,-110.0,0.5401104333502662,0.1342319100355591,1.1510916910779765,40.32300791753278,0,-40.32300791753278,0.5445965343252662
2024,6,2024_06_CIN_NYG,spread,NYG,-4.5,-110.0,0.5943247390878578,0.2480819520845013,10.145633968515906,58.6548747152745,0,-58.6548747152745,0.5943247390878578
2024,6,2024_06_CIN_NYG,spread,NYG,-4.5,-110.0,0.5536883296358565,0.1627454922352986,1.1560009708598686,58.302945466982855,0,-58.302945466982855,0.5943247390878578
2024,6,2024_06_IND_TEN,spread,IND,2.5,-110.0,0.5519760878828044,0.1591497845538892,-3.8472598804250393,57.95312779418096,1,52.6846616310736,0.5519760878828044
2024,6,2024_06_IND_TEN,spread,TEN,2.5,-110.0,0.5459231084359684,0.1464385277155335,1.146914683895404,54.11875039975917,0,-54.11875039975917,0.5459231084359684
2024,6,2024_06_JAX_CHI,spread,CHI,-1.5,-110.0,0.5420538090113644,0.1383129989238651,1.1521464917031137,44.40056914728733,1,40.3641537702612,0.5420538090113644
2024,6,2024_06_JAX_CHI,spread,CHI,-1.5,-110.0,0.5487799692563318,0.1524379354382967,4.148861830917791,4.690439750293694,1,4.264036136630631,0.5420538090113644
2024,7,2024_07_BAL_TB,spread,TB,-4.5,-110.0,0.5943267566150805,0.2480861888916691,10.146550484917483,58.2122924010102,0,-58.2122924010102,0.5943267566150805
2024,7,2024_07_BAL_TB,spread,TB,-4.5,-110.0,0.5536903779366652,0.1627497936669969,1.156917487261448,57.863018646604125,0,-57.863018646604125,0.5943267566150805
2024,7,2024_07_CAR_WAS,spread,CAR,10.0,-110.0,0.6107509270156404,0.2825769467328448,-18.83651756079079,57.51584053472451,0,-57.51584053472451,0.6107509270156404
2024,7,2024_07_CAR_WAS,spread,WAS,10.0,-110.0,0.5746149440898943,0.2066913825887781,1.1396160187189803,57.17074549151616,1,51.97340499228741,0.5746149440898943
2024,7,2024_07_DET_MIN,spread,DET,1.0,-110.0,0.5394285267494244,0.1327999061737913,-0.8474534676327183,37.70846849702215,1,34.28042590638377,0.5394285267494244
2024,7,2024_07_DET_MIN,spread,MIN,1.0,-110.0,0.5401085728811634,0.1342280030504432,1.1502632921581126,39.49108458804794,0,-39.49108458804794,0.5401085728811634
2024,7,2024_07_NE_JAX,spread,JAX,6.5,-110.0,0.5613543012435466,0.1788440326114478,1.1421423050680524,57.451321969379904,1,52.228474517618096,0.5613543012435466
2024,7,2024_07_NE_JAX,spread,NE,6.5,-110.0,0.5845641597141551,0.2275847353997258,-11.8422540403215,57.76469281648561,0,-57.76469281648561,0.5845641597141551
2024,7,2024_07_NYJ_PIT,spread,PIT,-3.0,-110.0,0.561253585540035,0.1786325296340736,7.146285537571621,57.003267400028285,1,51.82115218184389,0.561253585540035
2024,8,2024_08_ATL_TB,spread,TB,-1.5,-110.0,0.548780996422254,0.1524400924867334,4.149319984443596,57.72903157267776,0,-57.72903157267776,0.548780996422254
2024,8,2024_08_ATL_TB,spread,TB,-1.5,-110.0,0.5420548380001893,0.1383151598003975,1.1526046452289191,43.97251374820727,0,-43.97251374820727,0.548780996422254
2024,8,2024_08_BAL_CLE,spread,CLE,-7.5,-110.0,0.6182887460599658,0.2984063667259281,16.14152174902531,57.11882230075244,1,51.926202091593126,0.6182887460599658
2024,8,2024_08_BAL_CLE,spread,CLE,-7.5,-110.0,0.5652133505580853,0.1869480361719792,1.1593062503359937,57.43037951330201,1,52.20943592118364,0.6182887460599658
2024,8,2024_08_CAR_DEN,spread,CAR,13.0,-110.0,0.6306545988404402,0.3243746575649244,-24.835274269700243,57.74363612882911,0,-57.74363612882911,0.6306545988404402
2024,8,2024_08_CAR_DEN,spread,DEN,13.0,-110.0,0.5856734018787659,0.2299141439454085,1.1341112852523343,57.39717431205614,1,52.17924937459649,0.5856734018787659
2024,8,2024_08_CHI_WAS,spread,CHI,1.5,-110.0,0.5436149203137101,0.1415913326587912,-1.847267755836976,48.00492395198192,0,-48.00492395198192,0.5436149203137101
2024,8,2024_08_CHI_WAS,spread,WAS,1.5,-110.0,0.5420465907459604,0.1382978405665168,1.1489325859048067,43.982940733375,1,39.98449157579545,0.5420465907459604
2024,8,2024_08_GB_JAX,spread,JAX,-3.5,-110.0,0.5653769918471745,0.1872916828790665,8.147351360546661,55.888824949893625,1,50.80802268172148,0.5653769918471745
2024,9,2024_09_CHI_ARI,spread,ARI,1.5,-110.0,0.5420457675719161,0.1382961119010239,1.1485660707901195,44.3981954914547,1,40.36199590132245,0.5420457675719161
2024,9,2024_09_CHI_ARI,spread,CHI,1.5,-110.0,0.5436164959255834,0.1415946414437251,-1.847969395067127,48.42377223502013,0,-48.42377223502013,0.5436164959255834
2024,9,2024_09_DEN_BAL,spread,BAL,9.0,-110.0,0.5708584501177851,0.1988027452473488,1.139984060167281,57.91860469213474,1,52.65327699284976,0.5708584501177851
2024,9,2024_09_DEN_BAL,spread,DEN,9.0,-110.0,0.6035656400231544,0.2674878440486242,-16.838510127410718,58.23452435409184,0,-58.23452435409184,0.6035656400231544
2024,9,2024_09_DET_GB,spread,GB,-2.5,-110.0,0.5571144447624031,0.1699403340010465,6.148243934225249,57.88511720796729,0,-57.88511720796729,0.5571144447624031
2024,9,2024_09_DET_GB,spread,GB,-2.5,-110.0,0.5459387631559603,0.1464714026275168,1.153889496547375,53.47725144769938,0,-53.47725144769938,0.5571144447624031
2024,9,2024_09_HOU_NYJ,spread,HOU,2.5,-110.0,0.5519747226897419,0.159146917648458,-3.846649807608685,57.216942996033296,0,-57.216942996033296,0.5519747226897419
2024,9,2024_09_HOU_NYJ,spread,NYJ,2.5,-110.0,0.5459237255499685,0.1464398236549339,1.1471896325962945,52.8240374870665,1,48.021852260969546,0.5459237255499685
2024,9,2024_09_JAX_PHI,spread,JAX,7.5,-110.0,0.5923268301737552,0.243886343364886,-13.84035327468492,50.14766518423362,1,45.58878653112147,0.5923268301737552
2024,10,2024_10_BUF_IND,spread,IND,-4.5,-110.0,0.5943249407905562,0.2480823756601681,10.145725597294575,57.43530517080964,0,-57.43530517080964,0.5943249407905562
2024,10,2024_10_BUF_IND,spread,IND,-4.5,-110.0,0.5536885344149971,0.1627459222714939,1.1560925996385398,57.09069333978479,0,-57.09069333978479,0.5943249407905562
2024,10,2024_10_DEN_KC,spread,DEN,7.5,-110.0,0.5923288375574314,0.2438905588706059,-13.8413297942964,56.74814917974607,1,51.58922652704188,0.5923288375574314
2024,10,2024_10_DEN_KC,spread,KC,7.5,-110.0,0.5651730860710525,0.1868634807492104,1.1410408096204314,57.05768453890832,0,-57.05768453890832,0.5651730860710525
2024,10,2024_10_DET_HOU,spread,HOU,-4.5,-110.0,0.5943252120642133,0.2480829453348479,10.14584883056679,56.71533843167487,1,51.55939857424988,0.5943252120642133
2024,10,2024_10_DET_HOU,spread,HOU,-4.5,-110.0,0.5536895588211186,0.162748073524349,1.1565509721467615,57.02469482312038,1,51.84063165738216,0.5943252120642133
2024,10,2024_10_MIA_LA,spread,LA,2.5,-110.0,0.5459261939446883,0.1464450072838455,1.1482894006005324,53.25917595016901,0,-53.25917595016901,0.5459261939446883
2024,10,2024_10_MIA_LA,spread,MIA,2.5,-110.0,0.5519730116027721,0.1591433243658214,-3.845885163719912,57.01618355736366,1,51.83289414305787,0.5519730116027721
2024,10,2024_10_NYJ_ARI,spread,ARI,-2.0,-110.0,0.5439964021925375,0.1423924446043288,1.152926342556041,23.1850145197308,1,21.077285927028,0.5439964021925375
2024,11,2024_11_BAL_PIT,spread,PIT,-3.0,-110.0,0.5612568361081556,0.1786393558271267,7.147751723505412,57.453644637784166,1,52.23058603434924,0.5612568361081556
2024,11,2024_11_BAL_PIT,spread,PIT,-3.0,-110.0,0.5478793852482423,0.1505467090213089,1.1545777186216306,57.76702815399026,1,52.51548013999114,0.5612568361081556
2024,11,2024_11_CIN_LAC,spread,CIN,1.0,-110.0,0.5394295560949933,0.132802067799486,-0.847911830508493,38.10427344244903,0,-38.10427344244903,0.5394295560949933
2024,11,2024_11_CIN_LAC,spread,LAC,1.0,-110.0,0.5401075434618281,0.134225841269839,1.1498049292823378,39.60169100532823,1,36.00153727757112,0.5401075434618281
2024,11,2024_11_KC_BUF,spread,BUF,2.5,-110.0,0.5459249594843124,0.1464424149170561,1.147739399313639,53.93776054979343,1,49.03432777253949,0.5459249594843124
2024,11,2024_11_KC_BUF,spread,KC,2.5,-110.0,0.5519734924458031,0.1591443341361864,-3.84610004089134,58.36371058447617,0,-58.36371058447617,0.5519734924458031
2024,11,2024_11_LA_NE,spread,NE,-4.0,-110.0,0.590207780019608,0.2394363380411769,9.145576193604162,58.01352832096932,0,-58.01352832096932,0.590207780019608
2024,11,2024_11_LA_NE,spread,NE,-4.0,-110.0,0.5517526934332107,0.1586806562097423,1.154762984969648,57.66544715104351,0,-57.66544715104351,0.590207780019608
2024,11,2024_11_LV_MIA,spread,LV,8.0,-110.0,0.5961322377217197,0.2518776992156115,-14.840562697240546,57.31945446813725,0,-57.31945446813725,0.5961322377217197
2024,11,2024_11_LV_MIA,spread,MIA,8.0,-110.0,0.5670743969251307,0.1908562335427746,1.1406274738821909,3.6422668602967967,1,3.311151691178906,0.5670743969251307
2024,12,2024_12_ARI_SEA,spread,SEA,-1.0,-110.0,0.544599138423955,0.1436581906903056,3.149813039644472,49.76632489490488,1,45.242113540822615,0.544599138423955
2024,12,2024_12_ARI_SEA,spread,SEA,-1.0,-110.0,0.5401122855470211,0.1342357996487443,1.151916406496211,39.21153308312471,1,35.646848257386104,0.544599138423955
2024,12,2024_12_BAL_LAC,spread,LAC,-3.0,-110.0,0.5612573124732912,0.1786403561939117,7.147966591044393,57.48073842226475,0,-57.48073842226475,0.5612573124732912
2024,12,2024_12_BAL_LAC,spread,LAC,-3.0,-110.0,0.5478806188169468,0.1505492995155883,1.155127710276077,57.13585399173117,0,-57.13585399173117,0.5612573124732912
2024,12,2024_12_DEN_LV,spread,LV,-6.5,-110.0,0.6104656978497729,0.2819779654845231,14.142474403660415,56.79303886778078,0,-56.79303886778078,0.6104656978497729
2024,12,2024_12_DEN_LV,spread,LV,-6.5,-110.0,0.561388483822334,0.1789158160269014,1.1575629001469103,56.452280634574095,0,-56.452280634574095,0.6104656978497729
2024,12,2024_12_NE_MIA,spread,MIA,7.5,-110.0,0.5651745000120336,0.1868664500252707,1.1416822051164477,56.113566950766646,1,51.01233359160604,0.5651745000120336
2024,12,2024_12_NE_MIA,spread,NE,7.5,-110.0,0.5923268301737552,0.243886343364886,-13.84035327468492,56.419640952316286,0,-56.419640952316286,0.5923268301737552
2024,12,2024_12_PHI_LA,spread,LA,-3.0,-110.0,0.5478797967653175,0.1505475732071668,1.15476119516139,43.488304686030745,0,-43.488304686030745,0.5478797967653175
2024,13,2024_13_CHI_DET,spread,CHI,9.5,-110.0,0.607191024820646,0.2751011521233567,-17.837743020722417,55.820193278486215,1,50.74563025316928,0.607191024820646
2024,13,2024_13_CHI_DET,spread,DET,9.5,-110.0,0.5727399304343427,0.2027538539121196,1.139570734061488,56.12466706000523,0,-56.12466706000523,0.5727399304343427
2024,13,2024_13_LV_KC,spread,KC,13.5,-110.0,0.5874842803964488,0.2337169888325426,1.1337895553027604,55.787919057645205,0,-55.787919057645205,0.5874842803964488
2024,13,2024_13_LV_KC,spread,LV,13.5,-110.0,0.6337122169939411,0.3307956556872763,-25.83408037624318,55.453191543299326,1,50.41199231209029,0.6337122169939411
2024,13,2024_13_MIA_GB,spread,GB,3.5,-110.0,0.5497992807669093,0.1545784896105095,1.1467294799122616,55.755663497171874,1,50.6869668156108,0.5497992807669093
2024,13,2024_13_MIA_GB,spread,MIA,3.5,-110.0,0.5602834457067702,0.1765952359842175,-5.844749094704531,56.059785298065535,0,-56.059785298065535,0.5602834457067702
2024,13,2024_13_NYG_DAL,spread,DAL,4.5,-110.0,0.5536614610850162,0.1626890682785341,1.143978722900263,55.723426586277135,1,50.657660532979214,0.5536614610850162
2024,13,2024_13_NYG_DAL,spread,NYG,4.5,-110.0,0.5685118659503668,0.1938749184957704,-7.845139277282879,56.02737254947501,0,-56.02737254947501,0.5685118659503668
2024,13,2024_13_CHI_DET,spread,CHI,9.5,-110.0,0.607191024820646,0.2751011521233567,-17.837743020722417,18.56373610472613,1,16.876123731569212,0.607191024820646
2024,14,2024_14_BUF_LA,spread,LA,-3.5,-110.0,0.565377193775341,0.1872921069282161,8.147442989325333,55.79246505656757,1,50.72042277869779,0.565377193775341
2024,14,2024_14_BUF_LA,spread,LA,-3.5,-110.0,0.5498188201881152,0.154619522395042,1.1554494172356455,56.09678759323975,1,50.997079630217954,0.565377193775341
2024,14,2024_14_CLE_PIT,spread,CLE,6.0,-110.0,0.5806110348515183,0.2192831731881885,-10.842989684013254,56.40277007102107,0,-56.40277007102107,0.5806110348515183
2024,14,2024_14_CLE_PIT,spread,PIT,6.0,-110.0,0.5594379285719497,0.1748196500010944,1.142922141903071,56.064353450594936,1,50.9675940459954,0.5594379285719497
2024,14,2024_14_GB_DET,spread,DET,3.0,-110.0,0.5478653817206965,0.1505173016134627,1.1483342087556512,56.37015901487091,0,-56.37015901487091,0.5478653817206965
2024,14,2024_14_GB_DET,spread,GB,3.0,-110.0,0.5561343922399598,0.1678822237039154,-4.844324798655235,56.03193806078168,0,-56.03193806078168,0.5561343922399598
2024,14,2024_14_LAC_KC,spread,KC,5.0,-110.0,0.5555918687618071,0.166742924399795,1.1442069572729103,55.695746432417,0,-55.695746432417,0.5555918687618071
2024,14,2024_14_LAC_KC,spread,LAC,5.0,-110.0,0.5725800596862196,0.2024181253410611,-8.844065734231602,55.36157195382249,1,50.328701776202266,0.5725800596862196
2024,14,2024_14_LV_TB,spread,LV,7.0,-110.0,0.5884700164448116,0.2357870345341043,-12.841088971109102,18.55451472149332,0,-18.55451472149332,0.5884700164448116
2024,15,2024_15_CHI_MIN,spread,CHI,7.0,-110.0,0.5884713527363371,0.2357898407463079,-12.841730376237564,55.552217076150754,0,-55.552217076150754,0.5884713527363371
2024,15,2024_15_CHI_MIN,spread,MIN,7.0,-110.0,0.5632668464938948,0.1828603776371791,1.1418206604733587,55.21890377369385,1,50.199003430630775,0.5632668464938948
2024,15,2024_15_GB_SEA,spread,SEA,-3.0,-110.0,0.5612560931314665,0.1786377955760797,7.147416599389946,55.52009779427764,0,-55.52009779427764,0.5612560931314665
2024,15,2024_15_GB_SEA,spread,SEA,-3.0,-110.0,0.5478793852482423,0.1505467090213089,1.1545777186216306,55.18697720751198,0,-55.18697720751198,0.5612560931314665
2024,15,2024_15_IND_DEN,spread,DEN,4.5,-110.0,0.5536633045129526,0.1626929394772006,1.1448035505684944,54.85585534426691,1,49.868959403879,0.5536633045129526
2024,15,2024_15_IND_DEN,spread,IND,4.5,-110.0,0.5685107925136671,0.1938726642787009,-7.844649573730112,55.15506910069018,0,-55.15506910069018,0.5685107925136671
2024,15,2024_15_ATL_LV,spread,LV,-6.5,-110.0,0.6104661537996625,0.2819789229792913,14.142689093506627,54.82413868608604,1,49.84012607826004,0.6104661537996625
2024,15,2024_15_ATL_LV,spread,LV,-6.5,-110.0,0.5613897025908524,0.1789183754407901,1.1581127292291296,55.1231794425556,1,50.111981311414176,0.6104661537996625
2024,15,2024_15_BAL_NYG,spread,NYG,-16.5,-110.0,0.7425166757354362,0.5592850190444162,34.131164469045785,18.47461711014144,0,-18.47461711014144,0.7425166757354362
2024,16,2024_16_ARI_CAR,spread,CAR,-5.5,-110.0,0.6024688594327006,0.2651846048086712,12.144649562793212,55.31300362776323,1,50.28454875251202,0.6024688594327006
2024,16,2024_16_ARI_CAR,spread,CAR,-5.5,-110.0,0.5575476227100323,0.1708500076910679,1.1573774307253624,55.61471092027831,1,50.55882810934392,0.6024688594327006
2024,16,2024_16_DEN_LAC,spread,DEN,3.0,-110.0,0.5561390925575802,0.1678920943709184,-4.846432545589737,55.91806388893437,0,-55.91806388893437,0.5561390925575802
2024,16,2024_16_DEN_LAC,spread,LAC,3.0,-110.0,0.5478606542500741,0.1505073739251556,1.1462264618211488,55.582555505600766,1,50.52959591418252,0.5478606542500741
2024,16,2024_16_DET_CHI,spread,CHI,-7.0,-110.0,0.563305399430815,0.1829413388047116,1.1592591048291905,55.88573308108586,0,-55.88573308108586,0.563305399430815
2024,16,2024_16_DET_CHI,spread,CHI,-7.0,-110.0,0.6144032295334692,0.2902467820202853,15.142990175548604,55.55041868259934,0,-55.55041868259934,0.563305399430815
2024,16,2024_16_HOU_KC,spread,HOU,3.5,-110.0,0.5602854796752887,0.1765995073181063,-5.84566538616901,55.21711617050374,0,-55.21711617050374,0.5602854796752887
2024,16,2024_16_HOU_KC,spread,KC,3.5,-110.0,0.549797227551301,0.1545741778577322,1.1458131884477831,54.88581347348072,1,49.896194066800646,0.549797227551301
2024,16,2024_16_MIN_SEA,spread,SEA,-2.5,-110.0,0.5571126075488912,0.1699364758526717,6.147419271539442,18.39506354596059,0,-18.39506354596059,0.5571126075488912
2024,17,2024_17_ARI_LA,spread,ARI,6.5,-110.0,0.5845625472213032,0.2275813491647367,-11.841489553050266,55.07482025660576,1,50.06801841509615,0.5845625472213032
2024,17,2024_17_ARI_LA,spread,LA,6.5,-110.0,0.5613567387851273,0.1788491514487673,1.1432419164547492,55.37522836709634,0,-55.37522836709634,0.5613567387851273
2024,17,2024_17_ATL_WAS,spread,ATL,3.5,-110.0,0.5602838525206365,0.1765960902933366,-5.844932361894321,55.04297699689376,0,-55.04297699689376,0.5602838525206365
2024,17,2024_17_ATL_WAS,spread,WAS,3.5,-110.0,0.5497988701040374,0.1545776272184785,1.1465462127224717,54.7127191349124,1,49.738835577193086,0.5497988701040374
2024,17,2024_17_BAL_HOU,spread,HOU,-5.5,-110.0,0.6024686608563171,0.265184187798266,12.144557924382092,55.01115214837555,0,-55.01115214837555,0.6024686608563171
2024,17,2024_17_BAL_HOU,spread,HOU,-5.5,-110.0,0.5575474186476685,0.170849579160104,1.1572857923142434,54.6810852354853,0,-54.6810852354853,0.6024686608563171
2024,17,2024_17_CAR_TB,spread,CAR,9.5,-110.0,0.607191024820646,0.2751011521233567,-17.837743020722417,54.35299872407239,0,-54.35299872407239,0.607191024820646
2024,17,2024_17_CAR_TB,spread,TB,9.5,-110.0,0.5727399304343427,0.2027538539121196,1.139570734061488,54.02688073172796,1,49.11534611975269,0.5727399304343427
2024,17,2024_17_DET_SF,spread,SF,-4.0,-110.0,0.5902102854925546,0.2394415995343647,9.146707352607622,18.1071909361489,0,-18.1071909361489,0.5902102854925546
2024,18,2024_18_CAR_ATL,spread,ATL,7.5,-110.0,0.5651755106850151,0.1868685724385318,1.1421406700389485,54.21292966282957,0,-54.21292966282957,0.5651755106850151
2024,18,2024_18_CAR_ATL,spread,CAR,7.5,-110.0,0.5923265768687387,0.2438858114243512,-13.840230051455102,53.88765208485259,1,48.98877462259326,0.5923265768687387
2024,18,2024_18_CHI_GB,spread,CHI,10.0,-110.0,0.6107542233099688,0.2825838689509344,-18.83825879261061,54.18158473258816,1,49.255986120534686,0.6107542233099688
2024,18,2024_18_CHI_GB,spread,GB,10.0,-110.0,0.5746111740600373,0.2066834655260783,1.1378746693219457,54.47712064931137,0,-54.47712064931137,0.5746111740600373
2024,18,2024_18_JAX_IND,spread,IND,3.5,-110.0,0.5497984594626568,0.1545767648715793,1.1463629551651282,54.1502579254155,0,-54.1502579254155,0.5497984594626568
2024,18,2024_18_JAX_IND,spread,JAX,3.5,-110.0,0.5602842593129141,0.1765969445571197,-5.845115619451665,53.82535637786301,1,48.93214216169364,0.5602842593129141
2024,18,2024_18_KC_DEN,spread,DEN,10.5,-110.0,0.5764765424749336,0.2106007391973606,1.1370942953749044,54.11894923083317,1,49.19904475530288,0.5764765424749336
2024,18,2024_18_KC_DEN,spread,KC,10.5,-110.0,0.6142493843904163,0.2899237072198743,-19.83819346719279,54.41414349936499,0,-54.41414349936499,0.6142493843904163
2024,18,2024_18_LAC_LV,spread,LV,-7.0,-110.0,0.6144006027092679,0.2902412656894626,15.141738744848118,18.02921954612301,0,-18.02921954612301,0.6144006027092679
2024,19,2024_19_GB_PHI,spread,GB,5.5,-110.0,0.5766132685379042,0.2108878639295988,-9.842780261457628,53.97948332109206,0,-53.97948332109206,0.5766132685379042
2024,19,2024_19_GB_PHI,spread,PHI,5.5,-110.0,0.5575177815927612,0.1707873413447985,1.143976873137328,53.6556064211655,1,48.777824019241365,0.5575177815927612
2024,19,2024_19_PIT_BAL,spread,BAL,9.5,-110.0,0.5727387352737978,0.2027513440749754,1.1390209517570096,53.94827336528096,1,49.043884877528136,0.5727387352737978
2024,19,2024_19_PIT_BAL,spread,PIT,9.5,-110.0,0.6071920850120563,0.2751033785253184,-17.838292803026896,54.24253667454612,0,-54.24253667454612,0.6071920850120563
2024,19,2024_19_DEN_BUF,spread,BUF,7.5,-110.0,0.5651755106850151,0.1868685724385318,1.1421406700389485,53.91708145449885,1,49.01552859499896,0.5651755106850151
2024,19,2024_19_DEN_BUF,spread,DEN,7.5,-110.0,0.5923258879664504,0.2438843647295457,-13.839894927339635,54.21117462606884,0,-54.21117462606884,0.5923258879664504
2024,19,2024_19_DEN_BUF,spread,BUF,-7.5,-110.0,0.5970168234132939,0.2537353291679172,-16.14214067003895,53.88590757831243,1,48.98718870755675,0.5970168234132939
2024,19,2024_19_DEN_BUF,spread,BUF,-7.5,-110.0,0.5652151114299212,0.1869517340028346,-1.1601050726603637,54.179830710557766,1,49.254391555052514,0.5970168234132939
2024,19,2024_19_GB_PHI,spread,PHI,-5.5,-110.0,0.5575472715576962,0.1708492702711621,-1.1572197385423726,18.158452353296106,1,16.507683957541914,0.5575472715576962
2024,20,2024_20_LA_PHI,spread,LA,7.0,-110.0,0.5884706545457209,0.2357883745460139,-12.8413952521221,54.57440316363333,1,49.61309378512121,0.5884706545457209
2024,20,2024_20_LA_PHI,spread,PHI,7.0,-110.0,0.5632668464938948,0.1828603776371791,1.1418206604733587,54.87208172634406,0,-54.87208172634406,0.5632668464938948
2024,20,2024_20_BAL_BUF,spread,BUF,-1.5,-110.0,0.5487828457717063,0.1524439761205833,4.150144862434058,54.54284923598599,1,49.584408396350895,0.5487828457717063
2024,20,2024_20_BAL_BUF,spread,BUF,-1.5,-110.0,0.542056690632839,0.1383190503289619,1.1534295232193807,42.02860699207918,1,38.2078245382538,0.5487828457717063
2024,20,2024_20_HOU_KC,spread,KC,-9.5,-110.0,0.572787382927398,0.2028535041475357,-1.1614003404400322,55.069602633593625,1,50.06327512144875,0.572787382927398
2024,20,2024_20_HOU_KC,spread,KC,-9.5,-110.0,0.6115781988365869,0.2843142175568326,-20.138714255875,55.36998228432232,1,50.33634753120211,0.572787382927398
2024,20,2024_20_HOU_KC,spread,HOU,9.5,-110.0,0.6071926767468447,0.275104621168374,-17.838599659559968,55.67200036950953,1,50.61090942682685,0.6071926767468447
2024,20,2024_20_HOU_KC,spread,KC,9.5,-110.0,0.5727380685525586,0.2027499439603731,1.138714255874998,55.97566582607049,0,-55.97566582607049,0.5727380685525586
2024,20,2024_20_LA_PHI,spread,PHI,-7.0,-110.0,0.563303952816572,0.1829383009148012,-1.1586047478778996,31.54512077781021,1,28.67738252528201,0.563303952816572
2024,21,2024_21_BUF_KC,spread,KC,-1.5,-110.0,0.542056445787787,0.1383185361543527,-1.153320506841141,42.77258786373139,1,38.88417078521035,0.542056445787787
2024,21,2024_21_BUF_KC,spread,KC,-1.5,-110.0,0.5487814467532315,0.1524410381817861,-4.149520848582923,56.04518115097702,1,50.95016468270638,0.542056445787787
2024,21,2024_21_WAS_PHI,spread,PHI,6.0,-110.0,0.5594393538012559,0.1748226429826374,1.1435635373990882,56.35088213907326,1,51.228074671884784,0.5594393538012559
2024,21,2024_21_WAS_PHI,spread,WAS,6.0,-110.0,0.5806096666669708,0.2192803000006387,-10.84234828851724,56.65825058710457,0,-56.65825058710457,0.5806096666669708
2024,21,2024_21_WAS_PHI,spread,PHI,-6.0,-110.0,0.5854847930799078,0.2295180654678063,-13.14356353739909,56.318301083581936,1,51.19845553052903,0.5854847930799078
2024,21,2024_21_WAS_PHI,spread,PHI,-6.0,-110.0,0.5594706581787829,0.1748883821754442,-1.1576517114827611,56.62549181676512,1,51.47771983342283,0.5854847930799078
